blood_group,user_id,company,registration,address,ssn,username,name,mail,station_ID,longitude,latitude
B-,1384,Wulf Heinz AG,2024-06-13,"Zänkerweg 6-2, 75317 Pößneck",079-86-6480,ilias32,Herr Pirmin Stadelmann B.A.,bruno18@gmx.de,289,-9.5081185,-108.465353
O+,1398,Borges Moreira Ltda.,2024-10-11,"Fazenda Brenda Vieira, 51, Piratininga, 99724-022 Novais das Pedras / SP",84926073196,pedro-miguelvargas,Sr. Matheus Cirino,ana-beatrizpacheco@hotmail.com,326,38.5020005,151.185055
B-,163,高橋建設有限会社,2022-10-19,島根県豊島区上高野24丁目16番6号,127-45-0018,skobayashi,中村 真綾,vmaeda@yahoo.com,594,87.3250985,-83.533367
B+,112,Yang-Gray,2019-01-19,"93041 Wright Turnpike, Lake Loritown, RI 96307",765-77-3956,kochmario,Collin Wright,reaton@yahoo.com,738,-45.2256685,147.973684
A+,92,Johnson Ltd,2019-11-10,"0089 William Run, West Adam, TX 90462",457-20-6978,paul10,Kristina Murray,cameron61@hotmail.com,628,7.750758,71.027557
B+,917,Santos S/A,2019-05-17,"Alameda Moreira, Pindorama, 49244255 Sampaio do Sul / MA",02187365921,uazevedo,Elisa Rocha,danilo80@yahoo.com.br,17,,
B+,108,株式会社山本建設,2019-02-20,山形県川崎市多摩区猿楽町5丁目1番15号 渡辺クレスト497,609-01-3456,ffujiwara,斎藤 春香,ctakahashi@hotmail.com,474,84.336951,-9.103635
A-,704,有限会社高橋印刷,2022-10-04,広島県小金井市上吉羽10丁目21番4号 中鉢石町クレスト773,173-85-6984,gkondo,小林 陽一,nanamikato@hotmail.com,160,-87.144552,147.754453
AB-,2151,株式会社前田情報,2018-12-09,福島県横浜市瀬谷区丹勢2丁目2番3号 柿木沢パレス328,388-36-4251,esuzuki,佐々木 七夏,mituruendo@yahoo.com,276,59.933648,126.976228
B+,1754,Gröttner Trapp GmbH & Co. OHG,2019-09-08,"Ehlertgasse 4/5, 41485 Lobenstein",373-80-1277,vollbrechtheidrun,Erika Steinberg,rfranke@aol.de,597,60.3240145,139.648419
AB+,1082,石井電気有限会社,2022-12-28,山梨県府中市横林22丁目16番9号,608-19-9428,tsuzuki,高橋 淳,jkato@gmail.com,667,72.657279,96.086679
AB-,1617,Smith and Sons,2023-08-08,"5028 Katherine Brooks, Andersonshire, LA 77589",850-25-8421,jesus17,Brenda Edwards,mendozadakota@hotmail.com,308,8.915304,-71.944078
A-,2040,Priuli SPA,2019-10-15,"Piazza Morucci, 78 Piano 3, 25059, Vezza D'Oglio (BS)",GCMMRN60M67B084N,biancabotticelli,Sergius Bixio,sgramsci@virgilio.it,54,-56.335925,62.215399
AB+,1763,Weimer,2022-07-13,"Hildegund-Junck-Gasse 3636, 04730 Saulgau",544-20-0487,rico25,Martha Ditschlerin,neckbauer@web.de,566,-66.014282,-132.128129
B-,7,後藤情報株式会社,2025-09-14,,645-56-6452,momokosato,佐藤 晃,yamamotokaori@yahoo.com,413,-0.2330095,159.476336
AB-,2076,Moccia-Barzini Group,2021-09-28,"Strada Aurora, 47, 89135, Diminniti (RC)",NGRDNL06B14I054E,alessandrorosiello,Chiara Fagotto,yvalmarana@gmail.com,369,-88.8125425,90.316545
AB-,1782,株式会社中村鉱業,2019-06-08,広島県君津市東和町4丁目12番18号 シャルム白金台308,661-80-5458,yamamotonaoko,山本 拓真,byoshida@gmail.com,519,-28.2083085,-18.729925
B-,566,"Russell, Miller and Perry",2022-11-17,,793-67-6622,rkoch,Diana Hayes,pricesarah@gmail.com,464,-7.674239,106.107961
A+,2130,Murray-Dean,2020-04-16,"805 Maria Courts Suite 950, Lake Lindsayberg, WA 56172",378-17-7769,jtaylor,Jessica Anderson,jonathan78@yahoo.com,20,-21.0923405,7.369412
A-,1799,Rohleder AG,2022-08-18,"Holtring 7/1, 39062 Lippstadt",567-88-2877,biencamilla,Dipl.-Ing. Manuela Dussen van,nickpechel@gmx.de,227,,
AB+,144,Davids,2019-10-15,,459-58-1114,cstadelmann,Zeynep Gotthard,steinbergingolf@yahoo.de,139,-50.8308235,-125.055954
O+,1723,Rios-Christensen,2024-05-19,,143-74-8871,joseph82,Lorraine Davis,brownpeter@gmail.com,230,88.5739595,178.105133
A+,1772,Hering Süßebier KG,2018-09-26,"Riza-Trapp-Allee 82, 78458 Heiligenstadt",553-19-7996,bernfriedhaering,Melanie Wesack-Fischer,okarge@gmail.com,525,55.121393,-36.773937
A+,101,Binner Caspar e.G.,2022-06-21,"Burkhard-Hartmann-Weg 1-8, 89119 Bad Mergentheim",671-64-6360,margit60,Aldo Henck B.Sc.,cindystiebitz@yahoo.de,325,-25.4230725,-33.493053
AB+,1475,"Proietti, Agostinelli e Paruta s.r.l.",2024-10-18,"Via Raffaella, 9 Appartamento 28, 21025, Comerio (VA)",MRNRCR34C58H434G,claudioguicciardini,Dott. Pier Bongiorno,bpalombi@tin.it,650,-66.8627555,166.022378
O+,1573,Vogt Rogner AG & Co. KGaA,2023-07-20,"Gorlitzstraße 3/5, 68508 Naila",153-82-7281,egon44,Yvette Bachmann-Oderwald,bennoruppert@yahoo.de,186,60.843078,-123.093879
A-,2020,吉田食品合同会社,2024-10-10,和歌山県大島町北上野6丁目11番8号 コート鍛冶ケ沢710,064-31-2320,tomoya94,小林 真綾,moritomoya@yahoo.com,124,35.157982,-105.932633
AB+,186,Borges Garcia Ltda.,2024-04-28,"Aeroporto Ravi Pereira, 2, Alpes, 13275756 Machado / PB",98712604313,theo23,Marcela Silva,aragaocarlos-eduardo@bol.com.br,66,65.773185,141.001486
B-,275,Albuquerque - ME,2024-09-30,"Condomínio de Almeida, 775, Vila Novo São Lucas, 96090636 Ramos Alegre / PA",30589621777,theo99,Sr. Cauã Sá,tmontenegro@gmail.com,46,40.8285415,-148.664509
A-,1173,有限会社高橋ガス,2021-08-09,和歌山県横浜市港北区今戸29丁目26番1号,175-29-1089,naoko89,鈴木 洋介,haruka34@hotmail.com,548,-81.8882545,14.949614
B-,886,Wilms Ehlert AG,2018-09-25,"Beierallee 41/76, 17805 Amberg",921-07-1184,rjunk,Agnes Stahr,bodo33@aol.de,683,-31.5416815,30.351485
B+,1704,Schönland,2024-08-28,"Laura-Löwer-Ring 97-30, 43156 Husum",639-62-0135,rohtgeza,Dipl.-Ing. Rosi Löchel MBA.,gretchenradisch@hotmail.de,679,8.591075,100.985159
B-,1048,Walker Ltd,2025-08-13,"33391 Leonard Heights Suite 099, West Jennifer, WV 19813",001-45-9405,clarkjohn,Michelle Collins,nbryant@yahoo.com,561,16.2495885,-74.618971
A+,366,Farrell-Phillips,2023-10-01,"048 George Islands Suite 974, Mariabury, FL 83819",301-42-7702,brucealexander,Miss Sue Potter,darinharris@gmail.com,638,-25.020361,-174.383495
O-,690,有限会社山田通信,2020-09-28,埼玉県川崎市多摩区京橋9丁目13番1号 シティ土呂部547,893-02-8194,hashimotosayuri,井上 康弘,hiroshi32@hotmail.com,327,-50.895679,-25.695968
A-,1744,Gabrieli s.r.l.,2020-05-11,"Stretto Federici, 1 Appartamento 7, 84035, Polla (SA)",TLDMRA25H02D296M,gversace,Sole Bignami,ornellabuscetta@fastwebnet.it,605,11.9914275,13.769466
B-,2020,"Farnese, Cagnin e Adinolfi s.r.l.",2023-07-12,"Stretto Leone, 25, 26861, Retegno (LO)",CLLFBZ77R23B157K,tmodiano,Jolanda Florio,fuselivalerio@hotmail.com,19,-22.6852855,-17.72329
O-,1532,Toscanini s.r.l.,2021-11-27,"Via Fausto, 16, 03047, San Giorgio A Liri (FR)",TSSMNC06L04A053H,xgiannuzzi,Aldo Sorrentino-Giovine,oboezio@live.com,21,73.5014715,-83.781886
AB-,91,Fogaça,2023-08-07,"Travessa de Souza, 82, Lindéia, 95760-866 Jesus das Flores / TO",37421809597,tfogaca,Aurora Pastor,isabellabarbosa@yahoo.com.br,126,16.4794095,157.787367
A-,520,Woods Inc,2020-12-27,"53249 Turner Bypass, Smithberg, CO 82188",458-58-9569,ryan23,Jennifer Welch,dstokes@hotmail.com,76,21.11757,-145.956206
A-,1659,Rocha Lima e Filhos,2020-02-25,"Núcleo Bella Farias, Vila De Sá, 25012-410 Montenegro / SE",42857063938,walbuquerque,Rael Pires,psantos@ig.com.br,671,26.2399735,-133.917378
A+,393,Lima,2019-09-21,"Alameda de Fonseca, Santa Cecilia, 02571-742 Dias Grande / MA",23789105686,joao-gabrielfonseca,Elisa da Conceição,ynascimento@ig.com.br,360,-0.406609,-2.607556
AB-,593,Sorgatz GmbH & Co. KG,2023-06-10,"Nadeschda-Kranz-Platz 8-6, 68566 Bergzabern",891-98-3186,binnerbogdan,Dr. Kenneth Junk,zmetz@gmx.de,90,-35.5020795,64.082072
AB+,359,Jockel AG & Co. KG,2019-12-26,,427-46-9010,nada64,Branko Kramer,kruschwitzrico@aol.de,282,-43.722983,-14.949733
O-,1415,"Williams, Torres and Davis",2019-01-27,"0865 Michael Wall Apt. 301, South William, OH 98602",012-98-7541,williamsbrianna,Michael Suarez,christopher33@yahoo.com,178,68.3774815,136.078034
B+,1544,Borroni e figli,2022-03-21,"Rotonda Orlando, 3, 86077, Pozzilli (IS)",TRRGSN83R43G208L,francoantonioni,Corrado Visconti,rosinacavalcanti@tele2.it,102,-27.14703,-164.418776
O-,1243,太田情報有限会社,2024-02-19,,265-32-6458,rikafujiwara,松田 直人,yasuhiroabe@hotmail.com,538,64.3185595,7.839302
A-,70,Schüler Matthäi OHG mbH,2022-07-14,,153-93-8764,roehrdanzhorst-dieter,Pedro Döring,silvana27@yahoo.de,411,-83.850304,-94.395786
O+,404,株式会社西村農林,2024-02-15,,126-19-0226,hidekiokamoto,村上 康弘,qtakahashi@hotmail.com,122,-7.987934,144.499197
O+,2101,Santos,2023-09-20,"Distrito Alves, 8, Aparecida 7ª Seção, 98520-250 Santos / PI",32485176035,joao-gabrielsampaio,Thales Rodrigues,castrobeatriz@uol.com.br,35,-4.7560055,28.974123
O+,1337,吉田鉱業有限会社,2020-04-23,東京都長生郡長柄町戸島33丁目26番19号 筑土八幡町シティ855,261-86-2969,sasakiyosuke,林 舞,yasuhiro17@yahoo.com,650,-6.624855,96.163313
B+,1250,Novaes Leão S/A,2022-08-05,,69835721491,rfreitas,Eloá Guerra,teixeiraelisa@bol.com.br,220,-78.704824,129.735919
O+,2003,Römer,2020-01-24,,906-58-9062,toni41,Emma Loos,jscheel@yahoo.de,412,-41.352814,-119.306146
AB-,1,Moraes,2025-01-19,"Avenida Gomes, 31, Fernão Dias, 48594-331 Cavalcanti Grande / DF",60241795370,cporto,Enzo Gabriel Guerra,aurora37@ig.com.br,281,65.9171045,129.233853
A-,706,三浦銀行合同会社,2020-12-27,埼玉県山武市虎ノ門虎ノ門ヒルズ森タワー16丁目2番20号,359-96-7680,snakamura,伊藤 陽子,yoichiyoshida@yahoo.com,509,73.346095,-59.933565
AB+,1081,Spencer Ltd,2022-08-20,"018 Michele Plain, Jacksonville, LA 24063",143-53-4467,brendathornton,Timothy Reed,powens@yahoo.com,172,-65.111368,-156.5511
B+,664,Fiebig Wilmsen AG,2019-06-05,"Röhrichtstraße 4429, 62807 Dachau",549-19-2875,schmidtketomasz,Alexej Scheuermann,killerkarl-ludwig@yahoo.de,409,-46.0120705,-150.055958
A+,1932,Anderson-Thomas,2025-07-17,"7603 Michele Forest Suite 330, North Brandyland, AL 96256",632-87-3959,richard80,Melissa Lopez,jillianhenderson@hotmail.com,297,-2.3150635,-85.96665
B+,245,株式会社中島水産,2024-02-07,沖縄県川崎市高津区松浦町34丁目18番17号,330-36-0116,isato,鈴木 明美,yuta61@yahoo.com,600,68.661636,-80.961881
O-,928,Tarantino s.r.l.,2021-01-12,,BRTFMM62T22H642F,carolinatozzi,Domenico Scarlatti-Scandone,kfoa@virgilio.it,411,-32.862534,-19.997783
A-,662,da Rosa,2023-07-20,"Lago Sales, 2, Xodo-Marize, 81224-795 Camargo Alegre / SC",09634751261,sarahcaldeira,Maria Cecília Casa Grande,luanda-luz@hotmail.com,480,-39.8477175,116.700442
A+,1803,佐藤通信有限会社,2025-08-17,岡山県印旛郡栄町中川崎29丁目23番5号,630-78-8266,takahashiyuta,藤田 健一,jinoue@hotmail.com,283,-1.2185545,140.726787
AB-,1665,池田保険株式会社,2019-08-31,,374-12-2590,qnakagawa,清水 智也,ainoue@yahoo.com,501,-79.637869,116.399337
B-,1536,合同会社高橋建設,2025-04-02,富山県足立区脚折36丁目21番13号,503-51-7444,nanamisato,高橋 健一,xsaito@hotmail.com,714,,
B-,962,Camanni SPA,2019-11-30,"Viale Russo, 16 Piano 1, 80067, Sorrento (NA)",DTTSTL83M03I232V,ritaccagioele,Piergiuseppe Scotti,sorrentinofrancesco@hotmail.com,85,44.635425,-57.561866
O-,667,Seidel OHG mbH,2020-04-30,,034-81-0446,xdoerschner,Susanne Trub,hessnelly@googlemail.com,172,46.066119,59.197234
AB-,0,Dörr Wähner GmbH & Co. KG,2021-09-20,"Nohlmansgasse 24/34, 16455 Dachau",447-50-9207,stiebitzmarzena,Kornelius Kramer,flantzgernot@aol.de,96,7.5638675,-98.052562
B-,1706,株式会社田中印刷,2024-01-22,愛媛県君津市西関宿24丁目9番12号 西小来川パーク826,542-38-1015,yuta45,中村 京助,ksasaki@gmail.com,492,-53.1510995,127.880972
O+,2054,Brown-Shaw,2024-11-21,"944 James Isle Apt. 986, West Sara, RI 04501",599-75-1255,bnewton,Brianna Rodriguez,michaelperez@gmail.com,105,-65.416998,80.84914
B-,589,Bradford-Holt,2020-11-22,"317 Mcclure Run Apt. 090, Lake Annefurt, VI 21801",777-22-7010,sstephens,Francis Carroll,lcosta@gmail.com,288,-88.7505145,133.358543
O+,826,Schmiedecke KGaA,2023-02-03,"Horniggasse 6564, 34274 Leipziger Land",174-80-5779,christophnelly,Rosi Holsten,hsegebahn@googlemail.com,173,-62.406027,-67.875527
O+,707,合同会社山田ガス,2025-05-30,愛知県長生郡長柄町外神田18丁目18番19号,807-62-4347,naokosasaki,西村 和也,aokihanako@gmail.com,37,-72.911377,67.164958
AB+,247,合同会社三浦情報,2024-08-16,埼玉県横浜市鶴見区秋葉原23丁目23番17号,549-72-5756,takuma08,三浦 結衣,chiyo35@hotmail.com,333,-24.679075,58.523821
A-,1806,Heydrich Vogt AG,2021-04-10,"Schlosserweg 62, 44947 Bitterfeld",460-27-6513,eggert14,Sylvia Vollbrecht-Trupp,kschaefer@gmx.de,657,45.7467715,135.837068
O-,1950,Henck GmbH & Co. OHG,2024-03-15,"Ackermannstr. 62-67, 04611 Erbisdorf",118-20-2950,notburga66,Monika Wagenknecht,pfaust@web.de,56,59.29722,-27.171735
O+,813,Fagotto Group,2025-07-08,"Contrada Piacentini, 51, 92025, Casteltermini (AG)",MRCLND80H59D945V,antoniogiacometti,Pierangelo Sansoni,erikacurci@tele2.it,516,55.3159355,72.834881
AB-,1587,Thompson-Deleon,2020-07-09,"965 Ashley Forge Suite 925, East Virginia, NJ 94816",255-49-9911,nelsonbrandon,Jaclyn Hogan,hperry@gmail.com,90,70.1797235,155.499782
A-,254,"Scott, Wood and Aguilar",2020-06-27,"953 Morgan Prairie Suite 230, North Sarah, TN 69917",354-46-6753,schultzgerald,Brian Crawford,nicole20@yahoo.com,688,38.1133005,-21.040794
AB+,673,Macedo e Filhos,2025-01-05,"Passarela Pacheco, Universitário, 95589-631 Dias / PA",78903256492,krios,Gabrielly da Costa,rebeca45@ig.com.br,298,-37.853847,49.416775
AB+,14,伊藤水産株式会社,2025-03-02,青森県長生郡長柄町細竹5丁目4番5号 細野アーバン294,174-42-8264,reitakahashi,太田 花子,yamadamaaya@gmail.com,422,84.3548405,140.301109
B-,1459,有限会社山田鉱業,2024-07-11,東京都墨田区京橋34丁目7番14号,600-79-6316,akira25,佐藤 里佳,rito@yahoo.com,69,26.7565975,119.194841
B+,1804,Lyons-Bryant,2025-01-20,"8297 Martin Fall Apt. 683, West Marychester, PA 61378",635-53-6993,nelsonmichelle,Megan Foley,marykey@gmail.com,60,10.921807,-81.629107
AB+,1003,"Cossiga, Alonzi e Grisoni s.r.l.",2019-05-09,"Incrocio Marina, 7 Appartamento 51, 63083, Appignano Del Tronto (AP)",BCCFLV44M44G959E,botticellistefania,Bianca Roccabonella,tinaagostinelli@tele2.it,616,83.279087,132.532611
AB+,1737,Bell-Rodriguez,2023-11-12,"PSC 4423, Box 6101, APO AE 58369",283-64-4603,ptaylor,Caitlin Allison,maria14@yahoo.com,349,-60.022148,152.830963
O-,246,da Rosa,2025-05-21,"Viaduto de Souza, 49, Conjunto Jardim Filadélfia, 86288-212 Caldeira / CE",83076925121,enriconunes,Luiz Henrique Moraes,aviana@ig.com.br,95,-42.3462905,-162.633132
O+,337,Cannon-Black,2021-11-15,"03413 Ramirez Glen Apt. 343, East Ronald, ND 43564",647-21-2069,carlosbaxter,Lance Rowe,reynoldscatherine@yahoo.com,590,8.59653,45.310085
AB-,1715,Römer GbR,2021-03-04,,651-01-7931,wielandhenk,Univ.Prof. Friedhelm Lange,ddoering@gmx.de,532,-43.753912,26.174946
A-,1158,佐藤印刷有限会社,2021-10-21,群馬県武蔵野市平河町34丁目19番2号 パーク平須賀318,084-66-2891,naoto80,吉田 くみ子,osamuyamamoto@hotmail.com,371,23.3539185,-82.69362
A-,2021,Arnold-Gonzalez,2022-09-11,"16514 Robert Greens, Annamouth, MI 95108",399-36-4970,hallstephanie,Barbara Ford,xrusso@gmail.com,269,69.2254545,16.583492
O-,333,Duarte,2023-09-17,"Ladeira de Moraes, 68, Padre Eustáquio, 91935064 Dias de Vieira / RS",13079862503,maria-lauraaparecida,Thiago Dias,gbarbosa@uol.com.br,265,-79.8325255,96.975768
B-,160,Davidson-Brown,2024-05-19,"38659 Frazier Circle, Tammyberg, SC 75487",755-39-3267,mclements,Mario Villanueva,bishopedwin@yahoo.com,197,-30.6453145,8.553112
AB+,1692,Kensy,2020-10-31,"Drubweg 7, 06033 Biedenkopf",549-96-5261,schlossersiegmar,Stefan Neuschäfer,weitzelrecep@yahoo.de,497,27.641775,112.704893
O+,1702,Kaul Rust GmbH & Co. KG,2022-06-16,"Herrmanngasse 46/16, 87950 Passau",226-42-3494,karl-georgkobelt,Gilda Beier,seidelkai-uwe@gmail.com,545,-14.5356515,124.225802
O-,1569,Albers Weiß e.V.,2018-10-23,"Edelbert-Dussen van-Platz 12-70, 28030 Jessen",368-58-9587,rosemannriza,Hans-Helmut Thies,qaustermuehle@aol.de,547,-82.797785,-105.765279
AB-,1333,山口ガス有限会社,2024-08-14,岐阜県板橋区一ツ橋5丁目18番10号 鍛冶ケ沢パーク916,153-55-7887,winoue,橋本 七夏,mituru78@yahoo.com,289,41.7656515,-2.589011
O-,40,有限会社渡辺建設,2022-02-11,島根県袖ケ浦市前弥六南町17丁目23番5号 コート京橋686,430-71-1527,jun41,中村 結衣,ryosuke16@yahoo.com,197,80.787357,7.89554
B+,1063,山下水産有限会社,2021-12-24,岡山県夷隅郡大多喜町東浅草32丁目25番7号 クレスト竜泉074,539-96-2953,itoyuta,佐藤 舞,otanaoki@yahoo.com,331,-37.0856475,146.269984
AB-,381,"Sharp, Sullivan and Osborn",2025-06-14,"09676 William Lake, West Brentberg, WY 31923",556-63-0709,lindsey79,Rodney Harris,leonard12@hotmail.com,455,-14.4338905,-143.766601
A-,199,Barbosa Pires S/A,2019-07-08,"Esplanada Ana Sophia Brito, 39, Conjunto Bonsucesso, 26722453 Duarte da Serra / MG",69082157411,melina83,Emilly Jesus,maria-lizcasa-grande@bol.com.br,558,,
A-,1376,有限会社伊藤通信,2021-03-29,滋賀県夷隅郡大多喜町二つ室28丁目20番6号,200-26-0889,tsubasa09,木村 康弘,nakamurayuki@yahoo.com,106,-18.933811,66.551145
O-,805,"Anderson, Carter and Gibson",2025-07-26,"13656 Whitney Place Apt. 942, Lake Christopher, HI 36692",754-83-8400,carlos74,Aaron Coleman,kim37@yahoo.com,406,-58.443542,-7.357921
O-,845,"Stone, Torres and Hernandez",2024-04-07,"727 Wilson Crescent, Port Chelsea, SC 56210",333-26-6694,robert56,Latasha Liu,andreabrown@gmail.com,268,-59.960167,-69.292274
A-,4,Grein Groth,2019-12-19,,498-63-1171,madlenjunck,Herr Randolf Bender B.Eng.,wenkehermighausen@googlemail.com,141,,
A+,1720,Correia,2020-12-03,"Favela de Sá, 24, Vila Jardim Montanhes, 64211-919 Cardoso / CE",08273519686,tnogueira,Aylla Viana,barrosmaria-clara@uol.com.br,440,-18.8622185,-41.261341
B-,251,Machado,2025-06-15,"Viela Novaes, 24, Itaipu, 73398-594 Caldeira / PI",18064257930,caio24,João Guilherme Ferreira,montenegrobenicio@ig.com.br,144,51.383267,-19.243294
AB-,1767,Silveira,2022-01-06,"Fazenda de Alves, Grajaú, 46892754 Oliveira de Minas / DF",57021834608,aragaoyuri,Thomas da Paz,mourafelipe@gmail.com,66,79.422306,-66.746036
B-,1815,合同会社近藤ガス,2024-03-21,長崎県安房郡鋸南町東上野13丁目25番14号 コート東和町050,363-47-3613,yosuke26,松田 直子,hidekiota@yahoo.com,31,-35.4615735,43.89382
A+,1249,森ガス株式会社,2021-12-14,徳島県川崎市川崎区元浅草21丁目9番16号 シャルム港南692,778-58-2710,yukitakahashi,吉田 修平,nakajimakumiko@hotmail.com,591,87.267917,-18.073789
AB+,2005,Hiller Segebahn AG & Co. KG,2021-09-22,"Holger-Henschel-Ring 5829, 04780 Rockenhausen",818-61-2221,ottfriedscholl,Hans-Joachim Ullmann,jaekelmarlen@aol.de,708,-47.3122575,-133.003668
AB+,1136,Jesus Nascimento S.A.,2024-01-13,"Residencial Sampaio, São Geraldo, 69461-966 Farias / CE",19064728585,maria-isis25,Clara Araújo,valentim86@hotmail.com,312,4.2268645,-99.755868
A-,240,Gieß Rörricht e.G.,2019-06-01,"Utz-Juncken-Platz 95/60, 55880 Sankt Goar",124-13-7321,roerrichtcornelius,Cäcilie Buchholz-Sager,alban01@yahoo.de,640,-70.0651595,113.862505
AB-,120,Carullo-Sollima Group,2020-08-17,"Piazza Ivan, 2, 63072, Ripaberarda (AP)",GRGLRN19L04D851Y,pacomiorossana,Antonino Baresi,ybettin@libero.it,440,-77.6087695,-10.972442
A+,107,有限会社高橋電気,2022-12-09,茨城県大網白里市細竹22丁目24番10号 麹町パーク547,225-93-5637,zmori,村上 直人,kaoriishikawa@yahoo.com,86,63.7996945,-162.838965
B+,244,"Foster, Cooper and Mendoza",2025-08-02,"575 Garcia Square, Port Michele, AZ 38919",348-09-7171,melissajohnson,Hunter Hess,hansonamanda@yahoo.com,429,42.507542,122.553352
AB+,1092,Bolnbach,2023-02-15,"Gertzweg 2, 81792 Soest",937-60-9362,margarete59,Dr. Magrit Budig B.Eng.,xaverkrein@gmail.com,122,-36.1628325,-112.72942
A-,1069,Abreu Campos - EI,2021-12-29,"Avenida de Rezende, Vila Antena Montanhês, 41192242 Aragão do Oeste / PB",34728015653,vasconcelosmirella,Ravy Montenegro,da-rosapedro-henrique@ig.com.br,648,54.1286545,92.869719
O+,1349,da Mata S/A,2020-12-10,"Esplanada Novais, 39, Camponesa 1ª Seção, 84092601 Barros / DF",72365184928,clima,Pedro Lucas Aragão,diogosiqueira@yahoo.com.br,504,29.955556,-165.583559
A+,898,Marques,2023-08-17,"Núcleo Alexandre Vieira, 6, Vila São Geraldo, 58796-924 Câmara / GO",18743290604,maria-vitoria47,Amanda Aparecida,eduarda04@hotmail.com,550,38.571328,-66.517863
AB-,1104,Branciforte SPA,2020-10-31,,PRZNNS32M02F087B,schiavoeliana,Fernanda Interminei,boccacciopier@libero.it,8,85.734564,74.973343
O-,1297,Goldoni s.r.l.,2021-12-16,"Piazza Turrini, 90, 82010, Luzzano (BN)",MTASVR72S54D052M,diana41,Dott. Dina Liverotti,giancomisso@yahoo.com,114,77.867062,31.925919
AB-,707,Ditschlerin AG,2018-10-07,"Gutestraße 93-84, 44964 Kötzting",679-61-2983,aleksejdoerschner,Frithjof Steuer,wolfram98@hotmail.de,676,-51.7208345,33.854674
O+,104,Aragão e Filhos,2019-02-18,"Vila de Garcia, 493, Grotinha, 43195955 Moura / CE",53624178008,lrodrigues,Milena Costa,britomiguel@hotmail.com,375,69.522445,-0.906262
A-,202,Briemer,2024-04-30,"Danielle-Bender-Platz 86/61, 89254 Burglengenfeld",276-74-9339,vhauffer,Prof. Krystyna Liebelt,enver05@gmx.de,487,8.0839835,-130.361581
O+,1184,合同会社石川情報,2018-12-13,福島県横浜市保土ケ谷区筑土八幡町3丁目8番20号 パーク渡辺524,805-76-1906,rei98,福田 舞,pkato@hotmail.com,329,47.5384655,-142.406256
B+,161,Le Group,2020-11-11,"87277 Mark Ways, Karlamouth, KS 51706",384-22-8062,francislauren,Lisa Moore,lauren82@hotmail.com,538,13.7495605,-113.790635
A-,807,Casa Grande S/A,2019-01-19,"Praia de Aparecida, 5, Vila Fumec, 21796-004 Barros / PA",97842356173,asa,Levi da Mata,das-nevesapollo@hotmail.com,492,,
O+,2006,Bohnbach GmbH & Co. KGaA,2021-11-23,"Heckerweg 59/71, 06194 Altentreptow",287-52-5715,ottohatice,Prof. Michel Mosemann,hanspeterlinke@googlemail.com,92,-1.385933,-141.348479
A-,1615,合同会社遠藤鉱業,2020-06-20,茨城県四街道市池之端19丁目16番14号,068-64-6109,satonanami,藤井 修平,takumaokada@yahoo.com,44,-66.8780875,28.028689
A+,38,Iannuzzi e figli,2025-04-19,"Contrada Rocca, 42, 85014, Laurenzana (PZ)",CNTLSN31R15I974N,pmarconi,Dott. Allegra Valier,lpetralli@libero.it,336,27.633947,7.333458
A-,544,Siering Heidrich GmbH & Co. OHG,2024-01-08,,775-47-2855,nreinhardt,Prof. Ann-Kathrin Stiebitz MBA.,genoveva11@gmail.com,52,-6.648199,177.64065
O+,1098,Pacheco,2020-07-05,"Praia de Teixeira, 42, Nazare, 94324295 Gonçalves / AP",54310726925,cecilianogueira,Gustavo Henrique Novais,azevedomanuela@bol.com.br,463,38.90849,157.208041
AB-,811,Junck Gumprich AG & Co. OHG,2021-02-28,"Traugott-Weller-Weg 7-6, 57182 Sonneberg",770-12-5858,jkiller,Christin Schacht,omatthaei@googlemail.com,570,41.1928775,-176.80865
B+,25,岡本銀行株式会社,2024-05-13,群馬県新島村手岡37丁目20番12号,554-22-5196,naokiishikawa,鈴木 くみ子,iabe@hotmail.com,111,,
A+,63,Baum Paffrath AG & Co. KGaA,2022-02-15,"Henkstr. 6851, 03145 Vohenstrauß",756-25-8529,eberhardtmelitta,Franca Stahr,murat30@hotmail.de,379,-59.9667845,-127.36976
A-,1145,Klapp Wilms GmbH,2024-10-09,"Bienplatz 3/7, 42974 Kyritz",116-13-5269,cruppersberger,Univ.Prof. Ullrich Tintzmann,rosasoeding@gmail.com,335,44.491785,-74.184081
O+,47,田中食品株式会社,2025-06-27,兵庫県印旛郡印旛村湯宮25丁目11番18号 ハイツ藤金737,169-07-2086,manabutanaka,清水 直子,miki35@yahoo.com,24,1.6262585,-66.06733
O+,170,合同会社森農林,2022-07-31,鳥取県千代田区湯宮16丁目4番10号,642-36-1197,kimurarika,佐々木 智也,sayuri82@gmail.com,324,56.430974,157.366445
O+,1010,Mendes,2022-06-05,"Sítio Gustavo Henrique Caldeira, 312, São Salvador, 15321859 Costa Verde / PI",07381296403,agatha37,Maria Sophia Mendes,yurisa@gmail.com,177,-4.433469,-119.727977
B+,1996,Kennedy-Patterson,2019-06-03,,219-67-8940,robert96,Jessica Brown,ramirezdonald@gmail.com,508,-14.0608525,-28.093466
AB+,1451,株式会社渡辺銀行,2022-10-12,新潟県武蔵村山市戸島40丁目4番5号,611-18-2800,yosukewatanabe,鈴木 太一,murakaminanami@hotmail.com,549,68.233813,45.71454
A-,512,Striebitz,2018-11-28,"Hermighausenallee 7, 29780 Füssen",851-40-5127,aboerner,Faruk Mohaupt,friedrich-wilhelm33@gmail.com,325,-32.8266725,-130.871043
AB-,636,佐々木ガス有限会社,2023-11-15,,711-53-3599,ryosuke40,山本 加奈,fkondo@hotmail.com,610,-52.8343965,-98.319705
B+,2029,Gray-Smith,2019-01-14,,738-51-1758,onealbilly,Denise Stevens,houstonlawrence@gmail.com,313,41.913244,-150.367086
B+,223,Cannon-Wilson,2019-06-17,"1080 Parker Avenue Suite 872, South Christian, WI 90685",134-97-5226,acarroll,Timothy Terry,dillonfernandez@yahoo.com,136,,
O+,985,Pires,2020-07-19,"Rua Nina Sales, 95, Santa Lúcia, 67300-169 Moraes / MG",26357198455,fernando22,Davi Luiz Mendes,maria-fernandalopes@uol.com.br,585,84.0795565,114.218451
O-,1313,"Cummings, Gutierrez and Lewis",2023-08-25,"760 Ramos Place, Brownfort, GA 24371",460-32-6414,lewisjennifer,Erika Andrade,jessicachristian@gmail.com,311,36.026416,-4.708062
A-,68,Oderwald GmbH & Co. KGaA,2024-08-13,"Abbas-Oderwald-Ring 9, 24708 Wesel",216-47-4431,siegwardkitzmann,Leo Preiß,gierschnerachim@yahoo.de,155,29.191733,-172.34356
AB-,242,Sousa Aparecida - ME,2022-05-15,"Recanto das Neves, 8, São Salvador, 18639483 Correia / AC",63590714875,fda-mata,Enzo Gabriel Nunes,psales@yahoo.com.br,81,-72.3044015,-38.607195
A+,1629,Proietti-Treccani Group,2024-07-17,"Contrada Fiorino, 4 Appartamento 12, 20128, Milano (MI)",VRDDNN88B27C125D,fsimeoni,Agostino Leopardi,mgrasso@gmail.com,315,45.8108255,25.70833
O+,1956,高橋鉱業株式会社,2018-11-24,山口県横浜市西区北上野30丁目1番10号 高田馬場シティ704,244-14-4524,manabu75,坂本 千代,satoshota@hotmail.com,271,-83.4992355,92.619407
A-,14,Stiebitz GbR,2020-09-29,"Häringgasse 83/29, 85305 Fallingbostel",826-58-0889,utrapp,Klaas Mies,jaehnlieschen@aol.de,274,5.409398,-107.88417
AB+,1483,森ガス株式会社,2021-11-15,,263-90-4946,sakamotomikako,前田 裕太,takuma11@gmail.com,401,-9.36764,-94.780208
B+,2034,"Borsellino, Nicolini e Einaudi Group",2025-03-21,,GBBMND22A22I585E,rominavismara,Marisa Boito-Ariosto,filippa90@alice.it,203,28.661548,-111.439473
AB-,1755,Macedo,2019-11-16,"Passarela Marcos Vinicius Alves, 34, Vila Canto Do Sabiá, 20172480 Carvalho Alegre / MA",56097421885,machadodavi-lucas,Ana Cecília Rezende,uborges@gmail.com,612,14.3585,-133.334283
A+,169,Wähner,2019-01-04,"Hethurstraße 84/68, 09813 Saulgau",715-18-1034,ploechel,Sara Kusch,gunpfludwina@yahoo.de,195,,
A+,223,"Hernandez, Waters and Hart",2022-10-19,"9036 Scott Streets, New Daniel, RI 00913",766-35-4738,sara99,Lindsay Tate,zmurray@hotmail.com,144,-14.8427905,-128.290437
AB+,1332,Schmidtke KG,2025-02-16,"Leonardo-Römer-Gasse 638, 99049 Beilngries",016-64-8042,xpaffrath,Kathy Beckmann B.A.,clinke@web.de,462,-75.643511,150.420358
AB-,1039,Etzold Schulz AG & Co. KGaA,2025-08-08,"Konstanze-Atzler-Gasse 29-81, 14315 Freital",111-29-0090,margarethaklotz,Dr. Alex Birnbaum MBA.,jacobi-jaeckelberthold@web.de,35,-3.9573065,94.072223
AB+,991,鈴木保険株式会社,2020-01-27,愛知県江戸川区丸の内10丁目12番19号 シャルム北上野821,529-24-2457,qtanaka,渡辺 翔太,bmori@gmail.com,585,-86.3442365,-150.382469
B+,1746,Araújo,2019-05-25,"Viela Cecilia Abreu, 25, São Pedro, 59468934 Nogueira de Minas / PI",21670594343,silvabrayan,Fernando Vargas,nathan49@yahoo.com.br,20,-30.0896965,139.929009
A+,1782,Jopich,2020-01-12,"Walther-Patberg-Weg 430, 90380 Weimar",224-85-3111,opaffrath,Ria Gude,jorge91@gmail.com,40,-16.283727,78.507222
B-,747,"Day, Haley and Bailey",2024-01-31,"Unit 9875 Box 2164, DPO AA 93977",260-82-6924,karenarmstrong,Daniel Hunter,tdavid@gmail.com,527,16.1593245,113.211421
AB-,14,Brito,2021-08-26,,02564731880,calebemoreira,João Lucas Pimenta,sofia41@ig.com.br,464,75.5768045,-166.768293
O+,976,Cardoso - EI,2019-11-11,,10839654766,lcostela,Isabelly da Cunha,fogacatheo@gmail.com,123,79.1467295,-173.564059
A-,534,Rogge Bender AG,2018-10-15,"Geiselplatz 40-69, 48419 Bogen",012-01-5861,eputz,Univ.Prof. Anna-Maria Schenk,biancabuchholz@gmx.de,178,-58.1242505,-63.597192
O-,1234,Anderson-Petty,2024-03-30,"PSC 1895, Box 9463, APO AE 54842",058-44-4458,timothy67,Alan Ho,craig50@gmail.com,411,-87.578458,-48.395075
A-,1919,"Smith, Walsh and Hill",2020-04-24,"9333 Armstrong Centers, South Thomasborough, AS 06322",727-79-7671,joseph61,Heather Valdez,fsmith@hotmail.com,712,58.795791,-70.853135
O+,1368,山崎保険合同会社,2022-07-01,三重県白井市港南6丁目16番2号,281-45-9018,suzukiyuki,渡辺 美加子,manabu85@yahoo.com,156,-0.936067,171.454645
A-,147,Gunpf OHG mbH,2020-12-01,,653-12-0082,bjunitz,Telse Graf,wbien@hotmail.de,35,-57.0690755,106.644234
A+,2152,Lam-Porter,2024-10-21,"02703 Williams Radial Suite 558, Port Stevenmouth, NC 57596",333-81-4380,trevorpatterson,Andrew Smith,william37@gmail.com,664,-69.08612,-46.144675
O+,412,Mercati-Polani e figli,2019-04-10,"Vicolo Baccio, 525 Appartamento 8, 15024, Masio (AL)",FTTGDU34M65H129B,qferrabosco,Sig.ra Sonia Ferretti,ciro66@fastwebnet.it,315,-18.2228165,34.982127
AB+,365,Powell-Tran,2024-09-07,"9657 Medina Park, Bridgeshaven, RI 39065",286-13-1688,joshuamartin,Ashley Blankenship,qmeyer@yahoo.com,744,54.667009,120.236323
B+,1189,Winkler AG,2020-05-26,,022-11-6685,zboerner,Kai-Uwe Kroker B.Eng.,elfierudolph@gmail.com,263,-87.9143175,-19.873828
AB-,2070,Köster,2023-05-28,"Ortmannweg 4/9, 28269 Fallingbostel",884-18-0652,mieshans-theo,Tilmann Scholl,thanelsusi@web.de,331,55.6891555,116.872682
B-,13,Beckmann GmbH,2025-04-19,,274-58-6008,xspiess,Heinz-Joachim Möchlichen MBA.,arndtschenk@googlemail.com,372,66.1636605,86.120263
AB+,1346,"Moran, Cruz and Frye",2020-04-07,"488 Christopher Radial, Port Travisborough, NH 30233",643-22-4048,vaughndeborah,Oscar Reed,nielsenalexis@yahoo.com,530,86.728243,-50.780846
B-,1234,"Hill, Brennan and Adkins",2023-06-28,"73323 Courtney Plains, Michaelville, UT 27987",750-03-3748,michaellewis,Laura Bell,brianrobinson@gmail.com,389,56.0156405,-90.951188
O+,1727,佐藤食品株式会社,2021-01-14,秋田県横浜市南区氏家39丁目15番11号 パレス柿木沢新田457,006-53-3725,chiyo15,松田 治,matsumotoakira@yahoo.com,617,-31.6087435,-62.874875
AB+,1503,"Trevisani, Boldù e Puglisi Group",2021-09-18,,RNCVNI48C46F453M,agostinogagliano,Alfio Cilibrasi,dnavarria@hotmail.it,318,44.728225,76.639613
AB+,1364,Klotz AG & Co. KG,2023-12-14,"Slawomir-Huhn-Gasse 39, 91971 Wismar",501-44-6030,rupperthardy,Alfredo Harloff-Hermann,schuelernancy@aol.de,106,43.992313,48.647286
B+,1150,Vieira,2021-08-14,"Núcleo de Porto, 27, Vila Copacabana, 17901-299 Moreira da Prata / MT",27415890388,leandromacedo,Lunna Nogueira,luna49@ig.com.br,603,-59.456162,-24.295402
A-,304,Marsili SPA,2021-01-15,"Contrada Cagnin, 7, 13894, Gaglianico (BI)",GRTLCZ34L09G058Y,giulietta05,Sig. Ferdinando Argurio,idatrezzini@gmail.com,366,54.151078,173.709113
AB+,2063,Coleman LLC,2025-03-24,"24718 Carla Route Suite 617, East Jamesbury, MI 81687",553-62-5971,gallaghermary,Sarah Aguilar,iadams@hotmail.com,419,-80.425656,155.292597
A-,1217,Molina and Sons,2025-05-20,"39551 Anthony Villages Suite 367, Lake Margaret, IA 83761",675-86-6213,hughesgary,Megan Taylor,lauren45@gmail.com,402,66.0377995,-70.037714
A+,2145,Moreno-Jones,2023-06-18,"02808 Paul Heights, Lake Andrealand, OK 31679",347-02-5811,smithjuan,Michael Williams,schultzsheila@yahoo.com,315,-4.1847205,58.249985
AB+,1228,小林建設株式会社,2021-06-07,鳥取県立川市丹勢27丁目12番11号 方京ハイツ957,054-81-7883,naotoyoshida,鈴木 充,syoshida@gmail.com,28,,
B+,2057,合同会社吉田食品,2023-07-09,,787-18-3783,kenichitanaka,藤原 裕美子,rmori@hotmail.com,541,75.5771265,-60.633526
A-,278,Camargo Gomes - ME,2019-01-14,"Núcleo de Costa, Nova Esperança, 27065-416 da Cruz / AL",38295146700,jda-rosa,Bryan Leão,da-rochaesther@uol.com.br,35,64.4075515,159.442473
O-,2017,"Pozzecco, Luzi e Zampa SPA",2023-03-29,,PRTNTA23D28G630S,infantinoamedeo,Raimondo Petrucci,cremonesialessandra@alice.it,210,-71.023724,-61.558734
O-,1184,"Erickson, Gaines and Garcia",2025-03-10,"9735 Marquez Brooks Suite 413, West Kimberly, AR 09137",294-30-1843,bradshawchristopher,Ashley Zuniga,amanda81@hotmail.com,97,-35.589978,137.407751
B+,1094,Textor KG,2023-03-03,,740-30-0531,xnerger,Bertram Bonbach,jockelherta@yahoo.de,238,12.1050295,151.320611
O-,1597,Davis and Sons,2025-05-16,"8552 Laura Falls Apt. 351, Port David, MH 12782",673-78-5631,navarrostephanie,Lisa Cruz,deanlynn@yahoo.com,231,37.5292215,-162.184429
O+,876,Taliercio e figli,2019-10-12,"Vicolo Cassarà, 8 Piano 6, 10076, San Giovanni (TO)",VCLGBL42P42H675U,dsommaruga,Dott. Rosina Malacarne,ybranciforte@gmail.com,596,-34.3561295,146.024223
A+,1843,Watson PLC,2023-02-28,"4557 Calderon Harbors, New Brandon, TN 23152",014-52-2189,pcalderon,Jessica Moss,tammyleonard@hotmail.com,367,52.523043,-65.667453
A-,1188,"Perry, Reed and Kramer",2024-09-24,"1404 Diamond Court, Jamesfort, VI 11734",510-19-9339,mbrown,Heather Olson,sullivanhannah@hotmail.com,337,-81.0297875,44.739348
O+,186,Haase Kuhl e.G.,2022-03-21,,400-57-9934,ulrichkrause,Herr Hans-Michael Bohnbach B.A.,arminreising@web.de,76,-38.923115,-48.91854
O-,5,"Murray, Tran and Taylor",2018-10-31,"319 Lawrence Lock Apt. 129, Port Julie, FM 12660",234-63-9539,browndaniel,Sherry Charles,robinsonwilliam@gmail.com,264,-73.3328605,-170.276446
AB+,859,"Schroeder, Herrera and Herrera",2020-09-24,"9386 Becker Loaf, North Daltonfort, KY 60390",869-89-2389,marydiaz,Michael Ramos,luke87@yahoo.com,478,-13.651235,-161.215029
A-,452,田中印刷株式会社,2020-07-07,奈良県川崎市多摩区土呂部32丁目17番6号 芝公園アーバン934,371-90-9245,hideki90,藤田 聡太郎,nkobayashi@gmail.com,315,-28.3011785,137.804993
O-,2015,Branciforte-Pedrazzini SPA,2024-02-28,,BSSDNI83M04L672S,kmonduzzi,Ludovica Villarosa-Ferrazzi,angelo31@hotmail.com,40,50.3048305,19.835816
A-,1479,Holmes and Sons,2018-11-09,,667-52-2605,brownstephanie,Cody House MD,kbrown@yahoo.com,468,26.092122,101.098791
B-,1895,合同会社小林運輸,2019-06-30,大阪府横浜市瀬谷区細竹38丁目13番6号 箪笥町コーポ965,441-84-4340,fujitamai,山下 里佳,osamukato@hotmail.com,120,38.356626,-119.583585
A+,1828,Kohl,2021-05-26,"Vinzenz-Freudenberger-Weg 62-15, 89028 Altötting",722-93-1300,telseplath,Annika Scheibe,sarinahofmann@hotmail.de,616,12.941469,178.78603
O+,171,Ortmann Dobes OHG mbH,2025-02-21,"Steckelgasse 545, 86364 Schrobenhausen",815-98-0231,knappepawel,Sarina Mitschke,klingelhoefermarisa@yahoo.de,126,3.9474255,-141.953568
B-,1487,Davidson-Norris,2019-12-02,"414 Edwards Flats Suite 752, Raymondside, MD 20338",104-12-2073,julie01,Anthony Atkins,alexismiller@yahoo.com,709,-0.2025055,146.391434
B-,1331,"Venturi, Paolucci e Mengolo SPA",2021-01-07,"Contrada Solari, 47 Appartamento 55, 89868, San Giovanni Di Zambrone (VV)",GRTLSU25S23B099W,roccomercalli,Sig. Giacomo Pizzamano,perandaumberto@alice.it,263,-49.728733,150.64536
A+,941,Walker LLC,2025-01-26,"116 Sophia Prairie, North Terry, KS 63799",883-27-9226,mossjuan,Tonya Miller,creese@gmail.com,311,64.888264,152.5685
B+,1514,Martins Martins - ME,2019-01-15,"Área Duarte, 51, Vila Atila De Paiva, 51420-251 Araújo de Minas / SC",63892074178,ester32,Leonardo Peixoto,julia44@yahoo.com.br,630,14.5439285,90.328089
B-,753,Stoll GmbH,2019-12-05,"Putzallee 1/2, 96860 Scheinfeld",828-64-2642,heckerarnfried,Univ.Prof. Friedhelm Gute,danicahoefig@gmail.com,319,48.8344025,-52.909812
B+,629,Frazier-Scott,2024-04-20,"84708 Wheeler Via Apt. 420, East Heather, TN 70117",218-96-3795,zmoore,Lisa Rodriguez,boyerjoseph@gmail.com,366,61.959068,-137.690032
O-,916,Lange Winkler GmbH,2025-02-14,"Sonia-Krein-Ring 3, 74327 Auerbach",451-04-3337,ingmar09,Univ.Prof. Käthe Gieß MBA.,tamarastoll@gmail.com,87,-25.3168615,53.877478
A+,1600,Stiffel Haase AG,2020-04-13,"Matthäistraße 9-8, 35418 Ravensburg",176-05-0861,tbauer,Albin Gunpf B.A.,anna-lenaatzler@gmx.de,463,24.262575,100.249896
A+,1573,橋本水産株式会社,2019-02-21,和歌山県横浜市金沢区横林22丁目21番5号 四番町クレスト974,367-28-3448,nanamimatsumoto,長谷川 幹,vwatanabe@gmail.com,657,-60.2033555,76.302555
A-,1113,"Mozart, Taccola e Acerbi Group",2024-06-17,"Incrocio Benito, 44, 38065, Sano (TN)",BDGNCI19P64A048R,bazzisalvatore,Martino Sollima,ceciliamarzorati@tiscali.it,85,57.839057,98.374837
AB-,5,Martinez Group,2024-05-07,"Unit 5228 Box 1415, DPO AA 27184",604-54-4362,xrhodes,Julia Parsons,katherinemoore@hotmail.com,257,-69.467843,144.941981
AB+,1559,Sampaio,2020-09-04,"Colônia Davi Luiz Lima, 31, Vila São Gabriel, 13684700 Barros / ES",24897530610,antonynogueira,Jade Moreira,wvasconcelos@uol.com.br,253,23.9447805,-83.331522
B+,1182,合同会社山口食品,2023-04-28,栃木県大網白里市戸島2丁目12番9号 筑土八幡町アーバン619,431-93-9504,asasaki,高橋 聡太郎,yuta99@gmail.com,325,18.716244,-119.714553
AB+,1701,Cassiano,2024-11-07,"Residencial Arthur Miguel Lima, 4, São Salvador, 30498388 Souza / PI",91856327400,teixeirathiago,Aylla Camargo,eloateixeira@bol.com.br,323,33.5996095,150.264886
AB-,832,有限会社中島鉱業,2023-12-22,福島県横浜市栄区明石町1丁目24番19号 轟パレス158,618-81-9506,hmatsumoto,藤田 直子,ishiimomoko@yahoo.com,494,14.950354,122.083234
AB-,766,合同会社鈴木食品,2022-10-15,京都府長生郡長柄町横林3丁目2番16号 アーバン方京383,472-99-4917,naotonakamura,中村 英樹,yoshidarei@yahoo.com,466,78.722561,61.425866
A-,1323,株式会社村上保険,2020-02-14,長崎県横浜市栄区芝大門15丁目21番6号 千束コーポ728,056-73-0616,saitoryohei,山田 浩,nyamazaki@yahoo.com,104,55.502501,-98.122656
B-,1599,Schüler Austermühle AG,2023-09-22,,794-13-8963,meraljunk,Karl-Josef Hövel,daniela70@gmail.com,127,,
O-,2101,"Gozzano, Monicelli e Leblanc e figli",2025-06-22,"Via Benito, 324 Piano 2, 20144, Milano (MI)",MRCMLI00L47E899N,terragnipuccio,Dott. Lina Verdone,lucio70@fastwebnet.it,97,-54.446114,142.703716
O-,1601,Warner Group,2024-08-23,"8413 Hawkins Haven Apt. 489, Kathleenshire, ID 58686",551-12-5424,parsonsricky,Karen Gonzalez,jennifer95@gmail.com,114,-49.6325615,-26.528896
B+,1956,Marques - EI,2024-07-24,"Campo Giovanna Gomes, Camponesa 2ª Seção, 66265540 Pastor do Campo / MG",79530214634,da-cunhapedro-henrique,Maria Luiza Macedo,srodrigues@ig.com.br,283,40.2563385,-30.221689
O-,1005,Tartaglia s.r.l.,2021-09-08,"Incrocio Baggio, 42, 47032, Santa Maria Nuova (FC)",TSOPLA59H09C639H,respighilamberto,Federigo Tagliafierro,bonoliscarlo@virgilio.it,76,-12.2188225,-7.754914
AB+,1799,Gorlitz,2024-09-04,"Klaus Dieter-Oderwald-Allee 8588, 58927 Schwarzenberg",665-72-8785,ullabachmann,Antonia Rohleder B.Sc.,dwinkler@web.de,19,73.8931575,-31.764995
AB-,1702,Wright-Singleton,2020-02-11,"762 Renee View Suite 231, Fieldsberg, AK 27103",640-61-5428,nbriggs,Mary Hunter,ashley77@hotmail.com,557,,
B+,1756,Schüler,2024-08-27,"Boucseinplatz 17, 44352 Plauen",026-77-5882,djaekel,Sylwia auch Schlauchin MBA.,xbutte@yahoo.de,388,10.812122,138.569123
AB-,197,Siqueira Costela S.A.,2022-07-31,"Passarela de Lopes, 25, Garças, 73748127 Rodrigues de Goiás / RJ",41238507905,monteirojoao,Pedro Lucas Pereira,camposcalebe@gmail.com,487,88.512235,43.525331
O-,1194,"Ariosto, Sauli e Togliatti e figli",2022-09-28,"Contrada Fabia, 337 Appartamento 99, 24017, Serina (BG)",PSCRSR08R69E188R,eceschi,Dott. Ivo Salandra,gianpaolo46@outlook.com,74,-70.6830275,-21.805121
O+,1104,Rivera Inc,2019-11-30,,097-90-7151,alexandervictor,Cindy Taylor,asmith@hotmail.com,29,-72.4193645,-65.380443
B+,670,"Gottardi, Blasi e Agazzi e figli",2024-07-28,"Vicolo Olga, 3 Appartamento 36, 88812, Crucoli (KR)",CTLLSE69A08H300K,elisa50,Antonino Mondadori,rosalia01@gmail.com,652,-29.2520155,168.136578
O-,79,佐藤情報合同会社,2021-09-04,秋田県夷隅郡御宿町津久戸町18丁目24番7号 中小来川パーク087,280-08-1834,kumikoyamamoto,松田 里佳,yumikohayashi@gmail.com,578,25.577669,-155.091002
AB-,1322,"Zola, Fallaci e Sommaruga Group",2021-01-30,"Contrada Blasi, 548, 13873, Massazza (BI)",RCCRBT41M10I002R,pgozzano,Sig.ra Rosina Armani,damianoguidone@alice.it,501,-51.0313075,112.657938
AB+,1369,"Smith, Sloan and Hudson",2022-06-02,"292 Gonzalez Walks, East Melissa, LA 45644",634-19-6681,christinemcdonald,Cory Carroll,abryant@hotmail.com,562,-63.9751325,4.143245
A+,1827,Thomas LLC,2023-01-19,"024 Mitchell Fall Suite 030, Torresborough, MA 93633",032-07-6966,qperez,Gerald Evans,martinpatricia@yahoo.com,562,7.489633,-32.363641
A+,890,Gelli SPA,2020-04-20,"Via Cundari, 23, 30025, Villanova Santa Margherita (VE)",BJRMBT67T58B394E,fausto01,Angelina Viola,fusanicalogero@tiscali.it,732,56.49894,-61.856401
B+,1345,株式会社佐々木鉱業,2025-03-08,新潟県多摩市手岡16丁目5番4号,802-83-0187,yoichi27,橋本 晃,dsato@yahoo.com,148,-28.3301315,-144.18973
A+,394,Carter PLC,2022-11-03,"499 Flores Creek, Villarrealfurt, DC 05513",885-24-4685,justinchapman,Ashley West,vberger@hotmail.com,425,29.999982,118.615612
O+,1309,有限会社高橋水産,2023-02-13,岩手県横浜市青葉区日本堤26丁目10番18号,127-92-8469,sotaro81,小林 太郎,minoru54@yahoo.com,517,51.728266,51.932998
B-,1220,Ariasso-Mazzanti SPA,2024-11-19,"Stretto Luciana, 49, 86085, Pietrabbondante (IS)",RSMDMN95L56E853H,edoardoromagnoli,Giuseppe Trezzini,angelo74@gmail.com,355,10.4877705,-147.707127
O-,33,Macedo da Costa S.A.,2025-04-30,"Jardim Moreira, 80, Dom Silverio, 69826895 Vasconcelos / PI",93842160704,ssousa,Diogo Nogueira,cauasousa@gmail.com,21,10.4445465,-107.293293
A-,690,株式会社高橋鉱業,2024-06-17,,520-58-1417,ryohei20,岡本 直子,tanakashota@gmail.com,423,42.013381,113.182193
AB+,265,Marques - EI,2020-07-23,"Núcleo Moraes, 3, Bairro Das Indústrias Ii, 23678621 Melo do Norte / PR",32901574823,lizlopes,Dra. Catarina Pinto,camaraalexia@hotmail.com,672,-2.975792,-90.328223
A-,2117,Cardoso,2019-03-22,"Travessa Azevedo, 50, Camponesa 2ª Seção, 69235032 Aparecida / ES",64810539270,aviana,Pietra Pereira,oandrade@yahoo.com.br,321,9.916528,66.666569
A-,1932,Gude Weller KG,2020-08-17,"Theres-Sager-Straße 99/31, 59122 Sonneberg",826-63-1094,ujopich,Ortrun Hornig B.Eng.,saraliebelt@web.de,38,-1.977651,10.241136
AB+,739,近藤ガス合同会社,2022-06-14,沖縄県東大和市下宇和田2丁目8番3号 横林パーク428,895-80-4526,myamamoto,山下 千代,kyosuketakahashi@yahoo.com,53,-47.846994,80.803604
O-,31,"Jensen, Mccoy and Williams",2024-02-27,"917 Lindsay Mission, Lake Gregory, MH 15629",173-94-1685,donald15,Roberto Woods,sancheztyler@yahoo.com,114,32.696358,-33.327789
O-,2120,Hawkins-Paul,2025-08-07,"258 Kelly Mission Apt. 179, Patriciastad, OH 75734",870-70-4865,piercedennis,Lisa Chen,jensenmark@hotmail.com,714,-84.4677175,-38.035711
AB-,743,Corcos-Luxardo e figli,2025-09-16,,CVLSMT07L16C292E,arnaldopertini,Dario Casaleggio,severino32@hotmail.it,338,87.729469,-20.768882
AB-,2035,Viana S.A.,2024-04-25,"Viaduto de Novaes, 80, Túnel De Ibirité, 23553-057 Porto / PE",74865932119,ribeiroluigi,Melissa Moura,nogueiradavi-miguel@bol.com.br,587,63.2795755,-147.265757
AB+,889,合同会社森情報,2019-09-11,沖縄県東久留米市長畑30丁目1番17号 皇居外苑コート210,602-14-6965,momoko93,遠藤 直子,matsumotohiroshi@yahoo.com,264,-54.613845,-139.771107
B+,1330,Sá,2022-03-15,"Travessa de Caldeira, 36, Vila Nova Cachoeirinha 1ª Seção, 01128084 da Cruz das Pedras / MA",47251609380,henrygomes,Ana Júlia Cunha,marquesleticia@uol.com.br,732,48.2523135,9.755048
AB-,1330,村上水産合同会社,2022-08-22,,251-84-5695,zfukuda,中村 零,otamaaya@yahoo.com,651,-7.5208895,68.407529
O-,1735,Haase GmbH,2020-09-16,"Herrmanngasse 9121, 38484 Meißen",732-80-8658,scheelalan,Herr Stefano Fröhlich,mechthildkeudel@gmx.de,398,2.7172465,-46.854864
B+,1194,"Govoni, Porzio e Cadorna SPA",2023-05-01,"Vicolo Ranieri, 56, 47042, Sala (FC)",PLCPLN05M22F191S,sante66,Allegra Forza-Scaduto,cbajamonti@gmail.com,308,-16.12261,-1.279153
B+,1366,da Conceição,2022-09-10,"Estação de Moraes, 31, Conjunto Capitão Eduardo, 51978014 Rios / PA",62041598794,sousavalentim,Igor Rocha,mpeixoto@hotmail.com,348,21.4921875,167.411396
AB+,331,"Barnes, Moses and Buck",2021-08-16,,382-62-4655,jamesclark,Raymond Rogers,grimeskrystal@yahoo.com,120,-81.5247765,104.169595
A-,1701,Ferragamo SPA,2021-04-07,"Strada Salvi, 12 Piano 7, 28046, Meina (NO)",BTTCHR61P24M194Z,lgregori,Simone Vittadello,guglielmo09@fastwebnet.it,495,-68.452009,-68.38761
O-,1042,Williams Group,2019-05-21,"631 Hawkins Dale Suite 701, Kingbury, SD 23296",714-78-1772,stevenwilliams,Autumn Logan,ygonzalez@yahoo.com,624,-24.9045445,120.945794
AB-,1627,Förster Stiftung & Co. KGaA,2019-04-06,"Miesallee 72/16, 06356 Weimar",846-08-3394,telse85,Irmhild Eberhardt,vesna82@gmx.de,253,56.336698,36.298968
AB+,1939,Oliboni-Rosmini s.r.l.,2024-04-24,"Contrada Iadanza, 79, 03036, Isola Del Liri (FR)",BCCGST22R46G208E,cutrufoalfio,Dott. Rocco Gremese,staglienorenata@hotmail.it,190,3.008316,172.290774
A-,1805,Freitas - ME,2024-12-15,"Viela de Caldeira, 91, Horto Florestal, 22466-486 Silva / PE",63982410533,mendoncaaurora,Isabela Cavalcante,maria-liz23@uol.com.br,281,2.845623,144.834283
O-,1486,Linke Hertrampf AG,2018-12-01,"Arnd-Klemt-Platz 82-51, 90525 Schwarzenberg",251-51-9295,magnusfranke,Ing. Orhan Förster B.Eng.,weihmannannelie@googlemail.com,391,84.8851285,-66.182749
A+,1994,Reichmann AG,2023-01-02,"Hellwiggasse 74-31, 19859 Brilon",355-63-1580,xschueler,Ingeburg Hethur,hgehringer@googlemail.com,37,20.899094,-84.045029
A+,1645,合同会社吉田銀行,2020-11-14,山口県夷隅郡大多喜町東大和町39丁目6番17号,866-22-9494,yito,吉田 京助,zsuzuki@gmail.com,275,-71.835087,-158.141214
AB+,415,Rezende - ME,2021-10-27,"Passarela de da Conceição, 363, Alto Vera Cruz, 62940-985 Fernandes / MT",03948261750,raquelpimenta,Maria Luiza da Paz,maria-luiza32@bol.com.br,610,-71.9603415,30.389204
AB+,720,Simpson-Knight,2024-12-06,"800 Kendra Hills Apt. 579, Sanchezbury, KS 89128",103-19-1055,donna69,Erin Mullen,greenshelley@hotmail.com,218,-75.446553,27.371022
A-,1395,Abreu Melo Ltda.,2023-10-05,"Trevo de Rodrigues, 13, Nossa Senhora Aparecida, 55378-178 Fogaça de Guerra / PR",30298765438,rezendeisis,Sofia Silveira,moraesluiz-fernando@bol.com.br,182,74.154309,108.646367
AB-,414,"Davis, Holmes and Hughes",2025-06-11,,125-11-8970,rflores,Tracy Armstrong,camposjuan@gmail.com,165,,
AB+,587,Hahn,2022-12-20,"Kruschwitzring 5/8, 97322 Dessau",166-23-5372,filippoweinhage,Birgitt Etzler,dinaebert@web.de,145,89.5526125,-68.322806
A-,618,有限会社田中運輸,2019-10-19,石川県川崎市中原区上野桜木31丁目6番13号 南赤田ハイツ225,720-07-6716,endoyuta,井上 健一,osamusasaki@gmail.com,310,14.1210475,15.987346
B-,1036,渡辺建設有限会社,2023-04-15,福岡県中野区吾妻橋25丁目25番16号,003-95-4676,yosukesasaki,佐藤 桃子,xyamashita@gmail.com,243,-7.8486795,-86.519865
AB-,1660,Sölzer Käster GbR,2018-10-29,"Geislerallee 2-6, 59998 Northeim",839-92-5897,zklotz,Myriam Davids,anny09@googlemail.com,369,45.06136,-73.342437
A-,1294,Mude,2022-07-14,,054-29-4641,krausthomas,Frau Mirja Jäkel,emmywirth@gmx.de,345,-85.863417,57.394466
O+,1493,Campos Ltda.,2024-07-14,"Jardim de Santos, 82, Biquinhas, 69887904 Teixeira de Goiás / RS",27306514970,fogacagustavo,Sr. Pedro Henrique da Rocha,camarabrenda@uol.com.br,520,-85.2734405,-150.751245
A-,312,Araújo Vasconcelos Ltda.,2024-11-07,"Passarela de Aparecida, 53, Serra Verde, 61874-089 Rodrigues / PR",63041295806,sara51,Rafaela Casa Grande,cborges@gmail.com,44,67.5971815,-94.763869
AB+,1944,Williamson Ltd,2019-09-13,"54160 Robert Valley, Lake Amandamouth, OR 07857",319-85-6215,housemelissa,Thomas Young,abigailanderson@yahoo.com,138,-27.956157,-117.470714
B+,777,鈴木水産有限会社,2024-09-23,三重県横浜市戸塚区東上野34丁目22番19号 アーバン西関宿195,741-73-3638,yosukekobayashi,藤田 花子,yuimiura@hotmail.com,745,-71.3739895,82.316794
A+,1011,da Cruz,2025-05-28,"Viela de Leão, 16, Buritis, 29234-604 Ribeiro das Pedras / PB",49207816520,marcelo42,Pietra Dias,eda-cunha@ig.com.br,745,-45.527772,-14.66375
AB-,256,Righi Group,2024-01-14,"Via Amanda, 413, 10100, Torino (TO)",MNTNTL27L57G678M,fspanevello,Annalisa Trincavelli-Samele,iserlupi@gmail.com,139,41.208946,-167.139646
AB+,518,Burns and Sons,2025-04-16,,384-59-5539,daniel63,Janet Fry,sdavila@hotmail.com,620,-42.78157,-21.904679
AB+,2139,Mondadori s.r.l.,2020-09-26,"Stretto Goldoni, 18, 17017, Millesimo (SV)",PRMLGO19L09H803P,evangelistaruffini,Filippa Nitti,camuccinistefania@libero.it,406,,
B+,785,木村水産有限会社,2023-05-21,,583-95-0042,yukiinoue,伊藤 くみ子,hanakoikeda@hotmail.com,494,34.6645045,-145.169996
AB-,1549,Hövel Ehlert GmbH & Co. KG,2025-04-01,,631-28-2731,wolfgang43,Ing. Gerard Ehlert B.Eng.,arndtwilmsen@aol.de,63,-80.7234105,-166.316304
A-,227,伊藤通信合同会社,2020-09-19,熊本県青ヶ島村白金5丁目12番17号 アーバン今戸871,090-34-4155,qokamoto,石井 和也,jendo@gmail.com,403,14.1296985,-115.246272
AB-,1245,岡本食品合同会社,2020-10-11,富山県福生市横林17丁目14番20号 睦シティ302,298-40-1280,yui26,井上 涼平,ryoshida@hotmail.com,396,-81.650057,11.116484
B-,1252,"Barker, Daniels and Robinson",2021-07-30,,262-24-0882,reneehicks,Tammy Carlson,anthonyfields@hotmail.com,324,10.3001,-148.227433
O-,580,Hartung,2021-04-08,"Beerring 37-77, 25694 Plauen",364-44-0110,dstaude,Robby Eberth-Rörricht,bruderjulian@web.de,239,,
O-,1127,"Copeland, Wood and Lawson",2019-12-29,"622 Jessica Shoal, Martintown, NJ 05840",820-02-1937,anthony95,Brian Morales,bjohnson@yahoo.com,152,29.493528,86.189701
O-,767,Knappe Gerlach KGaA,2022-03-26,"Heinz-Werner-Schmiedt-Ring 7, 28173 Rathenow",668-74-4262,christine06,Margret Harloff,madeleinehaering@web.de,622,-33.867954,138.047997
AB-,1249,Almeida Cavalcante e Filhos,2019-11-01,"Via Matteo Souza, 56, Vila Vista Alegre, 53274177 Martins do Oeste / AP",85201394779,otavio83,Isabela Aparecida,rafaela09@bol.com.br,248,,
AB+,1156,阿部電気合同会社,2024-08-31,群馬県国分寺市湯本塩原1丁目8番13号,794-70-3706,kazuyayamamoto,小川 里佳,ryosukesuzuki@gmail.com,133,79.377621,-7.794937
B-,172,Niggli-Vercelloni SPA,2025-03-31,"Vicolo Caterina, 614, 10068, Villafranca Piemonte (TO)",CNTCRL30P19E654O,uzamengo,Lorenzo Tozzi,finottopaulina@gmail.com,305,-62.839252,75.449867
B+,1914,"Campbell, Stewart and Martin",2023-05-04,"25066 Hughes Walks, Port Ronald, MH 95719",204-08-5660,perezstacy,Shawn Petty,valerie98@yahoo.com,463,13.174692,-115.726731
O+,62,山崎電気株式会社,2022-12-08,佐賀県調布市四番町41丁目10番3号,581-23-6328,akemi33,吉田 太郎,byamada@yahoo.com,64,-39.6641155,176.12536
B+,1938,Castro da Conceição - EI,2025-05-21,"Largo Oliveira, Santa Inês, 95120041 Guerra dos Dourados / AM",46583702983,manuela71,Heitor Vargas,da-motaian@hotmail.com,697,-2.511452,12.269448
O+,707,Farmer Inc,2023-02-26,"891 Victor Trace Apt. 325, Lake Kennethberg, TX 07253",103-71-5045,crystal07,Karen Lamb,amber70@yahoo.com,575,,
O+,1766,"Sabbatini, Majewski e Matteotti Group",2023-07-17,"Incrocio Riccardi, 80, 54014, Casola In Lunigiana (MS)",TRVVRN89R10H870Z,hcattaneo,Nedda Sinisi,casaleniccolo@gmail.com,520,-16.312073,-73.998856
A-,1877,Kraushaar Scholl GmbH & Co. OHG,2020-07-17,"Thilo-Mentzel-Allee 619, 33053 Borken",980-67-4857,iweller,Gunter Klemm,nsauer@googlemail.com,502,47.9293695,92.827824
A+,1394,合同会社加藤印刷,2024-06-01,富山県四街道市大京町35丁目9番7号 コート中宮祠473,362-79-0484,chiyo82,前田 幹,maitanaka@hotmail.com,459,,
O-,1805,Young-Hernandez,2019-12-26,"8946 Morales Road Apt. 993, Landrystad, OH 76094",805-54-6481,robert45,Daisy Baker,erikward@hotmail.com,344,70.295207,-154.596305
AB+,101,阿部水産株式会社,2025-03-03,長野県長生郡長生村南赤田23丁目17番14号 鳥越コーポ044,330-92-0680,shotasato,松田 篤司,itoharuka@hotmail.com,536,-79.9917085,175.196317
B-,1997,Abreu,2019-12-13,"Ladeira Daniel Câmara, 96, Novo Glória, 38121-366 Cardoso / TO",85970246310,natalialeao,Larissa da Luz,valentim80@gmail.com,348,57.9140095,-156.43657
B-,1784,Dodson Ltd,2023-05-20,"3803 Bates Burgs Apt. 765, Port Matthew, MN 23336",481-89-2021,elaine65,Michael Rodgers,kolson@hotmail.com,338,,
AB-,1746,"Jackson, Sweeney and Roberts",2020-05-08,"USCGC Gonzalez, FPO AE 01648",012-93-7602,thomaslee,Glen Lambert,charlesmyers@gmail.com,97,6.8099035,-79.403227
O-,767,有限会社加藤情報,2019-01-06,岐阜県八街市東三島37丁目1番18号,813-29-9020,hyamamoto,鈴木 里佳,yamamotonanami@hotmail.com,46,76.8015815,-40.65073
O-,1813,Schmidt,2022-11-08,,198-91-8645,psteuer,Theresia Harloff,cornelius69@aol.de,484,-28.800782,-28.464031
B+,1195,Henschel KG,2024-05-07,"Mälzerplatz 8, 46879 Kaiserslautern",450-65-7842,wielochmichael,Ing. Anne Noack,herrmannkabus@yahoo.de,701,-73.175065,3.24058
AB+,1054,da Mota,2018-12-29,"Feira Diego Rodrigues, 362, Ápia, 40553392 Alves Verde / BA",37104652906,ncarvalho,Mariane das Neves,ferreiraana-julia@gmail.com,624,,
B+,1592,Cortese-Casaleggio Group,2020-11-09,"Rotonda Rosaria, 60, 42049, Calerno (RE)",MLTGNE10T23A882Y,egemito,Adelasia Ligorio-Montecchi,fredoluciani@tiscali.it,157,30.1794485,71.695093
A+,1102,Jenkins Ltd,2025-09-19,"3461 Miller Spur Suite 310, East Joseph, NE 45546",406-29-4935,dnelson,Paul Reed,tmartinez@yahoo.com,227,-19.638025,138.509412
A+,842,Farias,2019-12-30,"Passarela Gael da Luz, 4, Vila Coqueiral, 41020017 Barbosa de da Conceição / MG",34510978693,kevin05,Eduarda Sales,qramos@bol.com.br,98,80.0286455,133.682044
A-,970,合同会社池田通信,2019-04-22,宮崎県日野市長畑38丁目7番6号,593-86-9400,ryamazaki,高橋 桃子,kumiko24@hotmail.com,530,-54.880359,-99.271663
AB+,758,"Olson, Davis and Bailey",2021-06-13,,193-28-4130,jjones,Joseph Green,paullong@yahoo.com,687,34.562772,-2.656998
AB+,1430,"Kennedy, Johnston and Morrow",2021-01-18,"2555 Isaac Pine Suite 498, Stanleyfort, NE 15545",391-36-1059,brittneyhenry,Jasmine Jones,brownjesse@hotmail.com,389,44.981414,-24.349047
A-,231,株式会社森通信,2019-08-22,埼玉県浦安市卯の里20丁目25番7号,299-41-3231,shota34,山本 花子,akira51@yahoo.com,346,9.9025795,-22.617829
B-,2037,Textor,2022-11-26,"Jolanthe-Geisler-Straße 41-63, 97271 Freudenstadt",885-50-7237,hans-heinrichspiess,Dogan Bloch,wolfgangweihmann@gmail.com,707,-5.785779,174.883338
O+,1774,Casa Grande - ME,2024-09-02,,21437685080,ocardoso,Alexia Rodrigues,evelynmartins@bol.com.br,675,-81.8264885,22.642764
B+,1618,鈴木運輸株式会社,2022-07-15,岩手県大島町竜泉18丁目19番6号,710-36-8310,nanami85,松本 真綾,yuitanaka@hotmail.com,296,89.433004,-49.574279
A+,1637,Drubin,2019-05-07,"Löchelgasse 15-34, 15354 Jessen",767-71-6548,steuerrebekka,Anne-Rose Linke,conradijacob@yahoo.de,595,19.707885,127.507018
AB+,1485,Bignami-Vento e figli,2018-12-06,"Borgo Zaira, 21, 14058, Sessame (AT)",CHTLDN75R51A039N,cristinamontecchi,Piersanti Vasari-Scarlatti,xabatantuono@alice.it,604,-61.4497035,-148.771403
A-,193,有限会社田中印刷,2021-03-17,山口県品川区脚折35丁目13番8号,205-12-9973,mai91,清水 涼平,yutafukuda@hotmail.com,569,72.930657,93.863464
AB+,490,太田通信有限会社,2021-01-13,,139-59-9439,hwatanabe,山本 翔太,rei80@yahoo.com,571,-24.977947,175.244713
AB-,2127,Pruschke,2021-12-30,"Neureutherstr. 21, 81295 Werdau",013-70-5692,arogner,Maximilian Hecker,eheinz@gmail.com,464,55.9972185,-155.304689
A+,943,佐藤情報合同会社,2022-09-14,香川県千代田区渡辺13丁目14番3号 クレスト北青山932,250-51-6819,ninoue,福田 知実,kimurakumiko@yahoo.com,250,74.809114,166.248892
AB+,589,合同会社橋本鉱業,2023-04-21,岐阜県東大和市渡辺21丁目17番12号 コート五味ヶ谷171,277-70-6633,naoto41,佐藤 翔太,ksato@gmail.com,40,74.850886,35.324769
AB+,467,Sampaio Mendes - ME,2019-05-27,"Fazenda Manuella Sá, 99, Vila São Rafael, 04367196 Mendonça / PR",74681092304,alanadias,Cecília Oliveira,mariahferreira@ig.com.br,635,18.4940485,-36.984425
O-,607,株式会社橋本水産,2018-12-23,静岡県長生郡一宮町北上野14丁目4番20号,799-34-9900,ksato,藤原 康弘,naokoishikawa@yahoo.com,205,-42.4973035,6.277972
O-,860,佐藤農林合同会社,2020-10-12,沖縄県横浜市栄区西神田41丁目15番7号 富久町パレス234,664-38-2047,zsakamoto,近藤 稔,eokamoto@yahoo.com,200,-81.115175,-144.27085
B-,1886,"Scaramucci, Sagese e Abatantuono s.r.l.",2022-06-08,,MCCNCI36S70F315G,barberiniromolo,Hugo Bresciani,gioacchino36@libero.it,735,-42.1279225,23.574473
A-,1173,"Terrell, Stokes and Townsend",2020-05-02,"62252 Burton Fall, East Stephenview, OK 58880",192-28-4744,blackburnchristopher,Dr. Theresa Johnson,brianna79@yahoo.com,274,-36.0893135,-26.126453
A+,1365,株式会社高橋保険,2023-03-24,,806-20-8727,rmatsuda,田中 京助,naoki55@yahoo.com,373,-23.730628,-31.786684
B-,567,"Jones, Cooley and Vaughn",2021-05-22,"74359 Rose Well Suite 793, Ewingtown, ID 44467",732-35-5011,joshua14,Rhonda Hancock,williamtaylor@hotmail.com,331,26.4198855,94.121797
B-,1772,Costela - ME,2021-07-03,"Favela Sousa, 4, Lorena, 87002-593 Almeida / TO",83046915233,vdas-neves,Maria Laura da Rosa,portomaria-isis@ig.com.br,244,-15.254485,-115.407952
A-,1039,合同会社松田運輸,2024-09-11,鳥取県長生郡一宮町四区町4丁目16番14号,331-41-5569,manabu94,山田 裕太,manabu24@yahoo.com,102,27.035297,99.612923
B+,885,House-Ramirez,2020-11-14,"72421 Lynch Loop Apt. 791, Grimesborough, PR 19759",173-12-6345,colemanamy,Robert Gibson,michael74@gmail.com,122,-20.68562,-155.936611
AB+,2152,Câmara Montenegro e Filhos,2018-10-07,"Estrada Brito, 86, Lajedo, 43089-621 Vasconcelos da Praia / GO",16257439043,aurora99,Catarina Casa Grande,costelajuan@ig.com.br,604,-34.4390295,-132.685014
A-,593,佐藤ガス株式会社,2021-01-16,,030-27-6957,tanakayosuke,伊藤 舞,taro46@gmail.com,526,45.364084,16.144002
O+,1551,近藤印刷株式会社,2025-02-12,神奈川県三鷹市上吉羽28丁目6番17号,186-02-4902,akemi49,遠藤 太一,yuifujita@yahoo.com,96,-87.800411,33.290238
A-,247,"Collier, White and Maldonado",2025-08-10,"77262 Clark Burg Apt. 614, New Kennethshire, LA 14560",884-69-3880,jeffrey04,Shane Brown,kimberly79@yahoo.com,35,61.697077,-172.218962
A+,1571,Perez Ltd,2023-06-24,"9138 Walters Mall, Thomasshire, ME 47366",620-55-8058,johnharris,Timothy King,jomiller@yahoo.com,512,30.5627235,-119.074121
B+,276,Cichorius Stiftung & Co. KG,2021-01-07,"Holtring 4-2, 98156 Wertingen",913-05-8107,gunpfhagen,Luzia Sölzer-Grein Groth,heinzliliana@gmail.com,131,-73.341517,50.329267
A-,1785,Rocha-Stewart,2024-11-08,"9410 Dawn Flat, Taylorbury, DE 81507",586-04-3983,gcruz,Jerry Palmer,laurieharris@gmail.com,608,-77.107853,-40.654632
A+,1528,Jones-Smith,2020-05-06,,881-21-7111,uphillips,Amber Berger,cartercarol@gmail.com,516,52.20407,-135.350119
A-,2127,Burton and Sons,2024-02-18,"322 Dylan Parks, Morganton, SC 17354",288-77-4567,bellwalter,William Barber,jessicabrown@gmail.com,125,72.7703805,145.870503
O-,1150,Armani-Raimondi SPA,2019-02-14,"Rotonda Ninetta, 540 Appartamento 2, 39053, Bluma (BZ)",MSTTNI61L29B054A,mserlupi,Tiziano Toscani,bovaantonino@libero.it,739,-32.901294,163.854298
AB+,1245,株式会社小林電気,2024-08-06,滋賀県横浜市都筑区箭坪39丁目20番20号 猿楽町アーバン656,561-97-5947,gabe,西村 知実,kanayamamoto@hotmail.com,204,1.071196,24.813525
O+,779,株式会社田中印刷,2018-11-02,山口県いすみ市松石17丁目12番12号 コート下宇和田114,803-53-1974,maitakahashi,田中 健一,itomomoko@hotmail.com,117,-9.216373,77.97404
A+,1664,Moreira,2022-09-12,"Condomínio Macedo, Alto Caiçaras, 64675900 Melo / BA",81647025362,luigi10,Luiz Henrique Rezende,pachecoluiz-gustavo@uol.com.br,713,48.5555005,69.775903
B+,1553,Herrera LLC,2020-08-30,"179 Jennifer Inlet, Williambury, NE 80572",049-64-8727,wilsonmichael,Brian Brooks,crystalhill@hotmail.com,190,-32.2231625,145.125914
O-,1977,Dehmel,2021-08-13,"Hans-Adolf-Carsten-Platz 7-1, 24529 Hansestadttralsund",517-74-5296,qhiller,Michelle Jacob,geisslerliesel@aol.de,15,-43.016818,151.501216
B-,1091,"Montgomery, Mccormick and Small",2021-02-16,"74006 Nicole Gardens, Lake Erin, AS 55297",039-54-5386,beckerjoseph,Audrey Browning,obarnes@yahoo.com,45,-17.809122,118.503697
O+,734,"Leoncavallo, Mastandrea e Solari s.r.l.",2024-12-12,"Contrada Marconi, 61 Appartamento 60, 39012, Untermais (BZ)",CHDSTN57T07D843S,bevilacquasimonetta,Raffaello Spanevello,vittorio10@hotmail.it,537,16.98567,-44.726336
O+,305,Pelli-Tamburello s.r.l.,2024-10-31,"Stretto Vincentio, 37 Appartamento 28, 61044, Chiaserna (PU)",PRNVNC37H52I185X,livia13,Alessia Casarin,mastandreamauro@gmail.com,640,62.0934865,-77.406025
AB-,1698,Carsten AG & Co. OHG,2024-11-05,"Ehlertallee 4360, 23465 Miesbach",044-82-9377,wbutte,Hans-Günter Atzler,muelichenyilmaz@aol.de,145,71.8639245,60.142301
AB-,731,Roman-Rose,2020-10-15,"29365 Cooper River Suite 468, North Douglas, WA 44135",397-89-2142,hmurphy,Brenda James,nealjeffrey@hotmail.com,129,-60.7365105,144.358811
A+,1843,有限会社佐藤情報,2020-12-17,奈良県夷隅郡大多喜町千塚18丁目26番13号,528-81-2924,yoichikondo,加藤 あすか,mikiyoshida@yahoo.com,225,59.1798915,-170.005558
A+,1696,Vasconcelos,2021-07-21,"Morro de Aragão, Alípio De Melo, 40688-436 Guerra / RS",48763509148,benjamim07,Léo Garcia,caroline62@ig.com.br,625,69.149718,75.72835
O+,1854,Maffei SPA,2019-03-25,"Canale Coardi, 155 Piano 2, 16126, Genova (GE)",FLRRLD96H57D132D,maurilio60,Vittorio Pigafetta,torquato10@fastwebnet.it,71,74.2846135,-95.28846
B+,1946,Williams-Cox,2019-10-08,"378 Anna Lane, Tiffanyview, MT 08212",585-18-9191,qtanner,Gabriela Williams,ieverett@gmail.com,507,66.295891,161.861745
O+,2018,Brito Correia Ltda.,2025-05-26,"Jardim de da Conceição, 8, Canaa, 23813513 Correia / CE",29573604892,almeidaluana,Heloísa Sousa,ana-livia80@uol.com.br,673,-72.272291,47.728091
A-,317,Bianchi s.r.l.,2025-08-28,"Vicolo Giulio, 9 Appartamento 1, 25044, Capo Di Ponte (BS)",RRONNI16L56L023Y,gianfranco93,Giulietta Balbi,einaudidante@live.com,305,12.2243975,175.65666
B-,960,"Spencer, Ball and Mitchell",2019-05-14,"478 Livingston Station, North Mary, AL 56136",546-88-8441,michael11,Teresa Chavez,alanmartin@hotmail.com,163,-75.3280465,161.803589
O-,748,伊藤情報有限会社,2022-10-14,島根県新島村皇居外苑1丁目18番18号 コート百村693,885-31-2603,tanakakaori,森 里佳,saitomaaya@hotmail.com,157,57.839861,100.957879
A-,1000,鈴木電気合同会社,2023-06-25,和歌山県調布市方京8丁目14番13号,329-88-1027,manabu98,高橋 治,tsubasa79@hotmail.com,153,-70.2720895,-111.070219
B-,153,有限会社三浦建設,2021-06-14,福岡県目黒区小入35丁目18番3号 アーバン上高野693,344-43-7419,satomiyamamoto,吉田 香織,yamaguchitomoya@yahoo.com,692,51.394714,-126.106658
A-,862,Verri-Milanesi SPA,2022-09-05,"Borgo Lidia, 735, 21019, Maddalena (VA)",PGLNZE33B62I126V,antonino46,Nanni Offredi,lucrezia45@yahoo.com,164,77.63627,171.36438
AB-,1896,"Correr, Marenzio e Sabatini SPA",2019-08-26,"Incrocio Luna, 440 Piano 3, 26864, Ospedaletto Lodigiano (LO)",RGGLRA95L11B960E,anichinisergius,Livia Gatto,adele08@gmail.com,573,51.38463,174.282644
B-,992,Mendonça S/A,2021-07-06,"Lago Vitória Gonçalves, 197, Buritis, 56374-891 Souza / SE",05326149761,macedobenjamin,Sr. Luiz Otávio Jesus,fcirino@gmail.com,728,47.347673,178.425862
AB+,989,株式会社加藤鉱業,2023-09-23,徳島県八千代市箪笥町31丁目18番17号 平河町アーバン499,622-58-3916,haruka12,松田 直人,yui73@yahoo.com,585,-74.3747385,-46.964213
B-,907,Hornich,2020-01-26,"Röhrdanzplatz 7, 19331 Görlitz",068-42-4455,beierdolores,Kurt Karge,dietlindmartin@googlemail.com,369,24.941961,132.967916
A-,1490,Rice PLC,2025-04-09,"05126 Santiago Forest, Port Karamouth, NY 70816",550-09-4191,taylorkatie,William Dunn,landerson@hotmail.com,4,84.926552,92.243169
B-,1779,Coardi e figli,2023-05-20,"Piazza Ludovico, 98, 98158, Faro Superiore (ME)",GNNLBT86E55D475G,edonini,Venancio Zaccardo-Ariasso,tvisintini@alice.it,243,-49.601149,-142.176885
A+,1453,株式会社福田電気,2024-05-22,,368-17-1069,moriyoichi,佐藤 千代,naokiyamada@hotmail.com,171,-0.781324,12.100938
A-,171,有限会社斎藤保険,2022-06-03,長崎県横浜市瀬谷区芝公園1丁目8番6号 油井クレスト505,229-10-6340,naotomiura,高橋 幹,yuki59@gmail.com,446,-42.1559915,57.477592
AB+,56,da Costa,2021-11-14,"Sítio Almeida, 99, Vila Copacabana, 27807608 Rios / PA",06537149800,emanuelladias,Maya Carvalho,uda-conceicao@bol.com.br,596,24.8638235,-139.622523
A+,1158,Heß Köhler KG,2020-12-27,"Killerring 617, 37595 Mallersdorf",490-32-6351,jweimer,Aleksej Finke,adlermargarethe@gmail.com,475,,
B+,872,Mcclure-Craig,2020-08-08,"236 Robin Hollow, Port Samuel, UT 61589",357-83-9291,michaelcooper,Christopher Austin,laurie39@yahoo.com,381,-84.7173775,-141.955632
A-,1725,Camargo Dias - ME,2025-01-23,"Via de Moreira, 67, Conjunto Jatoba, 48627-382 da Mata / SC",82907614576,camarakevin,Gabriela Lima,macedojoao-gabriel@ig.com.br,513,-46.535987,-96.74916
B-,1140,Totino s.r.l.,2024-02-24,"Stretto Piero, 7 Appartamento 5, 38013, Fondo (TN)",GGLVRN85H22F173E,paganinitatiana,Sig. Gionata Delle,ssalata@hotmail.com,565,-52.5155055,-20.495608
B-,2090,高橋印刷有限会社,2019-07-08,広島県八丈島八丈町戸島27丁目24番11号 四区町シャルム927,831-78-4197,ctanaka,岡田 太郎,taichikobayashi@hotmail.com,214,-50.5705065,170.291151
B-,986,Aporti-Tebaldi SPA,2025-03-28,"Incrocio Balla, 937, 15011, Acqui Terme (AL)",VSMDMN60C57A089W,grazianoparmitano,Stefania Valentino,dcaccioppoli@libero.it,486,23.1297425,170.166757
A-,213,Radisch Davids KG,2021-02-25,"Filiz-Fröhlich-Allee 2/7, 55380 Lichtenfels",565-75-1381,martine18,William Beyer-Rogge,obecker@gmx.de,24,28.03336,161.382719
O-,871,Pisano SPA,2025-06-16,"Borgo Gabriella, 91, 36013, Piovene Rocchette (VI)",BLBMRN22B07B717A,isasantoro,Cesare Branciforte,ecadorna@alice.it,745,1.6511385,97.941025
AB-,84,"Rogers, Hunter and Barton",2021-08-17,"01516 Drew Rue, Williammouth, FL 43075",059-24-1239,frances69,Amy Davidson,anthonyhodge@hotmail.com,479,79.847914,-154.211788
A-,969,佐々木運輸合同会社,2019-05-19,福井県香取市中三依32丁目17番19号,867-06-4176,yoichi17,林 零,saitoakira@yahoo.com,447,61.5191755,10.798056
A-,373,中島印刷株式会社,2021-07-28,鳥取県横浜市都筑区東神田18丁目15番8号 パーク小入074,610-43-4324,takahashirika,山田 幹,ctanaka@yahoo.com,376,-20.7461155,81.472982
AB+,1630,Nerger KG,2024-07-09,"Heintzeallee 70/13, 88180 Apolda",217-68-9152,cengizbauer,Univ.Prof. Katalin Mielcarek,glinke@yahoo.de,663,-12.8982735,75.714572
O-,638,"Campbell, Jordan and Lozano",2019-09-25,"PSC 9231, Box 1500, APO AE 27240",347-28-9761,jacqueline54,Joseph Ramirez,cherring@gmail.com,236,-40.88845,-143.053116
O+,1448,Oliver-Clements,2025-06-15,"612 Amy Isle, Gordonmouth, AK 13358",012-55-8075,lrivera,Kenneth Higgins,taylor00@yahoo.com,239,60.9480895,70.001493
O+,299,有限会社佐藤通信,2025-06-21,静岡県目黒区権現堂40丁目15番11号 四番町コーポ559,478-04-9960,satominakajima,鈴木 智也,manabu21@yahoo.com,197,44.5625105,-156.14931
AB-,1403,株式会社青木電気,2018-12-22,山形県町田市細野11丁目20番12号 日本堤パーク912,340-90-3129,akira17,坂本 桃子,otasotaro@hotmail.com,318,,
O-,1359,Vercelloni-Campano SPA,2022-06-29,"Via Monaco, 59 Piano 9, 90137, Palermo (PA)",CHPLCN69P05B366J,gsommaruga,Dott. Torquato Bosio,gabriele71@vodafone.it,718,58.1231055,173.945297
A+,978,有限会社山崎鉱業,2022-05-14,沖縄県印旛郡印旛村外国府間4丁目7番7号,510-15-8464,rei47,前田 香織,ltakahashi@hotmail.com,308,45.457121,72.792156
B+,1449,Kallert Boucsein AG,2019-04-10,"Baptist-Schleich-Allee 5/5, 17465 Oschatz",798-71-2458,wrose,Brunhild Klingelhöfer,jhoffmann@aol.de,203,16.783318,-124.325036
O-,747,"Jones, Anderson and Foster",2020-01-26,"586 Aaron Points, Smithbury, KS 94991",502-68-9158,owhite,Justin Tate,smontoya@hotmail.com,422,-58.1458075,-35.286071
O+,1662,株式会社中村水産,2018-10-31,愛媛県青梅市箪笥町31丁目19番12号 松石シティ395,724-52-5702,hidekiendo,小林 春香,ikedataro@hotmail.com,72,-35.697017,134.215632
A+,96,Porto,2025-05-14,,04672839150,alice66,Milena Carvalho,eduardo84@yahoo.com.br,562,-61.410363,-128.687954
B+,1908,有限会社斉藤ガス,2021-02-16,千葉県八丈島八丈町前弥六41丁目10番3号 パレス日本堤096,717-35-0599,qaoki,加藤 英樹,kenichiyamaguchi@yahoo.com,612,0.3087865,-78.173314
AB-,37,Pastor Ltda.,2022-12-21,"Loteamento da Mata, 90, Vila Piratininga, 77204167 Montenegro da Prata / AM",24856197002,ryan41,Giovanna Freitas,maria-fernandacunha@hotmail.com,26,-48.526103,73.218056
AB-,500,das Neves,2020-04-16,"Sítio de da Mata, 9, Novo Tupi, 92374-104 Oliveira / PI",76143025916,ipastor,Matheus Costa,barbara07@hotmail.com,126,78.646516,50.05298
AB-,83,Vasconcelos Mendes - ME,2025-08-04,"Jardim Maria Eduarda Mendonça, 22, Pompéia, 28505-293 Sampaio / DF",52910648702,gaelborges,Sra. Maria Cecília da Mota,andradeleticia@uol.com.br,313,-12.447046,-14.321142
O+,817,"Brooks, Morales and White",2025-01-24,"7290 Shaun Forest Apt. 496, East Benjamin, DC 19134",745-40-6904,masseyjose,John Harvey,jacobsnyder@gmail.com,170,86.8189175,2.78763
B+,1527,有限会社長谷川食品,2025-04-10,石川県八王子市押上42丁目4番12号 コーポ芝公園504,258-89-9912,sakamotoshohei,小川 翼,akirafujita@gmail.com,637,-78.95565,107.090267
O-,1257,Sousa,2025-02-24,"Avenida Ramos, 9, Barão Homem De Melo 3ª Seção, 65341-893 Gonçalves da Serra / RO",86495017375,noah18,João Felipe Ferreira,upimenta@bol.com.br,258,88.0383355,79.443558
A-,1061,Machado,2019-02-02,"Distrito de Cavalcanti, 55, Jaraguá, 33928084 da Rocha dos Dourados / RN",90364218703,ipastor,Henry Gabriel Vieira,emanuelly16@hotmail.com,393,-73.995001,-171.261404
A-,607,Macedo,2022-04-10,"Quadra José Abreu, 957, Vila Tirol, 04388891 Alves de Abreu / SP",62891473078,oborges,Mateus Nunes,enrico53@ig.com.br,485,19.797719,31.959233
AB-,281,Trebbi-Soffici Group,2022-08-12,"Piazza Federigo, 546 Piano 2, 20127, Milano (MI)",JVRDNL01P10G217Q,flavia81,Coriolano Murialdo-Gozzi,scaleraetta@virgilio.it,678,-35.596977,-60.709931
O-,745,高橋ガス有限会社,2024-09-17,,824-75-3340,okadaakemi,清水 明美,endosayuri@yahoo.com,451,-56.0473075,-134.357776
AB+,144,Vieira e Filhos,2020-04-14,,14270869313,vitor16,Ian Duarte,bnascimento@gmail.com,317,87.775985,51.24619
A-,2091,山口通信合同会社,2021-02-03,石川県川崎市中原区三ノ輪18丁目22番4号 芝公園コーポ346,786-06-0190,akemimori,山本 舞,kyosuke88@hotmail.com,587,-26.154584,-115.709777
A+,20,"Guerrero, Castaneda and Bishop",2020-08-02,"0433 Peterson Extensions, Lake Kristaberg, IA 19105",461-51-1416,millerchelsea,Vincent Abbott,joanneorozco@gmail.com,131,,
AB-,1863,Ditschlerin Rörricht Stiftung & Co. KGaA,2025-04-15,"Dippelring 4, 63510 Plauen",230-75-8151,bluemelhans-hermann,H.-Dieter Dietz,gerta26@yahoo.de,270,82.198014,-136.966329
A+,271,Sorgatz Martin Stiftung & Co. KG,2021-05-27,,840-66-1150,alexschacht,Franz Wirth,heidrichcarmelo@gmx.de,403,27.9695115,9.55474
B-,682,Waters Ltd,2020-09-02,"67285 Rivas Dale Suite 214, Danaton, SD 10968",020-11-6492,ywashington,Mrs. Laura West DDS,floresnicholas@yahoo.com,270,-88.781626,76.415923
B-,284,佐藤鉱業有限会社,2020-07-25,山梨県東久留米市戸島25丁目19番13号 コーポ中三依848,785-19-4691,asasaki,太田 晃,kazuya43@gmail.com,289,-44.7999635,-137.322582
A-,797,Pinto Costela S/A,2021-09-20,"Sítio Leonardo da Costa, Gutierrez, 74440383 Novais do Oeste / DF",47896231573,carvalhomaria-clara,Marcelo Casa Grande,amandacirino@bol.com.br,627,11.493376,-25.562009
O+,1481,株式会社小林鉱業,2024-12-12,宮崎県川崎市高津区日比谷公園23丁目26番14号 ハイツ北青山661,319-04-3502,wsato,中村 太一,yoko23@gmail.com,626,68.595008,108.591599
AB+,991,Juncken GmbH & Co. KG,2019-05-18,"Gröttnergasse 98, 71791 Ebermannstadt",212-69-7166,pechelilka,Hans-Günther Schomber,victormeyer@gmail.com,520,18.688648,-66.76981
AB-,1480,福田鉱業有限会社,2022-11-20,山口県横浜市南区上野公園30丁目7番1号 北上野クレスト001,332-85-2500,takahashikazuya,鈴木 裕美子,sotaro00@yahoo.com,211,35.998254,34.366821
AB-,388,Gieß,2024-11-28,,660-68-0226,marzena31,Univ.Prof. Willfried Preiß,steymarvin@gmx.de,305,-9.5665835,97.88197
B+,1119,Morosini Group,2022-10-03,,TNSGLN00E14I126D,bernardo81,Simone Tognazzi,yturati@libero.it,208,20.1996735,-47.893514
A-,1752,Ruppert Stiftung & Co. KG,2021-07-04,"Zimmergasse 87-58, 73803 Eisenhüttenstadt",586-51-0846,erdmute75,Martha Gröttner MBA.,karlheinzloechel@yahoo.de,639,-31.9054805,93.234345
A+,1911,da Mata,2024-09-07,"Ladeira Otto Nunes, 90, Pedreira Padro Lopes, 94883778 Mendonça / GO",23748906196,murilo50,Maria Luiza Albuquerque,benicio02@yahoo.com.br,675,-51.51819,-27.658941
AB-,24,Rezende,2023-06-12,"Área Emanuel Cunha, 93, Alto Dos Pinheiros, 62758090 Silveira / RO",03657918221,luiz-fernandocunha,Ana Liz Araújo,luigi87@bol.com.br,469,-23.776025,-110.460517
O+,414,"Pizzo, Tartini e Delle e figli",2020-06-23,"Canale Schiavo, 47 Piano 2, 75027, San Giorgio Lucano (MT)",LVTMRN64L08H752S,raimondopiane,Claudio Oliboni,tonia65@live.com,63,76.34041,141.811792
AB-,1655,Flantz Wähner GbR,2021-04-05,"Beckmannring 14-68, 94069 Eckernförde",705-14-6600,gdrewes,Frau Henriette Ullmann MBA.,mohammed01@web.de,25,80.136568,-159.681476
AB-,248,Collina Group,2020-12-03,,PRSGVN03A29I779M,giuliomonti,Annalisa Trapanese-Scalera,tiziana31@fastwebnet.it,616,-89.709259,50.81025
A-,998,Gilardoni SPA,2018-11-25,"Contrada Mastandrea, 51 Piano 7, 28922, Verbania (VB)",PDRCRL58L67M365R,zbajardi,Dott. Ezio Mondadori,angelica08@tele2.it,298,-37.057917,14.947123
B+,1451,合同会社阿部食品,2024-12-15,三重県昭島市羽折町21丁目17番17号 ハイツ渡辺444,553-52-4573,satojun,中村 翼,hiroshiyamada@yahoo.com,110,56.0624935,-59.331076
O-,1103,Pärtzelt KG,2024-12-29,"Putzplatz 9-1, 50058 Eisenberg",967-17-7497,helma99,Ron Hofmann,susannejaekel@web.de,223,51.185614,154.690543
A+,1543,das Neves Aragão - EI,2021-05-26,"Área de Sales, 28, Santa Maria, 11934876 Melo Grande / DF",67904385139,souzaemilly,Sofia Camargo,viniciusbrito@yahoo.com.br,49,-44.4721525,162.956998
O+,277,"Marangoni, Pastine e Pergolesi SPA",2021-01-29,"Strada Dario, 65 Piano 0, 95018, Riposto (CT)",BRBFRC24B43H804J,fabriziafusani,Adelasia Veneziano,adele94@tin.it,126,26.108092,-141.73753
O-,323,Araújo,2022-05-14,"Núcleo Farias, Capitão Eduardo, 97776585 Araújo / PI",25037164826,vargaspietra,Manuela Moraes,emillyvieira@yahoo.com.br,520,,
B+,378,合同会社井上農林,2021-07-18,兵庫県品川区丹勢33丁目10番19号 東大和町パレス461,060-19-8322,maayasaito,佐藤 幹,itotaro@gmail.com,604,39.1725765,-132.475021
B+,1931,Pires Cardoso - ME,2024-06-22,,58064372135,yuri00,Dr. André Porto,theodorosilveira@hotmail.com,568,89.16538,168.55844
AB+,22,Kirby-Rogers,2023-08-20,"702 Page Terrace Suite 521, Figueroatown, MA 00883",387-01-7321,melissa14,Linda Trujillo,qroman@hotmail.com,616,-13.5605925,54.114932
AB+,291,Lübs,2020-07-20,"Reinhart-Heuser-Weg 91-14, 41705 Wetzlar",498-51-8271,kaestersylvio,Trudel Ritter,dzimmer@aol.de,586,68.603167,100.653318
O-,1915,小川水産有限会社,2022-10-18,東京都川崎市多摩区外神田20丁目14番11号 コーポ二つ室017,820-99-5333,ysato,青木 洋介,ogawaharuka@yahoo.com,229,-7.1929655,159.218787
O+,1083,有限会社鈴木運輸,2025-02-28,神奈川県小笠原村橋場9丁目27番19号 パレス南赤田736,678-32-4092,yokokato,藤原 洋介,shimizunaoko@gmail.com,499,10.374898,139.995825
AB-,1745,"Badoglio, Nitti e Trincavelli SPA",2022-02-08,"Vicolo Luciana, 431 Appartamento 56, 50132, Firenze (FI)",RBBNNR13A21E992A,lgaluppi,Concetta Donatoni,gpalombi@gmail.com,133,11.1248065,-169.613541
AB-,1371,Jesus,2025-06-10,"Loteamento Alexandre Vieira, 48, Mineirão, 65359-770 da Mata da Mata / PI",87913650230,qoliveira,Cecília Guerra,monteiroraquel@uol.com.br,714,17.778569,-29.911886
A+,1600,Heß,2019-02-05,"Zbigniew-Lindau-Platz 9-3, 99091 Dessau",706-60-7416,fabian28,Univ.Prof. Margaret Blümel MBA.,heinrichkemal@yahoo.de,341,-0.547389,61.517817
A-,1131,Filzi Group,2021-12-26,"Rotonda Beppe, 0 Piano 5, 45014, Villaregia (RO)",GRTGNT58L62I486L,susanna39,Margherita Roero,giovanniballa@gmail.com,148,70.9678805,-51.92758
A+,1582,Hunter-Brooks,2021-05-07,"92859 Edwin Lake Apt. 147, Lake Jaychester, FL 60627",103-82-7745,yfisher,Jacob Garcia,crystalporter@hotmail.com,350,45.6410075,6.607656
B-,503,Silveira,2023-10-13,"Quadra de Aragão, 80, Jardinópolis, 20735-947 Moraes de Minas / PE",26409713525,wgarcia,Danilo da Mata,ualmeida@ig.com.br,375,-64.8538345,-172.880854
O+,1625,"Piccinni, Cadorna e Agazzi e figli",2018-09-30,"Incrocio Filippo, 240, 15058, Viguzzolo (AL)",CRQSTL06P08E253R,albertoemanuelli,Dott. Sole Brambilla,bernardo14@gmail.com,682,-61.3417055,-131.088739
O+,348,Hölzenbecher Thanel KG,2019-07-31,"Rosina-Baum-Weg 65/99, 64452 Soest",298-48-2967,walli11,Antje Beckmann,ntintzmann@googlemail.com,701,2.8208935,-91.644321
O+,1891,Johnson-Adams,2022-10-22,"745 Ramos Glen, Josephfort, DE 29821",357-77-4632,whitney24,Krystal Boone,jeffreystrickland@yahoo.com,119,52.6675475,-29.200874
AB-,912,Travaglia SPA,2018-10-07,"Stretto Armando, 9, 13875, Ponderano (BI)",SRFRMI29M14H781D,nporzio,Isa Turchi,puccio86@live.com,455,43.5637455,-35.826884
AB+,394,Wilson LLC,2024-08-29,,068-53-6682,brittanybutler,Thomas Sharp,bowmancassandra@gmail.com,246,81.173414,2.31204
AB+,631,有限会社渡辺水産,2023-03-20,愛媛県横浜市鶴見区南赤田1丁目7番12号,470-53-4299,kazuya28,鈴木 あすか,nakajimaosamu@gmail.com,20,7.8439795,-36.808813
A-,363,"Bush, Whitaker and Watkins",2024-02-09,"963 Aaron Roads Suite 368, North Sarahfort, MI 87516",858-14-3092,cheryl21,Calvin Gonzalez,foxlisa@yahoo.com,258,31.699177,115.579143
B+,2146,鈴木水産有限会社,2020-01-24,福岡県板橋区日本堤4丁目17番1号,021-20-2096,ykobayashi,橋本 あすか,watanabenaoki@yahoo.com,334,-63.338662,-26.566635
B+,1204,合同会社井上銀行,2023-07-29,石川県墨田区東上野24丁目8番11号 アーバン高輪301,015-28-1397,naotoendo,山口 七夏,chiyookamoto@hotmail.com,649,-17.2677345,38.402819
O+,300,Watts-Hickman,2019-05-04,"2853 Bethany Views Suite 401, Lake Samantha, MS 88612",141-22-1103,richardrodriguez,Kathleen Taylor,roynicholson@yahoo.com,227,47.168482,149.115808
AB+,1079,Smith-Lloyd,2019-05-29,"580 Stephens Trafficway, Lake Davidstad, AK 71007",302-16-8867,philliplozano,Michelle Cummings,probles@hotmail.com,11,,
O+,67,Reid-Smith,2019-07-13,"618 Andre Avenue Apt. 708, Timothyland, AK 16904",550-70-8375,ptaylor,Kyle Harrington,fernandezrobert@yahoo.com,169,-34.564099,-93.286161
AB+,962,Kensy KG,2022-10-09,"Kranzstr. 18-36, 96340 Coburg",808-61-5091,weimerhassan,Kemal Hettner,hauffereveline@gmx.de,654,81.234769,8.902501
B-,878,"Davis, Cowan and West",2024-12-30,,434-50-0465,hcollier,Zachary Gray,curtis00@gmail.com,550,-34.088579,-40.777694
A+,135,Araújo Ltda.,2025-08-11,"Viaduto de da Rosa, 44, Belvedere, 56322-040 da Rosa do Campo / SP",06178529449,lda-cruz,Hadassa Dias,sophie79@bol.com.br,331,-50.6374715,-133.286613
AB+,2004,Gradenigo-Chigi s.r.l.,2021-06-18,"Strada Lucio, 613 Appartamento 8, 61022, Morciola (PU)",BRGFDG40R65C231S,lucreziagarozzo,Marco Carriera,spanevelloroman@yahoo.com,528,-30.344697,103.780403
AB-,1320,合同会社山本印刷,2020-03-01,三重県印旛郡栄町虎ノ門32丁目5番6号 シャルム千塚415,343-44-3053,taro51,佐々木 浩,atsushitakahashi@hotmail.com,536,,
B+,201,Aragão Caldeira Ltda.,2023-01-22,"Viela Alves, 805, Padre Eustáquio, 50766429 Ferreira / RJ",18734529004,gabrielly26,Juliana Araújo,qcamargo@bol.com.br,213,,
O-,1906,da Cruz Vargas - EI,2021-04-17,"Estação Rezende, 133, Santa Efigênia, 10479622 Farias / MT",51679342061,kaique14,Marcela Jesus,manuella21@gmail.com,647,31.617736,2.151318
B-,2024,Fischer GbR,2025-03-20,"Hofmannstraße 35-59, 21594 Roth",083-33-3295,rbaehr,Kai-Uwe Fiebig,ritaspiess@web.de,406,-13.7038995,-107.150992
AB+,1551,Blair-Gomez,2025-08-27,"085 Baker Mount, North Krista, OK 18349",723-83-3773,tayloranthony,Charles Barr,tkrause@hotmail.com,533,35.6535615,-7.101043
A-,258,"Duse, Peano e Interminelli e figli",2023-01-27,,FGGPRG89M58F420U,danteravaglioli,Paloma Ferrazzi,callegarifabrizio@outlook.com,312,-80.5344515,80.936656
O+,730,Hertrampf,2019-03-03,"Traugott-Stiffel-Straße 6/7, 75844 Reutlingen",959-11-3617,jolanthe64,Kenneth Mülichen MBA.,wernerhans-detlef@aol.de,426,-86.061666,-19.144352
A+,1981,Schmiedt Röhricht Stiftung & Co. KG,2023-02-11,"Tilo-Sauer-Gasse 71, 45122 Hohenstein-Ernstthal",089-09-4695,finkeheinz-wilhelm,Wibke Salz B.Sc.,giorgio96@gmail.com,168,37.578026,66.792123
A+,1653,"Bullock, Hernandez and Wells",2022-11-27,,016-80-9866,briannacooley,Sarah Campbell,janicemolina@hotmail.com,9,-53.238406,115.720249
B-,1320,Santos Ltda.,2023-03-04,"Rua Caio Albuquerque, 56, Fazendinha, 52203125 da Cunha de Fernandes / PE",15284906730,maria-juliafernandes,Bruna Teixeira,auroranunes@gmail.com,330,,
A-,1627,佐藤銀行有限会社,2023-10-09,岩手県豊島区平須賀13丁目6番15号 アーバン渡辺766,851-03-7591,satosatomi,加藤 篤司,hidekisuzuki@hotmail.com,532,-6.184024,-14.31671
B-,286,合同会社阿部農林,2024-12-14,,734-33-0144,yumiko76,伊藤 真綾,syamaguchi@gmail.com,605,-35.395986,-17.958866
B+,514,Hesse OHG mbH,2024-10-26,"Josefine-Zahn-Ring 6/3, 29355 Bersenbrück",832-11-6932,junkenevelin,Ing. Anette Schleich B.Sc.,vinkomeister@gmail.com,180,-63.1952685,62.97989
A+,1427,da Mota Ltda.,2018-12-30,"Feira Sabrina Aragão, 51, Vila Inestan, 04379163 Andrade / RR",23506189433,marquescalebe,Dra. Alexia Barros,esther57@gmail.com,158,3.532614,78.746266
AB-,1113,Monroe PLC,2022-05-27,"7446 Nicole Drive, Wilsonport, SD 37467",070-63-4631,lowetiffany,Joseph Wilson,halljeffrey@hotmail.com,50,43.3682725,-160.10174
A-,1658,Pellegrini-Zabarella e figli,2024-11-18,"Via Avogadro, 156, 10124, Torino (TO)",GRCGSN45H68I154Q,toscanilando,Vanessa Cristoforetti,dballa@fastwebnet.it,620,-45.4741095,-102.817865
O+,1661,Mozart-Galvani e figli,2019-11-05,"Stretto Altera, 679, 22044, Inverigo (CO)",GRCFRC01L17C703Y,lucio95,Rosalia Bartoli,aldo62@gmail.com,307,-70.2857985,157.217007
O+,1274,"Taylor, Bautista and Johnson",2025-09-15,"7569 Garrett Radial, Weissland, DE 82274",659-91-0692,utorres,Steven Roy,kristinroberson@yahoo.com,519,-78.1211185,39.023562
AB+,1927,"Delacruz, Rice and James",2020-11-03,"3439 Boyer Lodge, Lake Lindsay, PW 66337",141-99-4419,audrey19,Julie Price,richard32@gmail.com,352,-59.1143165,-101.515736
B+,1635,Moraes,2020-09-01,"Trecho Alexandre Santos, 44, Vila São Francisco, 49055683 Almeida dos Dourados / TO",84950263170,maria-florgoncalves,Ravi Lucca Pacheco,ribeirorodrigo@yahoo.com.br,23,-58.445269,89.184112
O-,1131,Alboni Group,2018-10-18,"Incrocio Fabia, 49, 13010, Villata (VC)",LGRLCU08A63G614E,benvenutostefanelli,Dott. Maura Ceri,saracinofranco@virgilio.it,245,-71.7599415,-119.031574
AB-,886,Espinoza-Brown,2023-04-15,"51316 Brown Underpass Suite 576, Lake Samantha, VI 23546",125-20-1200,amandamartinez,Stephen Diaz,andrewhamilton@hotmail.com,115,-82.8602585,90.990249
B+,555,James and Sons,2019-10-01,"74036 Mccullough Rapid, Terrimouth, WI 21013",171-50-6132,nmccormick,Sean Clark,xrodriguez@gmail.com,1,-66.418086,62.696487
B-,176,佐藤保険有限会社,2024-05-24,広島県横浜市港南区浅草35丁目5番17号 蟇沼シティ628,325-10-5883,bsato,石井 花子,shota35@gmail.com,421,-84.0713475,56.703796
AB+,8,伊藤農林合同会社,2023-04-17,滋賀県横浜市鶴見区山中新田2丁目17番3号 二つ室シャルム151,451-44-3543,yokada,山口 香織,harukamori@yahoo.com,430,-14.501339,-60.277405
B+,1597,Bender KG,2019-07-19,"Hethurplatz 46, 24438 Konstanz",960-15-4478,hartungrosalie,Helena Schulz-Döhn,luciekrein@web.de,237,-89.576378,-91.245555
AB-,383,Karz Ullmann AG,2019-07-19,"Joerg-Paffrath-Weg 7-7, 41645 Lörrach",246-28-7971,elena25,George Loos MBA.,vinko78@yahoo.de,685,-15.342468,-127.348008
O+,686,佐藤鉱業株式会社,2025-09-22,鳥取県品川区南赤田9丁目14番19号 パーク独鈷沢451,559-57-7266,rfukuda,斉藤 里佳,okamotomomoko@gmail.com,33,-46.725119,-108.546849
O-,154,Barros e Filhos,2025-06-16,"Vereda Silva, 89, Providencia, 09763-837 Duarte do Sul / RR",36780924547,juliamendes,Gabriela Costa,csales@bol.com.br,214,-31.7294455,-112.867383
O+,730,Carvalho Montenegro Ltda.,2022-07-19,"Rua de Campos, 35, Santa Monica, 51789098 Ferreira Grande / RO",54938726092,npeixoto,Augusto Vasconcelos,da-mataheloisa@hotmail.com,30,-39.0463575,-93.49722
A+,1950,Andrade - EI,2022-01-28,"Núcleo Macedo, 466, Corumbiara, 43830-319 Pinto da Mata / SE",19064587310,pramos,Dr. Kevin Moraes,sousaoliver@bol.com.br,731,19.517299,-171.681768
AB-,390,Ribeiro - EI,2023-04-02,"Distrito de Novais, 80, Custodinha, 14164-737 Novaes das Flores / RO",74305216817,martinsrodrigo,Stella Albuquerque,castromaria-isis@uol.com.br,72,36.779429,151.447586
O-,1147,"Atkins, Mullen and Johnson",2020-11-29,"800 Garcia Haven, West Nicholasbury, CT 60777",717-17-8430,jenniferdean,Alyssa Morgan,susanmeyer@yahoo.com,261,-21.4125165,-102.501147
AB-,938,Barth GmbH & Co. OHG,2022-03-03,"Kargestraße 89/31, 01514 Stadtroda",289-77-4716,lhering,Fredo Stey,freudenbergerheinz-josef@web.de,39,-60.9537825,-19.480944
A-,2081,Ullrich,2025-01-23,,743-45-6170,bdrubin,Ing. Mustafa Weimer B.Sc.,cetinkuhl@hotmail.de,593,29.936179,9.355469
AB-,336,Novaes,2020-07-02,"Rodovia Vicente Andrade, 90, Bacurau, 03189-200 Barros / PE",72510364871,marianovais,Alícia Pereira,lda-paz@gmail.com,533,73.768279,135.675956
AB-,1197,Papafava-Borromeo e figli,2023-11-15,"Incrocio Letizia, 60, 64021, Giulianova (TE)",BSCRSN99B06I279V,fulvio26,Lazzaro Lippomano-Alboni,zacchiagilberto@tim.it,260,77.540461,-132.35415
AB-,459,Renner,2023-05-09,,102-40-7986,alessandro61,Dimitrios Mosemann,junkenfelicitas@aol.de,729,-83.4390385,-125.662554
B+,979,Montenegro S/A,2019-10-31,,20485613735,carolina53,Maria Liz Ribeiro,davi-lucas87@yahoo.com.br,296,21.159505,-125.974112
B+,188,"Ludovisi, Calarco e Ariosto e figli",2021-09-30,"Borgo Bodoni, 8 Piano 3, 38035, Moena (TN)",PCMGLS14A51G191Y,biancapetrucelli,Livio Ferrabosco,federigo93@poste.it,612,88.847361,-61.858734
A+,293,Schmidt Warmer AG & Co. KG,2019-06-08,"Mangoldstraße 4716, 42750 Wunsiedel",003-00-5114,ihornig,Stefano Schlosser,albertoestrovsky@gmail.com,621,67.188417,36.912679
O-,2149,Baum Carsten GmbH,2025-02-10,,351-53-6211,alwina04,Alla Heser,felicitasscheibe@yahoo.de,456,-82.879586,-113.024695
O+,2094,Casa Grande,2025-04-11,"Praia Maria Julia Barros, 78, Vila Ipiranga, 42972-660 Teixeira de Goiás / AP",89453271004,aragaomarcelo,Srta. Lívia Pires,dmachado@hotmail.com,431,-5.1144925,24.690216
A-,584,有限会社石井銀行,2024-07-07,愛知県大田区上広谷27丁目20番10号 クレスト前弥六南町297,701-65-7024,efukuda,近藤 淳,suzukikaori@hotmail.com,53,66.067176,31.216077
AB+,790,da Mata,2023-05-06,"Passarela Oliveira, 2, Ambrosina, 45818211 Marques / SE",58039241723,ana-laura99,Luigi Vieira,otavio20@hotmail.com,181,-5.542793,-147.364391
AB+,1529,石川水産株式会社,2021-04-22,,156-24-3466,qaoki,中村 涼平,chiyo43@gmail.com,420,-81.924575,-149.681359
AB+,1862,da Paz S.A.,2019-03-24,"Esplanada Liam Aragão, 84, Santana Do Cafezal, 40994-206 Sousa das Pedras / RR",49637218050,afonseca,Bruna Ferreira,dalmeida@hotmail.com,179,17.3560465,-43.070116
A+,2144,Christoph,2019-10-08,"Holger-Schuster-Weg 353, 43813 Angermünde",938-87-2410,eleonora76,Ria Siering,claraputz@yahoo.de,244,21.145601,71.799632
O-,1292,Vollbrecht Kohl GmbH,2021-08-15,"Nurten-Hornig-Ring 67, 79607 Lüdenscheid",048-98-7910,german35,Heinz-Walter Hänel,gino84@yahoo.de,148,-54.9606995,102.487206
B-,1499,Pruschke Stiftung & Co. KGaA,2025-04-07,"Arthur-Lindau-Allee 274, 98393 Schwandorf",296-51-4025,kreuter,Joachim Linke,tweitzel@hotmail.de,162,27.479875,82.234934
AB-,715,Stephens Inc,2021-06-25,"4719 Antonio Gardens, New Jessica, AR 36561",874-43-0667,hendersonmonique,Veronica Fletcher,mary75@yahoo.com,282,84.1633185,89.847402
AB+,554,da Mata,2024-08-12,"Lago Souza, 29, Conjunto Paulo Vi, 37352608 Rocha do Amparo / GO",03657824910,rafaelacarvalho,Enzo Pereira,mateusrocha@gmail.com,641,0.137518,9.603979
A-,717,Morrow-Weaver,2020-03-05,,313-81-6086,woodelizabeth,Philip Roach,sean48@yahoo.com,639,-20.8525375,-5.78698
B+,1989,Correia Brito e Filhos,2019-01-09,"Distrito Ana Carolina Garcia, 53, São Paulo, 07034510 Novaes das Pedras / MG",26380457135,ivieira,Luan Leão,albuquerquehadassa@gmail.com,353,-0.335254,36.490837
B-,1963,Moraes Ltda.,2019-09-27,"Ladeira Fonseca, 301, Lourdes, 62416-361 das Neves do Sul / MT",78123564007,benicio34,Guilherme Brito,luiz-fernando95@gmail.com,209,-38.1288405,-86.791699
A-,822,Siqueira,2019-12-21,"Fazenda Fogaça, 68, Pousada Santo Antonio, 80107-656 Sampaio do Sul / PI",40973862122,martinslucca,Marcos Vinicius Moreira,fariasrodrigo@gmail.com,5,55.6123985,-170.303605
O+,438,株式会社鈴木農林,2020-04-07,栃木県三鷹市油井12丁目11番13号,649-55-8540,xfukuda,西村 舞,takuma60@yahoo.com,109,-14.3531485,-100.311178
A-,1889,有限会社清水食品,2025-06-25,神奈川県大島町幸手42丁目4番13号,360-74-0016,taichi17,福田 千代,akirasato@gmail.com,283,15.4763315,18.005614
AB-,88,Wallace Ltd,2020-06-21,"807 Wolf Terrace, South Alishamouth, VI 52867",660-75-0952,tammy46,Vanessa Pope,thomas78@yahoo.com,309,-43.755141,-106.137716
A+,173,da Mota,2021-04-30,"Estrada Dias, Esplanada, 39459-561 das Neves / RN",89402653198,da-luzana-cecilia,Hadassa Garcia,ana-juliafonseca@uol.com.br,456,48.6283925,-32.397722
O-,14,Grifeo s.r.l.,2022-05-04,"Canale Montesano, 616, 70020, Bitetto (BA)",PRLMRS93S03L225G,camiscionealessio,Napoleone Petralli,cesareinteriano@outlook.com,335,11.700877,-179.754606
A+,1139,Maffei SPA,2022-02-01,"Canale Sansoni, 981, 16155, Pegli (GE)",GRZCLD53P25H839S,zballa,Dott. Claudia Sauro,lturati@libero.it,289,-22.867257,63.230469
A-,371,Collins-Stanley,2021-10-30,,121-52-7546,joseporter,Jerry Jackson,torresjennifer@hotmail.com,272,47.752601,-42.314285
B+,240,Vega PLC,2024-06-02,,273-04-0804,vburton,Shelly Lopez,cody80@hotmail.com,524,-47.8713955,-122.398552
A-,1544,Möchlichen AG,2022-11-18,"Rouven-Margraf-Gasse 531, 24825 Sternberg",647-47-4614,klara00,Betina Hein,jan-peterjacob@googlemail.com,95,-58.6016495,93.142152
O+,960,Fusani e figli,2025-02-26,,CVLFLV39R14G105J,ritazanazzo,Ernesto Cuzzocrea,carneralazzaro@libero.it,147,-70.8471025,-33.533191
AB+,1834,Gentili-Geraci e figli,2022-08-31,"Via Beatrice, 61, 83034, Casalbore (AV)",FRCGBL25R67H936J,gianluca25,Tiziana Marinetti,pompeoferraris@hotmail.it,9,,
O+,467,"Padilla, Williams and Kerr",2019-06-01,"8896 Nancy Cove, Jamesland, AL 68324",278-75-0203,murphyhannah,Abigail Holland,gthomas@gmail.com,177,-68.1684295,8.129605
B+,912,Vergerio s.r.l.,2023-04-28,"Rotonda Mariano, 16 Appartamento 86, 42030, Viano (RE)",MDGDNI52P69A606M,bottaropasqual,Letizia Cilea-Argentero,graziano42@fastwebnet.it,281,88.9707995,91.080394
O-,840,Weber-Powell,2019-07-24,"PSC 0804, Box 8211, APO AA 09591",556-23-1570,collinsmelissa,Joel Barron,solomonmary@hotmail.com,112,-77.4583305,-144.868409
B+,2010,Johnson-Gilmore,2019-01-06,"71536 Stein Village, West Joyceside, NM 29954",771-73-3235,npatel,Jessica Little,lkeller@yahoo.com,665,-14.781508,100.880775
B+,939,渡辺保険株式会社,2019-01-15,三重県稲城市六番町19丁目9番20号 シャルム秋葉原509,257-15-0748,kimurayoichi,中川 あすか,maitakahashi@gmail.com,312,52.1929505,-43.159235
A+,1117,Casarin-Salgari s.r.l.,2021-02-10,,CLGRMN06H25C624Q,nicoletta06,Paola Segrè,ostaglieno@libero.it,354,68.7273665,16.479357
B+,269,株式会社渡辺運輸,2018-11-13,北海道大網白里市花川戸22丁目3番19号 蟇沼シャルム589,868-62-2913,manabuyoshida,森 美加子,sayuriendo@gmail.com,362,-62.540894,-161.788194
AB-,1477,Todd Inc,2023-03-02,"358 Coleman Streets Suite 700, Hectorfort, TX 89178",643-34-1924,lmiller,Katherine Pham,brittany51@yahoo.com,691,20.3157815,-124.925999
AB-,1404,佐藤印刷株式会社,2022-02-21,大阪府南房総市土沢31丁目13番14号 明石町シャルム896,268-76-2556,nakamurashota,斉藤 直子,fujiwarachiyo@gmail.com,277,11.2717215,-179.980856
B-,1009,Correia Vargas - EI,2022-01-30,"Estação Fogaça, 4, São Francisco Das Chagas, 83510326 Câmara Alegre / BA",69718250395,lucas-gabriel84,Marcela Siqueira,unascimento@ig.com.br,27,-82.5264355,49.89727
A+,554,Hecker,2022-11-05,"Emine-Bärer-Ring 51-29, 72355 Pegnitz",982-75-4917,thiller,Mechtild Roskoth,jditschlerin@web.de,171,7.347469,22.671611
O-,2103,Wade and Sons,2023-12-16,"3249 Andrea Track Apt. 368, Alfredmouth, HI 07133",586-25-3718,mdonaldson,Justin Payne,michaelhiggins@yahoo.com,658,33.934572,-159.686434
AB+,815,Renner Schweitzer GmbH,2022-09-02,,044-58-4109,njunck,Prof. Alexa Schweitzer B.A.,adolphsybille@hotmail.de,659,-50.9062395,154.316342
A+,1398,坂本情報株式会社,2022-03-25,佐賀県印旛郡酒々井町下吉羽16丁目5番13号 台東クレスト586,604-63-0561,oishii,佐藤 花子,satomi28@gmail.com,332,-82.2415485,174.964053
B+,1476,Kerr-Cole,2025-08-27,"5871 Crawford Turnpike, Garybury, WV 50975",326-09-9832,rebeccamcclain,Richard Huerta,stacey45@gmail.com,717,-69.34297,142.128832
AB+,1310,高橋電気有限会社,2022-03-11,岐阜県横浜市港南区横林21丁目8番4号 外国府間パーク082,212-58-7604,ptakahashi,福田 舞,yoshidaatsushi@gmail.com,123,21.555456,-159.103082
O-,1417,山本食品有限会社,2021-07-26,,474-68-2085,naoto14,森 加奈,nanami16@gmail.com,53,-44.9743615,38.165202
O-,1035,da Mota,2020-06-23,"Travessa Jade Fonseca, 664, Palmeiras, 70736236 Andrade do Sul / SC",60435791893,earagao,Luara da Cruz,caroline44@gmail.com,177,58.414724,130.984871
A-,156,Ernst Bruder GmbH,2023-09-21,"Kreingasse 7, 22585 Vilsbiburg",316-43-0795,mirjanawiek,Falk Gnatz,wsteinberg@gmx.de,630,-27.484458,-98.944185
O+,3,Vasquez-Johnson,2019-01-15,"788 William Junction, Birdside, AL 67997",210-15-9397,brucewhite,Tracy Johnson,kdavidson@gmail.com,68,-16.667075,-79.58388
A-,643,Boucsein,2022-10-12,"Emil-Hoffmann-Gasse 6-3, 34368 Peine",578-70-6240,ackermannflorentine,Resi Weller-Schweitzer,egbert16@hotmail.de,472,21.1515095,73.992338
A+,28,Cavalcante,2023-04-16,,31407695800,alvesjose,Lunna Melo,danilo64@hotmail.com,65,52.573146,-86.1464
O-,2101,藤原運輸合同会社,2021-12-24,静岡県富津市羽折町34丁目7番16号 ハイツ太田ヶ谷791,274-36-7159,kazuyanakamura,小川 京助,haruka92@gmail.com,12,-15.3598045,-53.746299
O+,2009,Raimondi SPA,2023-11-18,"Via Monaco, 1 Piano 2, 98020, Mandanici (ME)",BRSPNI76L09I917L,bazzihugo,Paola Veneziano,evangelistanotarbartolo@hotmail.com,502,43.869625,153.854205
A-,680,Gute,2018-10-31,"Killerstr. 272, 80689 Hersbruck",432-02-6217,ogutknecht,Dr. Heinz-Werner Conradi,gkostolzin@aol.de,621,27.806122,69.769278
A-,772,Vasconcelos da Luz - EI,2022-11-03,"Jardim Elisa da Mata, 767, Estrela, 94487-078 Brito de Nunes / RS",20435769170,qbrito,Srta. Bianca Viana,cunhaluana@ig.com.br,551,52.4750425,6.049286
A-,1955,Antonioni SPA,2024-08-04,"Vicolo Morlacchi, 2 Piano 9, 46036, Revere (MN)",FLNPTZ66S30G150R,giorgiatarchetti,Enrico Tron,iolanda71@tiscali.it,534,45.393307,-24.892441
O-,1908,"Andrews, Carpenter and Gibson",2019-05-15,"339 Gail Spur Apt. 453, Port Daisy, NE 98564",738-07-6376,christysmith,Danny George,amanda16@yahoo.com,57,-30.9782975,-146.216129
O+,1493,Silveira da Paz S.A.,2022-01-08,"Colônia Pinto, 374, Vila São Gabriel Jacui, 88048-990 da Rocha da Prata / RS",64958710310,hadassacirino,Dr. Augusto Silva,ester54@gmail.com,501,-16.8103565,95.125372
A+,1918,Hunt Inc,2020-08-10,"774 Todd Inlet, New Kaylastad, GA 36550",514-66-8602,barnesfaith,Michael Larson,ryanchurch@gmail.com,292,80.4694195,-1.438706
A-,437,das Neves,2022-12-20,,09863152730,maria-vitoria13,Francisco da Cruz,garciavicente@yahoo.com.br,655,37.866939,-104.504956
B-,1006,Vargas,2023-01-08,"Fazenda Juan Cavalcante, 83, Gameleira, 25143-688 da Costa de Goiás / ES",92405871360,maria-lizmoreira,Ana Lívia Cirino,borgeszoe@hotmail.com,406,38.908754,-9.062253
A+,2065,"Pometta, Forza e Fusani SPA",2024-11-17,"Via Comisso, 1 Piano 1, 12069, Cinzano (CN)",SSLZRA27B15F294R,luiginavalmarana,Arnaldo Segrè,loredana29@alice.it,452,40.679378,101.214212
B+,46,有限会社岡本銀行,2018-10-12,愛知県横浜市港北区外神田19丁目3番10号 戸塚町ハイツ766,545-22-6097,maiito,福田 直子,hidekiyoshida@gmail.com,8,75.373706,55.273971
O-,2062,Guerra,2025-06-14,"Alameda de Marques, 47, Engenho Nogueira, 34632-094 Peixoto das Flores / TO",78391045250,qfonseca,Bianca Viana,davi-miguel39@ig.com.br,125,36.9029955,58.032485
O-,499,Canali-Cannizzaro e figli,2023-09-07,,BTTFRN92D48C933P,krubbia,Anita Baroffio,pacetiziana@gmail.com,91,-82.148098,22.211032
B+,1007,"Garza, Bowman and Taylor",2024-03-26,,721-75-6032,daniel32,Patricia Jackson,macdonaldteresa@gmail.com,333,48.7030545,-63.471641
AB+,562,佐藤建設合同会社,2023-07-06,三重県あきる野市上高野10丁目21番17号 権現堂クレスト593,096-77-6787,atsushi78,山本 舞,katosayuri@hotmail.com,624,-9.9821135,-8.344331
A-,173,"Smith, Richardson and Johnson",2023-08-22,"PSC 8718, Box 8657, APO AE 97922",760-91-6177,kjohnson,Timothy Johnson,michael50@yahoo.com,312,-69.5975755,147.695701
AB-,210,Cox Ltd,2024-01-30,"7051 Troy Villages, East Aaron, PR 61978",604-78-8885,ecalhoun,Adam Rojas,billy98@yahoo.com,549,-83.600127,176.570448
B-,64,Kade Knappe AG,2024-08-18,"Volkhard-Weinhold-Straße 12/52, 84804 Höxter",120-76-5824,piepercarina,Ing. Korinna Gieß B.Sc.,albrecht99@yahoo.de,582,-76.0054565,-162.500907
O-,1647,Duarte Novaes - EI,2022-08-10,"Praia Sofia Moreira, 944, Leonina, 02278997 Cirino / SC",31469728591,camarajose-miguel,Manuella Novais,kfernandes@ig.com.br,529,-29.8063845,127.447167
AB+,135,Calarco e figli,2020-03-21,"Vicolo Bova, 22 Piano 7, 81053, Riardo (CE)",BNRGLT27S30G296J,sonninoannalisa,Eraldo Necci-Farina,giustino50@libero.it,283,-1.996796,159.856735
O+,2057,Speer KGaA,2022-10-10,"Martine-Hahn-Gasse 10/73, 87657 Iserlohn",965-33-1589,liebeltroswitha,Frau Ira Kraus,qhenschel@aol.de,263,-13.0799245,126.638967
AB-,238,渡辺銀行株式会社,2021-12-29,兵庫県世田谷区東上野16丁目20番13号,306-19-7298,nanamisaito,中島 充,csuzuki@hotmail.com,135,-33.753236,-24.847045
O-,309,Barros,2021-03-21,"Ladeira Peixoto, 8, Cidade Jardim Taquaril, 97281-961 Almeida / PE",53476290883,pedromendonca,Sr. Enzo Gabriel Rodrigues,jribeiro@bol.com.br,513,-51.995964,-94.533529
O-,144,Interminei-Vianello e figli,2020-11-02,"Viale Virginia, 698, 00024, Castel Madama (RM)",STRCRD05S69C227T,gpedroni,Giada Lollobrigida,donatobadoer@tin.it,589,-25.412655,-40.182125
B+,2128,"Gozzi, Medici e Bonatti Group",2020-05-15,,DDUGRL48S25I758O,iammaniti,Ermanno Borroni-Gagliano,telemaconievo@gmail.com,736,33.026268,146.373777
AB-,1932,"Salandra, Galuppi e Nicolini e figli",2020-11-20,,MCHBNN22R46L434H,roberto54,Baccio Randazzo,virgilio97@vodafone.it,304,-64.9737,-173.618383
O+,1355,Nohlmans Hiller AG & Co. OHG,2018-09-30,,856-88-6257,zdippel,Prof. Hans-Friedrich Jähn,stumpfjosef@gmx.de,280,-24.4706885,-140.946855
O-,1232,森保険合同会社,2019-04-21,,375-05-2097,onishimura,坂本 あすか,katoshohei@gmail.com,189,33.0620015,12.661243
A+,2048,Gill LLC,2022-02-14,"26347 Jeffrey Mountains Apt. 552, Austinview, MN 61966",131-34-0004,jesse83,Brenda Rose,nathanielflowers@gmail.com,380,40.892833,-52.771137
AB-,1940,佐々木建設有限会社,2020-12-28,,286-47-5919,isuzuki,斎藤 太一,ksato@yahoo.com,72,,
A-,575,Dunn-Moreno,2024-12-13,"551 Martinez Burgs, Aaronhaven, AL 96092",734-39-6413,jessicamatthews,Jeanette Clark,xbolton@yahoo.com,412,86.5214545,-13.687092
B+,385,三浦電気合同会社,2020-09-30,,877-62-8267,nanamitakahashi,田中 零,yamazakitakuma@gmail.com,312,-73.026816,120.344955
A-,495,Perozzo-Rastelli s.r.l.,2020-10-27,"Viale Buonauro, 58, 23868, Valmadrera (LC)",BCSRLD82T70H100L,treccaninatalia,Monica Brunello,pasquale40@vodafone.it,90,-11.498034,76.756117
A+,1191,Abreu - EI,2023-01-28,"Feira de Camargo, 1, Marieta 3ª Seção, 13821-203 Montenegro de Aragão / AP",86591073221,caldeirayago,Sr. Calebe Rocha,zmoreira@gmail.com,637,80.338504,36.407684
AB-,756,Lindau,2022-06-03,"Bolanderring 9-8, 87194 Artern",194-59-5344,susivan-der-dussen,Ing. Urszula Roht MBA.,ingriedkiller@web.de,557,,
A-,1940,Righi Group,2022-12-28,"Strada Salvi, 92, 22031, Albavilla (CO)",CMBNTL04D05I799F,barbarigobernardo,Teresa Paganini,rossigilberto@virgilio.it,412,45.789306,-68.965382
B+,129,Porter and Sons,2025-02-16,"61700 Williams Tunnel, North Kennethfurt, ND 77539",457-62-1019,xhill,Alex Martin,allencraig@gmail.com,465,-43.675269,150.376505
B+,837,"Ricolfi, Manolesso e Norbiato s.r.l.",2022-01-06,"Strada Agostini, 716 Appartamento 57, 33020, Enemonzo (UD)",CHTVTI21B51D390W,mattiaberre,Rosina Campanella,sbernardini@tele2.it,450,-6.1055345,-108.121146
AB-,1564,Chigi-Broggini SPA,2022-08-07,"Incrocio Geronimo, 990 Appartamento 8, 17025, Loano (SV)",VSRVLR43A63G478P,irmapellico,Adriana Vercelloni,gianmarco35@tele2.it,552,-20.384668,-157.220186
AB-,2058,Sales,2019-04-06,"Vereda de Ramos, 96, Barão Homem De Melo 2ª Seção, 19890-278 Pires do Amparo / RS",93870264187,lorenzo75,Kaique Teixeira,costelajoaquim@bol.com.br,325,,
B+,2017,森ガス合同会社,2022-03-06,秋田県印旛郡栄町所野12丁目4番8号 芝浦アーバン260,392-07-7420,osamutanaka,坂本 知実,minoru52@hotmail.com,415,-4.6234295,-100.054934
A+,1733,Kraushaar Finke GmbH,2020-02-17,"Scholtzstraße 56-40, 11751 Wanzleben",249-35-8084,adlertrudel,Horst-Günter Mude,dziegert@googlemail.com,274,-80.5748395,-70.127241
AB-,548,Mancini e figli,2023-09-27,"Stretto Romeo, 38 Appartamento 9, 87010, San Sosti (CS)",CMSTNN60L70B989D,sattavalerio,Griselda Scandone,mtasso@virgilio.it,603,64.4824475,161.641662
B-,408,鈴木通信有限会社,2021-05-01,富山県山武郡芝山町平河町5丁目14番5号 勝どきシティ717,524-04-3411,sfujiwara,小林 知実,kenichinakamura@yahoo.com,104,-9.2282695,129.16567
AB+,654,West Group,2022-01-12,"3654 Theodore Landing Apt. 356, Port Veronica, NH 07146",248-44-4986,figueroadenise,Craig Wilson,tracey76@hotmail.com,420,-33.0261765,79.472787
AB-,50,Hauffer Ortmann AG & Co. OHG,2024-01-15,"Adelheid-Beier-Weg 69-79, 89693 Hainichen",467-27-9807,tschomber,Traute Junken,weberhardt@gmail.com,444,11.951479,-113.046609
O+,1890,"Tarchetti, Bosio e Donati e figli",2022-06-12,"Stretto Renata, 677, 12033, Moretta (CN)",NCLSNO93R20A198L,rodolfo36,Nicoletta Corcos,rmalacarne@live.com,198,9.627322,-75.32729
AB-,573,Pacheco,2024-12-24,"Estrada da Mata, 73, Jardim Dos Comerciarios, 19406587 Sá de Minas / AL",84127035960,luiz-otavio25,Enzo Gabriel Albuquerque,brunogarcia@gmail.com,135,32.9520755,89.934677
A+,1314,合同会社西村建設,2020-05-30,香川県品川区芝公園18丁目12番4号 パレス吾妻橋189,449-55-7851,ishikawayoichi,中村 千代,dsasaki@hotmail.com,122,69.512663,-84.230579
B-,45,鈴木保険有限会社,2022-11-20,,782-07-7764,yamamotonaoto,小林 直子,zhashimoto@gmail.com,283,-76.817383,-55.487691
AB-,2076,Mccarthy-Johnson,2023-04-02,"9117 Rachel Extensions, Brendabury, PR 14017",673-97-3185,heathergonzalez,Bonnie Reese,joshuacampbell@hotmail.com,623,9.063561,39.494069
B-,1656,Jackson Inc,2020-08-16,"739 Michelle Ridge Apt. 902, Rosetown, NE 12352",177-57-5563,jacksonkathryn,Nicole Miller,reneehowell@gmail.com,670,,
A+,467,"Bianchi, Dossi e Guglielmi e figli",2020-09-15,"Borgo Iannuzzi, 31, 50134, Careggi (FI)",FRRSPH57S08L187X,sgiovine,Michelangelo Ovadia,melinasobrero@yahoo.com,518,-28.935941,132.113425
O+,1264,da Mota S/A,2020-07-09,"Fazenda de Ramos, Pantanal, 03556410 Fonseca / RO",75923186012,isiqueira,Francisco das Neves,vieiraana@ig.com.br,240,31.183283,-132.236698
A+,534,長谷川印刷株式会社,2024-12-15,福島県練馬区上吉羽27丁目18番7号 シャルム戸山000,104-83-5050,xnishimura,近藤 あすか,dkato@gmail.com,420,36.432846,7.216507
B+,1197,株式会社田中運輸,2022-02-06,北海道墨田区太田ヶ谷39丁目2番8号 シャルム戸島895,146-34-5672,asukahasegawa,阿部 真綾,uabe@hotmail.com,348,78.848677,-110.780835
O-,40,"Samele, Mercantini e Parisi e figli",2025-04-25,"Borgo Boldù, 30, 90037, Piana Degli Albanesi (PA)",CRRLFA47A47C488A,abataglia,Benito Mascheroni,trentinipierina@fastwebnet.it,268,-89.9293125,151.427042
O-,1038,Gertz,2019-05-09,"Stolzeallee 8118, 59676 Eisenhüttenstadt",059-43-1523,bolzmannfrida,Melanie Köster B.A.,elzbietamisicher@hotmail.de,414,7.307423,142.365116
AB+,1595,株式会社藤井鉱業,2019-09-27,神奈川県横浜市緑区勝どき10丁目24番4号,337-62-9579,lyamada,松本 亮介,ksato@hotmail.com,168,-52.8325615,125.963539
A-,887,Wohlgemut,2022-12-12,"Börnerallee 90, 23380 Emmendingen",232-37-9378,tsorgatz,Kunibert Patberg B.A.,seiferthasan@yahoo.de,48,-11.2470765,-123.374408
B-,1960,Garozzo-Scarpa s.r.l.,2022-02-11,"Incrocio Gemma, 35 Appartamento 67, 23805, Erve (LC)",GCMLPD99D42G720U,ustorladi,Ugolino Bruscantini,qballa@gmail.com,358,-8.695067,-88.697055
AB-,1094,Cheda-Ferrante e figli,2023-10-05,"Vicolo Priscilla, 11, 12043, Valpone (CN)",BTTDMC58P52E233F,pisaniannalisa,Sergius Migliaccio,wrienzo@live.com,41,-5.7420535,34.726142
A+,1918,Garcia Macedo S/A,2020-10-29,"Jardim Luiz Gustavo Andrade, 57, Jaqueline, 06632527 Casa Grande do Oeste / RR",29160843713,wmelo,Luiz Miguel Nogueira,novaisgiovanna@hotmail.com,214,-72.454605,158.946738
O-,251,合同会社中島銀行,2021-08-30,富山県八千代市麹町27丁目17番14号 上野桜木パーク008,123-35-5938,hiroshikobayashi,井上 あすか,vsuzuki@gmail.com,123,-80.0469655,114.085071
B-,598,Fabrizi-Benigni s.r.l.,2025-05-04,"Rotonda Antonelli, 28 Piano 8, 88833, Caccuri (KR)",CNTSNN16L71B915G,letizia92,Serafina Soffici,tcicala@hotmail.com,344,-55.581941,1.206598
O+,1857,Jacobi Jäckel GmbH & Co. KGaA,2024-04-20,"Albert-Bachmann-Ring 67/58, 67915 Hohenstein-Ernstthal",600-58-0164,jneureuther,Knut Tlustek B.A.,heinz-peterstiebitz@web.de,118,-53.1733,-172.314452
AB-,1182,Boitani-Bottaro e figli,2024-10-14,"Via Farina, 269, 81046, Borgo Appio (CE)",BRMGFR71C53G041N,mcimini,Diana Cagnotto,fabriziopalmisano@hotmail.it,199,3.313046,-59.970424
O+,452,Pinto,2025-01-18,"Rua Fernanda Novaes, 78, Corumbiara, 70140534 Carvalho de Vargas / SP",80649352700,wlopes,Vitor Gabriel Leão,agathacostela@hotmail.com,265,-2.9722385,-112.981631
B-,775,Campos,2022-12-27,"Trevo Maria Laura Lima, 77, Vila São Francisco, 44995-517 da Paz da Serra / AC",36174208931,araujovalentina,Henry Aragão,thalesda-costa@uol.com.br,154,7.2702475,-57.674558
O+,905,Andrade e Filhos,2019-04-27,"Parque Câmara, 19, Jardim América, 93722124 Aragão das Flores / RJ",37419802696,saeduardo,Isaque Brito,souzamaria-alice@uol.com.br,367,-87.233449,73.300433
A-,1969,Jones Ltd,2020-09-15,"320 Marsh Overpass Apt. 018, Richardton, NV 82589",709-53-5287,wilsonmaria,Christina Anderson,diane06@gmail.com,500,14.200076,84.301419
A-,677,Knappe,2021-03-08,"Södingallee 77, 21592 Lübeck",781-30-3956,vzahn,Thies Kühnert,isabellakabus@googlemail.com,517,-53.418523,10.857321
AB-,1410,Rodrigues Nunes e Filhos,2021-08-29,"Pátio Levi da Rocha, 58, Vila Olhos D'água, 07803448 Siqueira / AM",90831246731,alexia53,Asafe Ferreira,da-conceicaogustavo@hotmail.com,637,-57.9419555,-36.951326
AB+,2051,"White, Allen and Chavez",2018-12-17,"39305 Chad Manors Apt. 680, Tommyberg, DE 69225",321-49-7961,cliffordhess,Daniel Franco,christophervaughn@hotmail.com,10,-11.116192,-64.244335
B+,706,Howe-Spencer,2019-08-03,"Unit 1734 Box 7306, DPO AP 25274",017-04-0788,kruiz,Tina Murphy,ashleyfuentes@hotmail.com,681,,
A-,13,Hill-Price,2022-03-07,"542 Martin Estate, East Stevenville, AK 76267",100-08-6246,fjohnston,Richard Phillips,leonardgarcia@yahoo.com,323,53.7391115,151.600983
O-,594,Sraffa-Saffi e figli,2024-12-24,"Viale Boccaccio, 60, 23808, Vercurago (LC)",PTRFDG59C67I603Y,lancisiannunziata,Ignazio Curci,rversace@poste.it,589,83.7352215,73.763362
AB+,564,Lorch AG,2025-08-01,"Dussen vanstr. 5/9, 32338 Lübeck",825-41-3583,dietergeissler,Darius Adler,lbiggen@hotmail.de,394,10.6901705,-159.084485
B+,1177,Chittolini SPA,2021-01-16,"Canale Delle, 88 Appartamento 19, 39050, Ums (BZ)",LNUBRT89S41D256D,vfinetti,Sig.ra Alina Smirnoff,rubbiaarnaldo@virgilio.it,676,22.104064,-108.846357
AB+,1227,Charles-Schwartz,2023-09-23,"9104 Davis Ports, Griffithmouth, NC 27803",060-09-5194,andersonwayne,Jessica Miller,wrightlauren@hotmail.com,510,,
O+,662,株式会社中村銀行,2019-06-28,岡山県板橋区無栗屋29丁目11番14号 鳥越シティ442,380-80-1578,haruka83,藤原 千代,hanakoito@gmail.com,397,-65.546858,179.700069
B-,1008,Abreu Correia - ME,2024-03-01,"Via de Moreira, Vila Havaí, 04258316 da Luz das Flores / RR",56380249133,bernardopeixoto,Otávio Nunes,sousajoao-pedro@uol.com.br,315,-47.4155955,12.499688
B-,766,Plath Vollbrecht OHG mbH,2024-04-09,"Trubinstraße 67, 47977 Neu-Ulm",422-90-9186,hamannpatric,Univ.Prof. Abdul Kallert B.Eng.,pascal43@yahoo.de,201,32.910581,-109.888484
AB-,1392,Garcia e Filhos,2022-09-17,"Chácara Lunna Marques, 16, Horto, 39277-584 Freitas / PR",34128709514,alexandresa,Anna Liz Martins,goncalvesgustavo-henrique@bol.com.br,315,27.671044,-30.579722
B+,1039,近藤通信有限会社,2020-03-11,島根県横浜市緑区柿木沢新田15丁目27番14号,192-86-1073,maihayashi,加藤 聡太郎,ikedakana@hotmail.com,400,20.37248,-45.857157
B+,466,Brito,2025-03-07,,95308672121,lopesyan,Levi Azevedo,aliciada-mota@gmail.com,416,-30.491568,-40.813196
AB-,1859,"Fantoni, Golino e Zarlino s.r.l.",2024-07-28,"Incrocio Pistoletto, 5, 34141, Trieste (TS)",BMPMCL85R67D547F,irma78,Sonia Rossellini,salvidallara@tiscali.it,48,19.437258,-83.193405
A-,819,Freudenberger GmbH,2023-12-03,"Heckerallee 187, 55446 Wanzleben",046-92-1029,siegrid41,Eleni Bähr,lpaffrath@gmx.de,162,32.1160265,-7.379635
AB-,459,"Thompson, Boyd and Perez",2025-09-07,"253 Huff Roads Suite 592, Mauriceview, AS 76235",244-90-3678,parkdeborah,Mallory Baker,pturner@gmail.com,552,51.021252,48.01711
O+,327,Otto,2023-04-11,,011-38-7219,beyerpaul,Herr Thomas Stolze,wenke30@hotmail.de,50,-57.05647,21.192784
B-,1281,斉藤運輸株式会社,2021-04-20,長野県日野市丸の内ＪＰタワー29丁目14番19号 月島コーポ870,820-70-8600,yogawa,藤井 直子,satomimiura@hotmail.com,426,-46.11363,68.864323
B-,740,Pölitz Mentzel OHG mbH,2020-10-21,"Petros-Flantz-Straße 3-7, 81795 Artern",832-17-9507,ludgereigenwillig,Inna Budig,manja65@web.de,37,37.2552835,151.741387
A+,696,Pascarella-Napolitano s.r.l.,2020-10-13,,GRGDRA17H01C588U,ygiannuzzi,Fortunata Barcaccia,ferrarisalfredo@virgilio.it,321,50.1207225,75.166237
O+,1968,Drub,2022-07-12,"Thomas-Wagner-Platz 41/83, 01637 Augsburg",703-52-3597,atzlerdonald,Loni Kaul MBA.,ilhanschaefer@aol.de,210,80.6699765,-34.913523
B+,15,"Zaccagnini, Gangemi e Lancisi SPA",2019-07-09,"Incrocio Ippazio, 89, 06100, Perugia (PG)",VGRPMP38A69I981W,uscarpetta,Sig.ra Annetta Belletini,sagesesilvestro@vodafone.it,253,-48.559465,51.564343
O-,340,有限会社中村運輸,2021-03-25,宮崎県あきる野市松石36丁目13番5号 コーポ竜泉038,392-54-7080,tanakarika,渡辺 裕美子,ysuzuki@yahoo.com,650,,
AB-,1561,Rodrigues,2023-09-06,,45790213804,almeidarodrigo,Cauê Guerra,bernardo75@ig.com.br,163,-31.7119025,-84.734901
O-,892,松本農林合同会社,2022-04-01,兵庫県西東京市猿楽町23丁目6番9号 パレス上吉羽913,610-19-5714,yoko72,佐藤 明美,yosukeabe@gmail.com,663,-51.4876105,-110.981976
O-,177,渡辺食品株式会社,2022-05-06,富山県山武郡芝山町大京町8丁目9番15号 シティ浅草455,743-51-2956,mikinakagawa,石井 裕太,satorika@gmail.com,308,,
B+,533,有限会社高橋鉱業,2022-09-10,和歌山県稲城市麹町14丁目16番20号 前弥六パーク818,134-61-1410,nakajimakazuya,佐藤 美加子,shimizuyui@gmail.com,728,-82.722711,119.164787
B+,2124,Fernandes - ME,2023-01-01,"Conjunto da Conceição, 51, Milionario, 10104-743 Alves / AP",97603814510,isis71,Agatha Pereira,cnovaes@uol.com.br,234,-23.862428,7.329801
B+,81,Mennea Group,2020-08-30,"Vicolo Ninetta, 28, 84024, Contursi Terme (SA)",TRMCPN47A44E479I,ltrobbiani,Dott. Giosuè Papafava,psaraceno@live.com,190,-19.969025,-153.561626
O-,1909,Lindner,2020-06-03,"Jadwiga-Birnbaum-Allee 4924, 12653 Riesa",761-84-0867,heinz-dieter45,Mohammad Hermighausen,ortmannkarl-heinz@googlemail.com,10,40.0508415,119.097567
A-,2114,Brugnaro Group,2024-08-24,"Rotonda Interminei, 0, 21062, Osmate (VA)",FFRGNR07S68L400F,brambillafredo,Virginia Basso-Treccani,deleddacoluccio@virgilio.it,494,-82.84323,43.854979
B-,2046,Montenegro Novaes e Filhos,2019-03-26,,25637419043,sarah50,Maria Luísa Barbosa,beniciomachado@yahoo.com.br,333,36.5840945,-25.737947
B+,1866,Oliboni e figli,2024-04-26,"Piazza Luchino, 740, 24055, Cologno Al Serio (BG)",RMLLRT48P21G634N,romolosalvini,Graziella Marazzi,cundarimatilda@tiscali.it,614,67.198164,179.303126
A+,287,"Liguori, Borroni e Vendetti s.r.l.",2020-10-01,"Borgo Poerio, 588, 88835, Roccabernarda (KR)",FNTMRL64B67B592L,clovato,Sig. Micheletto Natta,onavarria@fastwebnet.it,314,-22.878917,151.059538
AB+,321,"Duncan, Bush and Acosta",2023-12-21,"335 Laura Junctions, West Bradleyshire, MS 73163",812-19-8033,andreagibson,David Bell,jimenezryan@hotmail.com,139,22.379666,23.701507
AB+,1399,"Moore, Walker and Lopez",2022-03-27,"33191 Tina Pine, Sweeneystad, NC 93813",662-32-4365,ypalmer,Marc Atkinson,heatherbrown@yahoo.com,152,4.513337,-143.496496
A-,1102,"Williams, West and Adams",2021-08-29,,737-92-2162,andrea66,Vincent Smith,joshuacastillo@yahoo.com,243,-78.159408,-52.419548
B-,457,Meyer Schenk GbR,2018-09-29,,733-21-9123,thekla57,Dipl.-Ing. Traude Wesack MBA.,bauerlaura@googlemail.com,438,13.9554285,-98.849123
B-,303,合同会社太田鉱業,2022-10-07,東京都長生郡長柄町西川10丁目8番20号,748-85-0307,mikakowatanabe,中川 結衣,ryosukemurakami@gmail.com,217,42.9532415,-146.590908
A+,1362,吉田建設有限会社,2023-02-25,,773-06-8317,tomoya99,高橋 直樹,uyamamoto@hotmail.com,483,44.2932285,81.416031
O-,230,"Novak, Medina and Long",2024-05-29,"1982 Smith Manors Apt. 155, South Frank, DC 88191",380-67-3163,joshua94,Curtis Sparks,nelsonmargaret@gmail.com,575,42.2629285,-147.461571
AB+,352,Krause,2025-06-09,"Georgia-Roskoth-Weg 3/9, 48259 Koblenz",365-82-0317,wkraus,Miguel Dörr,kargeedelgard@hotmail.de,56,-20.4149425,92.114524
O+,963,Albuquerque,2024-07-25,"Rodovia Isadora da Rocha, 91, Confisco, 07050-526 Nascimento de Moura / RO",50173942652,maria-flor33,Ana Barbosa,lavinia97@ig.com.br,658,2.462174,-73.302383
O-,2041,"Tomei, Bonino e Ricciardi s.r.l.",2025-01-31,"Contrada Ioppi, 8, 38050, Monte Di Mezzo (TN)",SFFVNC50B56B525F,viridianasquarcione,Arsenio Chigi-Fallaci,fabrizio13@libero.it,733,-53.8447895,-79.626851
A+,176,Gray-Cervantes,2025-02-05,"352 Mullen Spurs Apt. 593, South Joshuahaven, WY 89398",789-89-0476,taylor96,Jessica Carroll,jasonbennett@gmail.com,338,60.9254785,129.983844
AB-,633,Meister Seidel AG,2018-10-02,"Hermighausenweg 4-7, 27436 Potsdam",154-88-9258,estahr,Dr. Anny Ullrich,tuelay40@web.de,650,-8.5955365,-55.876225
O+,1034,"Baroffio, Solari e Fornaciari s.r.l.",2022-05-12,"Viale Annalisa, 65 Appartamento 7, 73014, Gallipoli (LE)",TRVFLV89M57F672P,micheletto07,Melina Morgagni,oreste67@tiscali.it,691,88.2530665,32.828287
O+,850,Fischer,2024-09-09,"Rädelstraße 31/52, 49406 Oberviechtach",025-45-7669,hannyweinhage,Monja Gute,xbecker@hotmail.de,4,76.338969,167.117299
B-,1874,Bähr GmbH,2019-10-21,,722-15-0458,siegward66,Florian Mentzel,eliasruppert@web.de,45,86.3055115,64.076899
O-,1255,Weinhage Christoph Stiftung & Co. KG,2019-08-29,"Rognerallee 4-8, 31982 Greiz",861-61-9006,nknappe,Eckard Steckel-Seidel,rhuebel@gmx.de,511,33.9134105,-78.675201
B-,2149,Casa Grande,2025-03-26,"Rua de Farias, Inconfidência, 49219463 Castro de Santos / PA",70245186344,souzasara,Clarice Camargo,daviabreu@gmail.com,152,41.2702635,120.672408
O+,561,Nascimento,2024-11-25,"Favela de Pastor, 41, Conjunto São Francisco De Assis, 36665-276 Costa da Serra / PA",46210358942,camaravicente,Sr. José Pedro da Paz,livia31@gmail.com,146,-64.2874865,56.431511
A+,776,Schacht GmbH,2019-03-18,"Marie-Eckbauer-Straße 8/4, 78457 Emmendingen",992-99-0207,kgerlach,Guido Paffrath,nadabolander@gmx.de,41,87.074141,2.715906
O-,1920,Pace-Viola s.r.l.,2018-12-01,"Piazza Beatrice, 73, 43015, Cella Di Costamezzana (PR)",GNSJLD83E18I779E,lorettacainero,Raffaella Randazzo,perandaeugenia@tim.it,464,-19.2534365,-17.249418
A-,875,合同会社渡辺建設,2019-02-12,,147-65-0819,suzukihiroshi,中村 美加子,taroito@gmail.com,367,65.1914595,3.820682
O+,1334,有限会社加藤銀行,2023-12-01,大阪府浦安市花川戸14丁目11番7号 コーポ皇居外苑826,033-13-9387,kyosukeabe,山本 晃,sotaromatsumoto@hotmail.com,212,-71.1785905,172.710877
B-,645,"Harris, Fernandez and Jones",2022-07-02,"8326 Eric Field, West Ericafort, WY 93282",249-49-2223,mitchellchristopher,Robert Jordan,jordansantana@yahoo.com,27,34.8479375,104.006384
A-,1800,Vieira Casa Grande - EI,2022-10-06,"Travessa Ayla Rezende, 847, Esplanada, 40249-997 Aparecida de Campos / PB",87426915085,oliviafarias,Diego Rocha,cpinto@yahoo.com.br,312,1.0133055,92.595169
O+,1570,Borges Freitas - ME,2021-11-15,"Residencial Luara Araújo, 22, Horto Florestal, 97878841 Araújo / RJ",69045128730,lucasmendonca,Dr. Otávio Moura,ferreiragael-henrique@uol.com.br,371,68.7121555,-101.830866
A+,342,Moresi e figli,2023-09-04,"Rotonda Pistoletto, 41 Appartamento 6, 04013, Sermoneta Scalo (LT)",TGNGLT42T25C390Y,sinisiveronica,Ugo Carocci,hugo95@tin.it,589,6.357974,-137.198951
O-,1134,Krause Hänel GmbH,2024-04-11,"Luis-Binner-Allee 9/3, 04470 Strasburg",658-95-6355,pradisch,Hans Dieter Grein Groth,ruthildklemt@yahoo.de,259,29.496716,-41.60924
A-,236,Sorgatz,2022-02-03,"Martinstr. 6-2, 68657 Riesa",665-44-0402,obohlander,Sieghard Stiffel,salzsergej@gmx.de,641,22.4908765,71.749264
AB+,807,Cruz Inc,2022-12-10,,251-75-8289,efuentes,Amber Watson,leslieatkins@gmail.com,365,79.857561,-62.786518
B-,545,Bohnbach,2020-10-25,,225-23-0335,ufaust,Dipl.-Ing. Cora Ackermann B.Eng.,radischbabett@yahoo.de,516,23.872842,87.89013
AB-,2006,Peukert AG,2021-08-27,"Davidsstr. 3, 38626 Hansestadttralsund",861-80-9272,maricaheidrich,Silke Thies,kuno93@gmail.com,408,67.7477565,161.447206
O+,1207,Gonzales Ltd,2021-04-15,"3493 Karen Flat, Lake Angelafurt, VA 07467",053-03-3623,christopher53,Jessica Vincent,harringtonamber@yahoo.com,58,42.6308585,-149.188052
B-,255,Klapp GmbH & Co. KGaA,2022-11-08,"Kruschwitzgasse 5/8, 99003 Sondershausen",727-92-6276,wernersigmund,Joana Kranz-Süßebier,ehoerle@googlemail.com,408,-3.5337045,66.538356
A-,106,Duarte da Costa Ltda.,2022-04-01,"Alameda de Peixoto, 15, Vila São Paulo, 77534-009 Gomes do Amparo / SP",18624903505,castrovalentina,Luiza Ramos,liamsilva@uol.com.br,360,-75.9684615,76.553107
A-,1489,Stiffel AG,2021-06-06,"Peukertstraße 2/3, 41040 Wolmirstedt",559-18-8901,wbutte,Inka Liebelt,ackermanngitta@googlemail.com,132,-14.534283,-9.973483
A+,2129,Pedrazzini-Peranda e figli,2020-02-27,"Via Antonino, 10 Appartamento 13, 95018, Torre Archirafi (CT)",VLIPLG65R43D412S,donatellobartoli,Cassandra Pistoletto-Orsini,adrianotozzo@libero.it,10,-80.557664,-62.52112
O+,1240,小川情報合同会社,2018-09-26,栃木県夷隅郡大多喜町東三島4丁目14番10号,403-83-3177,ogawaosamu,渡辺 英樹,efujii@yahoo.com,106,62.91209,-109.18144
O+,677,"Mezzetta, Farinelli e Boldù Group",2023-11-14,"Viale Pratesi, 2 Appartamento 16, 21020, Brebbia (VA)",SLRVNL19P29A369W,antonelliamanda,Dott. Alessandra Peruzzi,ppalmisano@yahoo.com,71,53.8518225,28.609822
A-,443,Jones Inc,2020-10-02,"2870 Mcgee Run Apt. 200, Livingstonchester, FM 10329",439-55-7996,shanehernandez,Beth Richards,jramos@yahoo.com,333,31.829673,-65.013202
O-,563,松本情報合同会社,2023-09-28,北海道渋谷区外国府間37丁目14番19号 ハイツ卯の里510,534-39-3236,miki73,遠藤 春香,tito@gmail.com,716,1.810086,1.74344
AB-,405,有限会社山本運輸,2024-06-09,福井県南房総市東神田26丁目2番17号 上野桜木コート098,771-37-3617,chiyo55,清水 健一,sayurishimizu@hotmail.com,718,-54.0747045,146.49558
A-,888,"Kerr, Taylor and Hayes",2022-07-28,,392-61-4639,jeremymorgan,Jeanne Ward,christine97@yahoo.com,538,-34.913044,104.940908
O-,950,Weimer,2024-12-22,"Wendestr. 4/9, 86279 Wurzen",003-46-4223,mmisicher,Prof. Waltrud Roht,rgertz@gmx.de,296,-53.980426,93.541923
AB+,709,Argurio s.r.l.,2025-02-23,"Incrocio Benvenuto, 62 Appartamento 47, 90147, Tommaso Natale Sferracavallo (PA)",CMCPSL72L69G969I,napoleone70,Dott. Marcello Gotti,bellinieugenia@hotmail.com,19,78.8415545,124.94098
A-,193,Kuhl AG & Co. OHG,2021-04-10,"Tröstweg 96/88, 00272 Schwäbisch Gmünd",154-37-2637,marie-therese63,Univ.Prof. Rotraut Zimmer,ascholl@gmail.com,745,62.0689085,-3.879082
B-,1615,"Reyes, Moore and Smith",2022-08-14,"PSC 3364, Box 4946, APO AA 25619",551-62-2966,joshua27,Robert Rice,mary36@hotmail.com,657,-77.959985,-17.503972
B+,1771,Ribeiro,2020-04-08,"Parque de Silva, 419, Itatiaia, 59686776 da Cunha / PE",18602735480,liam06,Srta. Fernanda Siqueira,kevin83@ig.com.br,81,,
A+,1779,Gute AG,2024-03-30,"Stella-Weimer-Ring 2, 36027 Kelheim",358-62-3894,helmtrud66,Univ.Prof. Karlfried Hellwig B.Eng.,nloewer@web.de,609,-74.1585555,-108.437739
AB+,1946,合同会社中島食品,2022-10-12,大阪府新宿区上吉羽14丁目15番6号,078-24-9960,ikedakana,小林 康弘,atsushi56@hotmail.com,412,-46.177243,-79.302485
AB+,181,"Wilson, Wood and Fleming",2019-11-28,"75562 Keith Motorway Apt. 359, Careyshire, MI 99068",219-84-7951,ggreene,Megan Butler,jessicaroberts@hotmail.com,42,73.9436845,-93.02645
AB+,600,Hesse Noack GmbH & Co. KGaA,2022-09-26,"Milica-Steuer-Gasse 1-7, 94575 Neu-Ulm",583-00-9267,constantin67,Dr. Wieslaw Barkholz,schaeferjanus@gmx.de,535,-71.9689025,24.108594
O+,1950,Guarato e figli,2023-09-02,"Contrada Giacconi, 154, 80062, Meta (NA)",SCHFBZ11P28I316N,graziellacuzzocrea,Dott. Michelotto Baggio,calogero01@libero.it,542,-74.8128635,-46.036277
AB-,1202,Geisel,2024-01-01,"Marek-Harloff-Allee 7, 46265 Badoberan",563-86-1136,nathalie58,Herr Ibrahim Jungfer,chermighausen@gmail.com,611,-53.3515105,125.426775
A-,1417,"Mccoy, Finley and Bonilla",2022-05-31,,162-32-3488,shawnlane,Michael Harmon,garzajohn@hotmail.com,76,56.173232,-149.508199
AB-,1249,渡辺情報株式会社,2022-11-24,兵庫県長生郡長南町日本堤3丁目1番4号 丸の内コーポ728,305-60-4267,yasuhiro67,高橋 充,reisuzuki@gmail.com,621,-72.0561375,-5.930649
AB-,2019,Costa,2021-07-12,"Passarela Costela, 89, Taquaril, 93421-382 Cassiano / BA",28315479628,theo26,Rhavi Machado,wsampaio@ig.com.br,531,58.1162325,114.077807
A-,17,Parmitano s.r.l.,2021-09-08,"Incrocio Ansaldo, 387 Piano 0, 86042, Nuova Cliternia (CB)",VSPNNT18E18A343I,leopoldo80,Fernanda Chiappetta,mluciani@vodafone.it,563,71.25648,-177.773343
AB-,64,Alves Abreu S.A.,2025-02-03,"Vereda da Rosa, 70, Pompéia, 10500-464 Gomes / AL",64971582002,wabreu,Ana da Mata,idas-neves@ig.com.br,605,7.5326445,-163.759823
O+,672,Reinhardt GmbH & Co. KG,2021-10-25,,117-08-9410,gcarsten,Knut Täsche-Grein Groth,ackermannmathilde@googlemail.com,460,-51.789166,-151.355275
A-,261,Jäkel GmbH,2025-09-13,"Wolf-Dietrich-van der Dussen-Ring 16/27, 64723 Chemnitz",586-40-5524,jaentschhans-herbert,Goran Schuchhardt,adolf51@googlemail.com,15,54.272594,-5.843597
O-,1774,Ackermann GmbH,2021-02-24,,864-01-4613,hannsgroettner,Erdogan Killer MBA.,thiesadele@hotmail.de,261,-48.3869165,51.166819
AB-,1975,Moreira,2022-09-28,"Favela da Rocha, 21, Vila Santo Antônio Barroquinha, 10883835 Garcia do Campo / PI",04186295360,joao-lucasmelo,Sra. Heloisa Porto,joao-vitoroliveira@ig.com.br,495,8.085208,177.717234
B-,1786,Cavalcante Ltda.,2024-12-10,"Alameda Benjamim Fogaça, 97, Beira Linha, 71735-717 Costa / ES",39160524707,melotheodoro,Alícia Silva,mariahnovaes@uol.com.br,503,-18.277801,-135.931973
O+,769,山本建設有限会社,2025-09-14,,397-05-0991,yuta89,遠藤 七夏,yuki27@gmail.com,422,-85.384853,41.167467
AB+,506,Johnson PLC,2024-02-13,"23351 Castro Lake Suite 666, Lake Robertview, UT 28722",303-86-2071,ypeterson,Brittany Powell,alice75@gmail.com,108,-12.6048905,-102.638991
O-,771,Aparecida - ME,2022-05-02,"Travessa Allana Jesus, 9, Serra, 76384-144 Peixoto / BA",43561279007,manuellada-rosa,Eloá Borges,stephanycamargo@ig.com.br,712,-45.774848,45.852504
O+,22,van der Dussen,2025-04-15,"Dörschnerstr. 4921, 18591 Borken",400-84-4960,hoerlehans-rainer,Dr. Klara Roskoth,fredericschoenland@web.de,332,84.7075005,178.992441
AB+,992,"Massey, Mcguire and Martin",2021-11-29,"3697 Nancy Center, Lake Tonyaland, MD 40257",771-68-7464,greenedonna,Sydney White,alison11@yahoo.com,723,23.7741885,-104.671042
A-,2128,Souza - ME,2020-09-11,"Núcleo Silveira, 58, Céu Azul, 89933-251 Silva / PB",12845069324,paulo32,Dr. Vitor Gabriel Pacheco,pintomanuela@gmail.com,736,69.0294055,-69.374054
AB-,1337,田中印刷株式会社,2019-05-17,大分県品川区吾妻橋29丁目2番14号 中三依コーポ804,477-92-6497,inoueyumiko,鈴木 千代,akirasaito@hotmail.com,147,-80.2024175,-93.089357
O+,1801,Rocha,2021-11-06,"Largo Cavalcanti, 9, Vila São Gabriel Jacui, 12803-084 da Costa / AC",48963521737,fmoura,Yago Pinto,ssantos@uol.com.br,339,-83.481385,-160.618208
B+,1995,Mälzer,2020-03-03,"Marleen-Renner-Weg 82, 59876 Kitzingen",867-64-6733,heinz-wernerjacobi-jaeckel,Maurizio Zirme,kramerrosa-maria@googlemail.com,651,,
B-,1941,Cassiano Cirino e Filhos,2023-01-25,"Praia Luana Carvalho, 20, Vila Piratininga, 46515673 Viana de Andrade / CE",10483975214,jferreira,Henry Gabriel Lima,wcamara@yahoo.com.br,492,89.5243325,49.277913
AB-,679,Hörle,2021-09-12,,450-18-5487,wloewer,Siegrid Pölitz MBA.,zeynepklingelhoefer@googlemail.com,312,-69.1090245,-76.950754
AB+,286,da Cunha,2022-04-04,"Avenida Machado, 12, Capitão Eduardo, 76363081 Moraes / GO",74026891313,valentimcasa-grande,Cauê Macedo,rochabianca@bol.com.br,520,58.508329,-158.598227
A-,1144,Letta-Righi SPA,2025-06-19,"Viale Maurilio, 86 Piano 0, 36050, Poianella (VI)",MRCGFR62R71F795W,tarantinomelania,Matilda Comolli,michelottopagnotto@fastwebnet.it,529,-62.329106,118.310894
O+,257,Shaw Ltd,2019-10-12,"4390 Jared Hollow, Lake Susanview, DC 07182",705-14-3984,sharpshannon,Darius Wise,fordashley@yahoo.com,157,,
B+,214,Baracca Group,2021-08-09,"Contrada Flora, 60, 61026, San Sisto (PU)",NTRLCU62T68D144Z,gianlucaaccardo,Gianluigi Binaghi,ferraramatteo@gmail.com,3,30.219669,-144.124873
O-,745,阿部印刷株式会社,2021-12-15,,591-57-4618,kanainoue,池田 さゆり,lwatanabe@gmail.com,28,-73.263945,-67.468604
O+,1980,Moreira,2024-02-23,"Parque Henry Casa Grande, 8, Jardim Do Vale, 45519520 Silveira / RS",21743986050,jsa,Isabelly da Paz,cunhajoao-gabriel@hotmail.com,173,25.072996,95.012847
B+,361,Mülichen,2022-09-18,,661-57-7396,berndtmisicher,Engelbert Jungfer B.Sc.,susann80@googlemail.com,170,-14.9964595,-54.706075
AB-,180,有限会社加藤情報,2020-11-07,福島県四街道市京橋34丁目14番2号,750-49-7145,dgoto,鈴木 七夏,kobayashihiroshi@hotmail.com,508,-40.6976315,-54.671917
B+,1434,Hauffer KG,2025-07-26,,641-52-7560,clarissa87,Diana Wilmsen-Nerger,karlheinz25@googlemail.com,411,13.0950845,-51.987576
A-,908,Klapp Krause GmbH & Co. OHG,2019-09-04,"auch Schlauchinstr. 8/8, 05718 Vilsbiburg",455-85-5588,fadimechristoph,Natalija Geisel,cfoerster@googlemail.com,592,30.86976,-91.641162
AB+,94,Trommler e.V.,2022-05-29,"Schweitzerstr. 8-9, 06962 Finsterwalde",722-26-6015,arthurfritsch,Theresia Schaaf B.Sc.,oputz@hotmail.de,387,36.8423505,17.720448
A+,1644,有限会社岡田保険,2022-07-18,滋賀県世田谷区月島17丁目6番13号 コート竜泉701,086-33-3154,kanamiura,吉田 花子,suzukisotaro@hotmail.com,63,-19.0368395,14.820593
B-,1339,Natta-Rienzo e figli,2021-10-05,"Strada Bonomo, 69 Appartamento 1, 70014, Conversano (BA)",BRBRDF63D55H634T,giacobbe77,Gianpietro Comisso-Piccinni,cappellipiersanti@tim.it,26,2.4883855,-35.786632
B-,316,合同会社渡辺情報,2020-05-07,奈良県長生郡白子町浅草橋14丁目11番14号 手岡アーバン103,212-77-4303,chasegawa,吉田 修平,haruka17@gmail.com,456,4.429251,107.464173
AB-,1144,Beer,2024-11-20,"Dörrgasse 6/6, 83512 Wetzlar",925-02-7834,lwagenknecht,Heiner Hendriks MBA.,jkrebs@hotmail.de,126,-68.0414365,-26.087901
AB-,579,Dias,2021-06-11,"Avenida de Rios, 2, Casa Branca, 18891502 Barbosa / AP",84527960130,rhavi80,Jade da Paz,andre34@gmail.com,682,26.8284995,-110.350342
A+,232,Ortiz LLC,2019-12-06,"87262 Smith Loop Suite 092, Port Harold, IN 68807",271-29-7463,gregory42,Megan Clark,bartonjennifer@hotmail.com,277,-0.7822585,130.476144
O-,520,Scott-Clay,2020-11-11,"67575 Ryan Mission, New Michael, ND 83276",414-89-3292,russellkayla,Vanessa Murray,sarah65@gmail.com,130,-19.295207,-19.088612
AB+,1532,合同会社斎藤銀行,2025-07-09,,347-32-9158,yoshidahanako,鈴木 舞,minoruyamamoto@gmail.com,171,77.8304535,28.905791
O-,893,Bachmann KG,2019-01-27,"Vollbrechtplatz 3, 53116 Soltau",584-54-5439,zobelgottlieb,Aldo Eberhardt,ingo53@hotmail.de,290,28.296003,134.152096
AB+,1779,Azevedo,2021-06-28,"Campo de Duarte, 14, Bandeirantes, 01306952 Fonseca Verde / RR",50749863110,da-conceicaomaria-eduarda,Lucas Gabriel Sales,xnovaes@ig.com.br,300,-64.6331445,92.060184
AB+,1099,"Miller, Pope and Garcia",2018-11-13,"54598 Jennifer Points Apt. 033, Port Kevin, MD 26885",680-50-0891,shannon45,Steven Gonzales,zrobinson@hotmail.com,146,-62.38382,124.820315
B+,468,Geisel Carsten GmbH,2021-10-24,"Gierschnerplatz 9, 82821 Wolgast",196-42-6609,hillermarco,Roland van der Dussen-Drewes,alexanderschmidt@yahoo.de,217,62.8146365,-92.636975
AB+,977,"Cilea, Cardano e Angeli Group",2025-03-01,"Contrada Cristina, 7 Piano 3, 81052, Pignataro Maggiore (CE)",TSCPRS93T42D705C,lucianigino,Sophia Rensi-Columbo,stella33@outlook.com,239,29.576506,89.90749
A+,488,Graham-Ingram,2020-08-01,,538-96-0048,taylorsamuel,John Moreno,melvin99@hotmail.com,503,85.6455975,-50.513171
AB-,1649,Toselli-Forza e figli,2019-03-05,"Strada Gionata, 0, 51031, San Piero (PT)",MRRNCL18P48G421T,sbonomo,Sig. Fredo Sagredo,gianluigi40@hotmail.it,687,-32.4839195,-163.247513
O-,517,有限会社佐藤農林,2023-06-28,新潟県三鷹市吾妻橋10丁目7番19号,246-04-1017,takumasaito,渡辺 さゆり,uwatanabe@hotmail.com,588,-78.761896,-3.622872
B-,1631,da Mota Vieira S.A.,2024-04-18,"Estação Sampaio, 66, Santa Amelia, 77941659 Ribeiro das Flores / MS",17492086520,nnogueira,Isabelly Novaes,theopereira@hotmail.com,487,12.494888,8.513974
A+,886,da Rosa Leão S/A,2025-01-08,"Viaduto Kevin Pinto, 24, Centro, 17730-176 da Paz / RN",19684573219,maria-juliacunha,Valentim Pacheco,biancada-rocha@gmail.com,332,49.024972,143.232515
A+,1120,Nicolucci-Fagiani e figli,2022-11-28,"Rotonda Guglielmo, 272, 73029, Vernole (LE)",CGUMLD25H07E859J,tnonis,Annamaria Brunello,filippamercati@libero.it,627,6.0696355,81.174316
B-,1903,Dossi-Caboto s.r.l.,2025-07-18,"Rotonda Barcaccia, 9 Piano 4, 67068, Cappelle Dei Marsi (AQ)",CLNRLD74C62C886L,jvercelloni,Dott. Rosalia Ungaretti,lucadellucci@vodafone.it,127,,
A-,685,Haase AG,2025-09-10,"Schmidtgasse 53/63, 68691 Donaueschingen",889-74-4279,stiffeleberhard,Ing. Agata Striebitz,fannyhethur@gmx.de,91,47.576311,70.388619
AB-,1371,Tintzmann GmbH,2023-07-20,"Oda-Gunpf-Straße 713, 45238 Hannoversch Münden",479-05-2523,lbuchholz,Reinald Grein Groth,cemilwieloch@hotmail.de,524,-37.545375,-64.187878
A-,1566,da Costa e Filhos,2023-03-14,"Pátio Cavalcante, 10, Silveira, 65159-106 da Luz / AP",39705846120,lorenzo40,Anthony Campos,vmontenegro@ig.com.br,500,45.879364,5.945919
B+,1354,Gnatz AG,2024-06-08,"Thiesstraße 1-3, 40654 Forchheim",553-76-7169,hiltrud72,Franz-Peter Hövel MBA.,ykobelt@googlemail.com,443,-66.824145,-110.584253
A+,1023,Travaglia-Pezzali s.r.l.,2023-07-29,,CSTGLI37B62C259J,battistimonica,Maria Montessori,lpalazzo@virgilio.it,411,68.25942,-30.617612
AB-,1041,Stey,2019-02-16,"Paulo-Briemer-Allee 6, 57310 Spremberg",385-61-6307,ekarz,Luisa Knappe,steinbergrobert@web.de,281,-45.284082,59.394079
A+,2021,Kobelt Wiek e.V.,2025-07-11,"Alice-Schuchhardt-Weg 2, 47198 Wesel",169-44-3151,witold01,Prof. Annett Hövel,soedingmarius@yahoo.de,68,-44.010825,124.212878
B+,2153,Schmidt Wohlgemut e.V.,2024-04-07,"Ilona-Reichmann-Straße 9/4, 59715 Geldern",053-22-1461,freudenbergertelse,Songül Kühnert MBA.,folker01@yahoo.de,207,2.840312,-86.252281
O-,456,田中食品有限会社,2022-03-03,静岡県渋谷区手岡1丁目22番11号 西川シティ084,693-21-3193,matsumotoyui,三浦 陽子,kazuya48@yahoo.com,743,4.1413365,-48.553865
O-,967,Eberhardt GmbH,2024-01-16,"Benjamin-Sontag-Allee 32, 33016 Wunsiedel",070-19-8503,benitagerlach,Ullrich Hethur-Krein,hans-joerg77@gmx.de,529,74.1886045,-4.200348
O-,724,Brito - EI,2022-03-04,"Morro Dias, 75, Santa Cruz, 40000771 Abreu de Casa Grande / PB",92753406170,yasmin07,Bárbara Rocha,matheus19@hotmail.com,259,63.807754,166.547932
O-,1468,高橋食品有限会社,2019-10-06,富山県四街道市平河町1丁目25番2号 コート三筋409,202-91-3987,yosukekobayashi,鈴木 翔太,akemiokamoto@hotmail.com,686,34.236822,7.544582
O+,761,Marques Machado Ltda.,2025-06-15,,39628541773,garciayago,Eloá da Paz,martinsluiz-henrique@bol.com.br,195,-9.359577,106.720915
B-,958,"Wright, Jones and Mcmillan",2024-02-23,"918 Rodney Coves Apt. 908, West Erin, DC 51023",186-35-3318,jmiller,Melissa Powell,fmiller@yahoo.com,43,-89.1514195,141.088851
A-,1224,合同会社佐藤農林,2025-07-31,熊本県山武郡横芝光町麹町19丁目24番20号 美原町ハイツ354,442-77-3217,chiyosato,石井 翼,shota39@yahoo.com,368,-48.9685725,-128.273359
O+,801,小川建設合同会社,2019-11-21,島根県横浜市栄区細野22丁目16番4号 蔵前パーク594,625-20-2032,nhasegawa,清水 康弘,yuki93@gmail.com,123,37.72014,-76.087895
O+,2030,遠藤運輸合同会社,2020-05-05,,634-63-9901,jhashimoto,橋本 あすか,efukuda@gmail.com,224,-87.347757,161.436876
O+,159,有限会社中村運輸,2022-02-07,,113-71-7852,hanakohashimoto,伊藤 零,usato@hotmail.com,514,39.071258,29.770017
B-,900,Scheuermann,2025-02-23,"Heidelore-Bolander-Ring 63, 32886 Schweinfurt",003-70-9340,rafaelsontag,Heinz-Werner Schüler-Mude,zzorbach@aol.de,259,50.5253595,-20.926987
O+,1731,Barcella-Alfieri e figli,2025-06-22,"Piazza Giorgia, 44 Piano 0, 20072, Pieve Emanuele (MI)",MSTLNI14P03M062X,campiserossana,Antonietta Sordi-Pace,dgregori@libero.it,740,69.932282,-39.189642
AB-,45,"Daugherty, Powers and Martin",2022-05-31,"91065 Lucas Islands, Williammouth, NC 43158",749-54-4855,benjamincarpenter,Catherine Espinoza,jenniferperkins@yahoo.com,715,-11.582891,-50.224264
O-,158,株式会社田中運輸,2022-12-11,埼玉県四街道市雷門41丁目13番17号,318-64-8149,oyamada,佐藤 晃,kaori65@gmail.com,671,16.2209065,139.826479
AB-,2105,"Petralli, Foconi e Tirabassi s.r.l.",2021-01-29,"Incrocio Mirco, 23 Piano 7, 95122, Nesima Inferiore (CT)",SLRRFL42L42M298L,ruggero22,Berenice Porzio,piermaria95@tiscali.it,30,13.489127,-86.464393
O-,806,Schuster Albers GmbH & Co. KGaA,2025-08-11,"Holstenplatz 9/2, 38372 Erbisdorf",013-52-0628,leopoldsauer,Hans Peter Gute,patbergdoreen@aol.de,507,-17.3254275,168.58422
O-,1413,Kostolzin,2022-08-13,"Paffrathstraße 1/2, 35583 Eichstätt",803-85-6359,reinhardtkira,Willibald Höfig,bloechel@hotmail.de,98,-46.957402,-92.728425
B+,971,Novaes,2024-02-17,,95027416849,zcamara,Cecilia Andrade,zlima@bol.com.br,511,27.879538,142.240251
O-,456,Luna SPA,2023-01-23,,RSMLRA95M15G913A,amleto34,Sig.ra Antonia Nitti,qodescalchi@yahoo.com,600,-46.898099,86.492009
A+,727,"Ginesio, Verdi e Piccio SPA",2022-04-26,"Via Gianvecchio, 0 Appartamento 75, 63858, Montefortino (FM)",PLTRMR37R41H777Y,grecojuvara,Paola Errigo,gcallegaro@yahoo.com,403,-61.80946,178.9473
AB-,821,"Sanchez, Taylor and Johnson",2023-09-25,"4701 Kristen Loaf, Bryanborough, ME 58681",581-93-9183,uanderson,Ashley Watkins,adam73@hotmail.com,527,84.7073145,67.366706
B-,980,Barros Oliveira S/A,2020-12-07,,51409283615,benjamimalmeida,João Pedro Ribeiro,dom47@gmail.com,381,-80.4187675,-63.836668
A+,1193,"Conti, Romiti e Bodoni SPA",2021-08-15,"Piazza Tresoldi, 0 Piano 5, 24023, Clusone (BG)",MSCVRL68P57C528J,cattaneoranieri,Aria Bevilacqua,guarino34@live.com,576,85.698725,52.604243
A-,774,Fernandes Ltda.,2019-04-28,"Conjunto Ana Julia Costela, 3, Vila Jardim Montanhes, 81448-119 Fogaça / ES",76491053857,nunesmaysa,Hellena Nunes,henry79@hotmail.com,523,81.4907445,-51.582401
B-,1386,Löchel,2023-08-22,"Netteallee 462, 07541 Pasewalk",494-11-5751,rfaust,Mareike Mende,valentinaheinz@aol.de,580,-70.7712875,-157.919428
AB-,1824,Donovan Ltd,2019-03-20,"56747 Sheila Squares Apt. 135, North Jose, MS 65792",709-92-8318,evasquez,Jeremy Trevino,pamela96@yahoo.com,64,38.564837,81.916255
B+,516,西村水産株式会社,2022-05-25,福井県香取郡神崎町東大和町9丁目3番14号,161-79-3975,rmurakami,木村 さゆり,naoko86@hotmail.com,698,-85.071111,122.452666
AB+,840,Ochoa-Schmidt,2019-05-23,"Unit 3836 Box 2639, DPO AP 27872",149-76-7476,valdezscott,Christopher Russell,delacruzrachel@yahoo.com,592,-80.9414415,155.462969
AB+,795,株式会社山本電気,2019-05-28,鳥取県狛江市氏家37丁目22番20号 シティ津久戸町975,094-89-7877,shotakondo,高橋 香織,kaoriwatanabe@gmail.com,664,-0.669778,-73.5072
AB-,2034,Geisler Ernst KG,2019-11-23,"Täscheweg 35/20, 08731 Königs Wusterhausen",021-89-6203,andreyhoefig,Ferenc Bärer,dorothegraf@gmail.com,102,51.107982,161.244239
O-,1600,合同会社福田電気,2020-08-07,長崎県香取郡多古町中川崎16丁目16番14号 パーク北上野988,290-74-8669,lsaito,井上 健一,satochiyo@hotmail.com,543,-30.971486,-167.240118
AB+,1964,渡辺鉱業合同会社,2020-04-13,奈良県匝瑳市小入34丁目5番11号 明石町コート580,214-67-7745,hideki00,小林 裕樹,yui35@gmail.com,658,-60.172458,154.152869
O-,195,Mies Pohl GbR,2019-03-14,"Bernd-Seidel-Allee 99-31, 32712 Dinslaken",806-31-2103,langesenta,Sandra Eberhardt,schomberdorothea@googlemail.com,598,6.4082435,128.069455
O-,1462,"Martin, Roach and Davis",2022-08-05,"8119 Eric Hollow, Simmonsborough, OR 71315",285-80-0575,brookemccann,Melissa Montoya,bsullivan@hotmail.com,395,-42.32616,-49.165216
A+,1960,Renner,2019-05-03,"Pölitzgasse 3/9, 58876 Bitterfeld",998-70-3779,mijorosenow,Dipl.-Ing. Hans-Peter Kraushaar B.Eng.,gesa65@hotmail.de,557,23.581861,15.082102
AB+,1263,"Kelly, Garza and Smith",2021-10-08,"0384 Arnold Row, Brownchester, NH 53830",020-96-6401,kimberly12,Christina Ibarra,dthomas@hotmail.com,205,45.693631,-41.387878
AB+,24,"Faggiani, Cicala e Bertoni e figli",2020-04-24,"Contrada Ermenegildo, 20 Piano 1, 27045, Casteggio (PV)",RSPSLV72M58B229G,francescobalbo,Dina Adinolfi,paolacostanzi@libero.it,437,73.971909,42.42109
AB-,1482,Thompson-Miller,2025-08-15,"32990 Jessica Ville, Hendricksland, NY 22122",121-02-9487,angela17,Jeff Barker,joannagonzalez@hotmail.com,649,-12.9127795,112.444189
AB+,1349,Swanson Inc,2021-11-23,"7085 Jones Common, Archerfort, NM 44610",587-91-7316,nbutler,Scott Craig,fwatts@gmail.com,206,75.028919,-77.417809
O+,319,Ziegert Köhler AG,2022-11-10,"Margareta-Fröhlich-Gasse 9688, 97331 Wolfenbüttel",348-74-5562,jan24,Annita Hartmann,giorgiohoefig@gmail.com,384,-48.9423675,-45.096109
A+,421,Hettner AG,2024-09-26,"Kruschwitzplatz 84/91, 39315 Spremberg",366-20-1523,klaus-petermeister,Anatol Hoffmann B.Eng.,margrafjasmin@aol.de,81,28.5417885,-161.126264
AB+,1494,有限会社後藤鉱業,2024-01-06,群馬県千代田区平河町27丁目23番4号 シャルム台場976,127-58-9683,chiyowatanabe,西村 淳,tikeda@hotmail.com,190,29.9742035,47.364396
A-,918,木村ガス株式会社,2019-03-02,,711-87-6170,fokamoto,小川 明美,cyamazaki@yahoo.com,421,-73.9284465,-14.429385
B+,379,佐藤水産有限会社,2019-08-26,茨城県南房総市箭坪36丁目24番4号,275-86-7931,yoichisasaki,鈴木 知実,tsato@hotmail.com,423,44.857559,-79.315287
O-,420,石井建設合同会社,2022-03-14,栃木県川崎市宮前区中鉢石町16丁目11番8号 東上野アーバン602,120-92-9508,moriakira,西村 翼,ryoheimurakami@yahoo.com,450,-42.833365,100.53152
A-,1370,Nohlmans GbR,2021-02-05,"Wendestraße 4115, 57000 Neu-Ulm",128-09-2827,losekannelizabeth,Britt Eigenwillig,imeldakrebs@gmx.de,417,55.8902565,68.87058
AB-,2104,Ziegert,2021-10-01,"Beierstr. 45-88, 96472 Northeim",840-73-6160,gierschnerwalther,Liselotte Freudenberger-Gröttner,drubinhatice@googlemail.com,167,77.1822905,-136.231775
AB-,1724,"Brown, Peters and Garcia",2021-03-04,"9704 Brittany Viaduct, West Pamelaberg, AK 66613",353-32-8936,andrelucas,Kristy Thompson,wmoyer@yahoo.com,651,-20.9311275,-19.674616
AB-,1967,Cunha S/A,2024-03-11,"Fazenda de Siqueira, 27, Vila Santa Monica 1ª Seção, 99783-583 da Mata de Ribeiro / BA",49618325024,vitor-gabriel48,Renan Borges,haraujo@uol.com.br,624,,
B+,309,Steinberg Stiftung & Co. KGaA,2019-04-26,"Kadeplatz 9-2, 94445 Altötting",328-38-0565,chiller,Reinhold Carsten,bogdan06@aol.de,170,50.0838835,-30.168841
O-,1332,Borrani e figli,2024-02-04,"Contrada Durante, 429 Appartamento 8, 85023, Forenza (PZ)",MRSGNE08C14A310G,romeo50,Corrado Mondaini,merisigioachino@libero.it,563,-52.8524675,41.46188
B+,94,Matthäi KG,2022-09-18,"Ingolf-Wilms-Ring 83/98, 54221 Höxter",919-67-6521,carl-heinz73,Reinhild Schmidt,bozena68@gmail.com,597,-4.5212415,130.555156
B-,1637,Aparecida,2019-10-08,"Via Murilo Almeida, 92, Vila Da Luz, 99933-289 Freitas / AC",89021346796,mda-mata,Heitor Costela,yurifogaca@hotmail.com,602,,
A+,1221,株式会社前田ガス,2022-12-11,石川県富津市千束25丁目3番7号 隼町パレス825,328-36-0906,suzukiatsushi,藤田 花子,mikiyamamoto@gmail.com,230,1.2425395,-170.839128
AB+,1850,Garcia Group,2019-06-18,"03701 George Rue Apt. 791, Lake David, TX 86447",685-22-2822,russelldeborah,Sarah Valencia,igibson@yahoo.com,486,-71.2568705,69.605195
B+,1522,Köhler Stroh AG,2023-07-12,"Agnes-Dowerg-Platz 7, 97637 Dachau",799-36-5738,gustavschweitzer,Bianka Löwer,thoralf11@yahoo.de,87,70.1466005,-108.404676
B-,613,橋本情報合同会社,2020-10-16,兵庫県利島村長畑10丁目19番5号,715-50-1555,hsato,田中 浩,jun21@gmail.com,214,-73.4909665,0.368178
O-,1842,Zanichelli-Pacillo e figli,2019-09-18,"Piazza Basso, 9 Piano 6, 45034, Paviole (RO)",BVLDNL78D03M421R,piergiannotti,Angelo Costalonga,torquatoblasi@alice.it,342,53.4152725,-103.476554
AB-,965,Patberg GmbH & Co. KG,2019-08-05,"Sieglinde-Heinrich-Ring 49/75, 71685 Wanzleben",799-88-3485,soedingleonore,Constantin Tintzmann,fedorputz@hotmail.de,452,-82.1973815,-60.747763
O-,1376,"Baxter, Solis and Khan",2021-07-23,"620 Dunn Forest Apt. 818, Mccartymouth, NH 05113",354-02-5072,dsmith,Lauren Taylor,elizabeth70@gmail.com,685,-38.281396,-107.18645
A+,1595,田中ガス有限会社,2020-07-13,宮崎県横浜市神奈川区虎ノ門36丁目18番4号,710-75-2872,sotarofujiwara,田中 裕美子,manabu69@gmail.com,416,-17.1750955,-137.414288
AB-,1459,Lima,2020-06-30,"Rua Rebeca Fernandes, 6, Coração Eucarístico, 95705922 Camargo / SE",24356871928,isismoura,Lorenzo Cardoso,heitor91@yahoo.com.br,104,23.4653295,142.744288
AB-,1637,Henschel AG & Co. OHG,2021-03-04,"Roseplatz 45, 98717 Neu-Ulm",218-51-2024,lissi53,Susanna Reinhardt,saskia05@yahoo.de,495,,
O-,1393,Hernandez-Osborn,2025-06-10,"USNS Mcdaniel, FPO AA 97132",178-07-7814,patrickobrien,Sharon Rodriguez,hickmandonald@hotmail.com,264,-13.5889595,-178.754237
B+,8,合同会社佐藤印刷,2022-04-15,,056-90-1304,qtakahashi,木村 明美,fujiirei@gmail.com,320,63.5179915,-104.627695
A+,1145,White-Taylor,2021-05-24,"728 Myers Skyway Suite 662, South Anthony, WV 27270",278-72-7750,haley11,Matthew Sanchez,ericporter@hotmail.com,321,31.94383,106.729007
O+,1907,Hörle GbR,2022-11-27,"Karina-Ebert-Weg 11/41, 13007 Neustadtner Waldnaab",716-45-7345,franciscostiebitz,Emilie Müller,writter@googlemail.com,587,18.6345405,171.101173
O+,1163,"Cox, Wright and Richards",2023-11-02,"988 Wagner Lakes Apt. 931, New Johnathanmouth, RI 85339",129-80-9048,bbarnett,Brooke Alexander,williamsshawn@yahoo.com,546,-54.472981,97.930072
B+,645,Pastor,2022-10-19,"Loteamento de Peixoto, 992, Boa União 1ª Seção, 33973-177 da Rosa de Pimenta / RO",46302951780,imarques,Ravi Lucca da Rocha,yan61@hotmail.com,642,8.1072415,-55.698576
A-,1880,Granatelli s.r.l.,2024-11-20,,QRNPRC74C15M311Y,pietrobacosi,Piero Russo,opizzifederigo@gmail.com,588,-1.704566,119.940668
B-,642,Fritsch KG,2023-08-30,"Paul-Heinz-Margraf-Platz 39, 52018 Bayreuth",881-48-1092,ehenschel,Dipl.-Ing. Reingard Lübs MBA.,hans-walterrosenow@web.de,416,-23.155977,41.408308
O-,1573,青木運輸有限会社,2025-09-02,愛媛県御蔵島村外神田19丁目26番9号,753-30-9558,ryoheitakahashi,山下 くみ子,tanakamomoko@gmail.com,626,75.948554,81.628876
AB-,1927,Vergerio-Sanguineti SPA,2022-07-08,"Incrocio Arsenio, 21, 85049, Trecchina (PZ)",CPPMTT39T64C995C,fornaciarimirco,Lodovico Dossi-Pigafetta,rienzogiulietta@vodafone.it,100,-80.3043265,41.363656
O+,1760,Cruz-Hudson,2024-09-13,"472 Bryant Glens Apt. 492, Scottmouth, NM 25626",562-46-2696,rebecca10,Tiffany Copeland,dcarrillo@gmail.com,664,21.3434025,-20.994672
A+,77,Gude Pohl GmbH & Co. OHG,2022-12-28,"Roskothallee 12-88, 08088 Erding",884-29-0755,carlosbriemer,Stefan Lehmann,cstadelmann@aol.de,142,64.7849185,-1.46742
B-,535,"Zaguri, Siffredi e Verga s.r.l.",2025-04-12,"Stretto Rocco, 47 Appartamento 4, 56127, Pisa (PI)",TLSMRZ57D65B532U,carolina65,Dott. Roberta Peranda,flavio03@tin.it,180,42.5825655,-4.648604
O-,1937,Almeida,2022-09-16,"Parque de Lopes, 341, Aarão Reis, 14155351 Aragão do Amparo / PA",83471209603,pedro-lucascamara,Alícia Nogueira,joao-pedro04@uol.com.br,198,26.1947085,-121.42661
A-,769,Puccini SPA,2019-04-01,"Stretto Giorgetti, 42, 54021, Corlaga (MS)",RGNGDU41B48A051C,giovannacuzzocrea,Cassandra Errigo,drossetti@poste.it,680,,
O-,773,Moreira Teixeira S.A.,2021-08-04,"Fazenda de Nascimento, 5, Anchieta, 67101-305 Freitas / SC",45276903883,rebecamendonca,Aurora Leão,smoraes@gmail.com,488,-51.001356,-172.394259
B-,684,Chigi SPA,2024-01-12,"Piazza Bianca, 51, 33078, Gleris (PN)",SNTPRL84T41G921N,imanolesso,Berenice Travia,olibonicostanzo@libero.it,84,81.717385,92.58183
B+,399,Cianciolo-Bresciani s.r.l.,2022-05-03,"Canale Carolina, 74, 33090, Tramonti Di Sotto (PN)",MNTRMI87S05D286O,donna48,Sig. Ottone Argentero,ucarli@tim.it,416,28.6171505,176.702177
A-,455,Maffei-Scialpi SPA,2023-09-16,"Vicolo Nicola, 48 Appartamento 68, 19014, Framura (SP)",FLTRMN30B12G741W,npetrassi,Federico Casale,torquatofavata@fastwebnet.it,721,49.974533,166.099116
O+,208,Keudel Misicher GmbH,2021-04-29,"Hatice-Johann-Gasse 3, 46669 Zerbst",403-10-7334,mohamed58,Marga Meyer,miroslawgiess@yahoo.de,78,-60.9756475,167.109193
AB+,1168,Huhn,2020-09-25,"Hans-Karl-Binner-Weg 38-99, 99789 Meißen",313-63-6064,ebertmatthaeus,Aziz Staude-Trüb,alexejkambs@web.de,602,-42.4891025,-129.728655
B+,655,Lopes,2019-03-07,"Pátio Ísis Pacheco, 839, Teixeira Dias, 30701852 da Luz de Porto / PI",59302746143,obarros,Dr. Léo Castro,ecassiano@yahoo.com.br,373,-49.1177295,163.932396
AB-,2095,吉田食品有限会社,2020-12-26,石川県印旛郡酒々井町南赤田17丁目9番20号,170-25-0636,kyosuke82,藤井 春香,asasaki@gmail.com,163,48.399298,-105.607813
B-,1611,Allen-Ruiz,2025-01-22,,004-12-9051,marcus60,Kenneth Day,xvega@yahoo.com,360,19.154989,100.122018
O-,97,Franco Group,2022-12-01,"95751 Luis Mews, Garciaville, PW 55592",217-85-9430,morrisjeffrey,Erica Floyd,terrifoster@gmail.com,50,16.667343,126.371035
AB+,1758,Cagnin-Manzoni e figli,2021-05-30,"Viale Bianchi, 52, 09123, Cagliari (CA)",TTNDRA45T71E938Q,benedettimariana,Carmelo Baroffio,aferrata@hotmail.it,79,-41.1825215,-124.445282
A+,1020,合同会社小林建設,2018-12-05,青森県大田区長畑21丁目11番8号,712-18-5262,otakahashi,長谷川 真綾,fujiihiroshi@hotmail.com,675,,
AB-,398,Smith PLC,2025-03-28,"10382 Duran Drive, Alexandriahaven, GU 07247",603-62-1287,ejohnson,Gary Bowen,gcampbell@yahoo.com,368,,
O-,646,Lima,2024-06-08,"Conjunto Ferreira, Aparecida 7ª Seção, 10118-932 Melo / PB",81605297402,emanuelbarros,Juliana Moraes,nicolasmachado@yahoo.com.br,213,-48.9691045,-35.152707
B+,1875,"Watts, Fuentes and Parker",2021-08-06,"48809 Casey Crest, Andrewfort, PA 17513",007-15-3088,michael69,Kenneth Johnson,maryjones@gmail.com,471,-62.676103,98.463637
AB+,1013,"Banks, Williams and Butler",2023-10-14,"1311 Paula Mews, South Sarahhaven, TX 91000",413-57-3020,amylee,Elizabeth Jones,peggy12@hotmail.com,487,-83.362185,120.79453
A+,1822,小林農林株式会社,2024-09-04,栃木県小金井市長間22丁目11番1号 コーポ皇居外苑591,392-19-0545,aokinaoko,前田 直人,ryoheimaeda@gmail.com,145,-45.3787595,-176.895559
A+,1536,Vasconcelos S/A,2021-11-16,"Distrito de Silva, 3, Aguas Claras, 33957015 da Conceição / DF",74209183687,correialuiz-henrique,Vinícius Aragão,manuela75@hotmail.com,51,32.319305,-131.441062
AB+,1180,Wallace-Williams,2020-06-09,"6531 Becker Villages Apt. 135, South Reneehaven, NC 97966",493-29-0462,taylor14,Kelly Gordon,ashleychristian@hotmail.com,282,34.005473,-153.540939
O+,1604,"Flores, Thompson and Smith",2023-07-08,"739 Owens Throughway Suite 353, Robertsberg, PA 99166",839-20-3222,christopherturner,Sandra Johnson,mrangel@hotmail.com,395,-89.512339,145.372964
AB+,632,株式会社青木電気,2024-11-12,兵庫県調布市柿木沢新田34丁目25番9号 松石クレスト868,103-26-9424,naotoyamaguchi,中村 陽子,naokiishikawa@gmail.com,327,-20.9845805,-72.454757
B-,793,井上鉱業合同会社,2024-12-12,長崎県昭島市芝公園38丁目9番2号,808-04-2633,yamadaatsushi,中島 淳,psasaki@hotmail.com,696,57.210931,102.871221
B-,695,小林建設株式会社,2019-10-20,高知県新島村高田馬場26丁目20番11号,393-72-5875,sotaro66,高橋 亮介,hsato@gmail.com,517,26.9982995,90.476971
B-,513,da Conceição S/A,2025-02-15,"Condomínio Sá, 657, Monte São José, 75217948 da Cunha / MG",64198053251,ana-livia20,Cecilia Silva,antoniomontenegro@ig.com.br,115,-50.940948,163.627466
B-,988,"Luxardo, Ficino e Venier e figli",2023-02-17,"Strada Callegaro, 6 Appartamento 17, 24062, Costa Volpino (BG)",MNCLCN93E29L065W,mcadorna,Donna Pausini-Baggio,oiannotti@yahoo.com,370,-22.418684,-61.093003
B-,786,Beffa Group,2021-11-01,,MZRLNA66E22B546W,giuliana04,Benvenuto Salandra,antonella57@outlook.com,560,-78.2562265,89.032387
B+,1470,Hall-Lester,2024-05-09,"PSC 1342, Box 7573, APO AA 56067",040-21-3789,david46,Dylan Lee,stonechristie@hotmail.com,371,-36.7634455,38.499512
AB+,623,Trupp,2022-11-03,"Janus-Aumann-Platz 52, 53213 Bremen",071-53-5076,kuhlottokar,Ing. Willy Mühle,meckbauer@aol.de,139,42.5035655,125.072888
B-,1675,山本農林株式会社,2020-07-04,神奈川県東久留米市天神島23丁目22番7号,594-64-3853,akira67,岡田 太一,katomituru@hotmail.com,294,-0.9425675,-81.087818
AB+,120,有限会社中島農林,2022-01-13,新潟県昭島市五味ヶ谷22丁目21番3号 コーポ豊町846,202-98-4345,wsakamoto,渡辺 聡太郎,yamashitamai@gmail.com,725,-27.545108,-88.488949
AB-,788,Hahn GmbH & Co. KG,2025-07-13,"Sieringweg 7, 22537 Gifhorn",508-12-4313,zirmeroberto,Günter Steinberg,ivonnehande@gmail.com,64,-35.441809,-90.446272
AB+,106,"Dodson, Randall and King",2022-11-08,,536-98-5391,vgonzales,Roberto Johnson,jenniferstevenson@gmail.com,739,81.4133355,136.78832
O-,2053,Dobes,2018-11-17,"Anka-Faust-Straße 99/54, 02504 Duderstadt",474-76-0395,ljiljana96,Erol Anders,abbas04@googlemail.com,440,80.248832,131.765151
AB+,1773,Hentschel Lorch KG,2021-02-10,,796-65-0980,rustgundel,Beatrice Hettner B.Sc.,eckartschweitzer@aol.de,305,-76.9648805,94.477261
AB+,2123,Borges,2022-11-20,"Sítio de Macedo, 64, Vila Canto Do Sabiá, 98122-344 Martins Grande / SP",37046529892,piresthales,Kamilly Siqueira,ycorreia@hotmail.com,603,60.17684,76.801864
O-,730,Gilbert-Foster,2021-02-24,"517 Fisher Lane, Port Thomas, MI 82616",284-10-7866,coffeydavid,Michael Cameron,robertcasey@gmail.com,49,-84.399702,111.91359
B+,311,有限会社田中ガス,2023-02-05,富山県横浜市都筑区中鉢石町17丁目11番1号,522-09-2150,taichi47,山口 七夏,gototaro@hotmail.com,373,77.616357,64.151403
AB+,1419,有限会社小林印刷,2019-02-15,兵庫県印旛郡本埜村芝浦29丁目4番10号,147-04-3523,asuka51,山崎 舞,ishikawahideki@gmail.com,491,24.9868225,32.887795
A-,127,"Zola, Catenazzi e Zoppetto e figli",2024-08-12,"Stretto Raimondo, 10, 47842, San Giovanni In Marignano (RN)",MLNFBZ12M55A081W,calogero28,Ida Barberini,morosinifabio@gmail.com,151,-85.7828775,-8.160295
O+,211,Cirino Mendes S/A,2024-05-09,"Conjunto Rezende, 28, São Paulo, 29991-743 Andrade Alegre / SC",60427591830,apollomendonca,Lara Novais,camaraluigi@hotmail.com,642,78.5212805,71.933676
A-,625,Kensy,2020-11-27,"Betty-Matthäi-Platz 1, 67491 Königs Wusterhausen",406-47-7957,schollhanife,Josefa Juncken,clemensdrub@yahoo.de,140,80.009255,39.000413
AB-,316,Adams-Eaton,2021-02-22,"930 Ann Coves Suite 156, Lake Stefanie, IA 13734",890-75-6121,johnsonchelsea,Crystal Padilla,jhall@gmail.com,530,-73.8800215,-22.91591
AB-,1297,"Glover, Foster and Day",2020-09-19,"USCGC Bowen, FPO AP 16287",288-84-9563,kayla52,Grace Stanley,shelley14@hotmail.com,729,11.665583,-149.95626
AB-,189,"Telesio, Guinizzelli e Calvo SPA",2025-05-11,"Incrocio Brambilla, 79, 20816, Dal Pozzo (MB)",NFNMRL66D52L631N,amandagiunti,Ricciotti Letta,fbroschi@libero.it,265,55.3116605,-170.382064
O+,356,吉田銀行合同会社,2022-04-01,,301-71-2090,hasegawanaoto,山口 直人,satomisuzuki@hotmail.com,308,49.3501455,-109.10764
O-,775,Davila LLC,2025-01-09,,621-46-7904,kellydiane,Richard Norris,ahenry@yahoo.com,659,45.712804,111.550727
O+,125,Vasconcelos,2020-05-14,"Lagoa das Neves, 914, Conjunto São Francisco De Assis, 70255-529 Montenegro / AC",56483190298,pietro97,Yago Vargas,ana06@uol.com.br,33,-64.305803,-122.019108
AB+,1716,"Gregory, Wood and Nguyen",2023-05-30,"177 Reid Views, Port Daniel, NE 31535",165-63-2204,dianasimmons,Victoria Palmer,ustokes@gmail.com,190,-69.9637545,-27.57592
B+,249,合同会社中島農林,2019-11-02,香川県府中市東浅草27丁目11番14号,103-42-2986,satomitanaka,松田 篤司,yokomori@hotmail.com,465,,
O-,1624,Castillo-Parker,2022-12-06,"2291 Day Meadows, Port Daniel, NJ 73258",778-76-5153,simmonshenry,Shaun Gonzalez,donald78@yahoo.com,605,84.297,59.333031
A-,566,Brown-Fletcher,2021-10-23,"543 Flores Villages Suite 355, Port Janice, AS 19198",341-88-4306,jamesjoseph,Lori Greene,terry88@hotmail.com,128,-11.8939155,-146.393302
A-,1672,"Perry, Powers and Rogers",2021-06-07,"27039 Nathaniel Hills, West Jennifer, FL 94454",291-95-5334,christopherjefferson,Mr. Christopher Collins MD,pperez@gmail.com,151,-4.062954,141.967792
AB-,952,Interiano-Crispi e figli,2021-07-08,"Incrocio Ferrabosco, 99, 20051, Cassina De' Pecchi (MI)",BNSMCL41B51C674X,gianmarcobenedetti,Simonetta Speri,omontalti@yahoo.com,218,79.380796,-104.461297
O+,173,Turner and Sons,2020-07-24,"7305 Breanna Road, Catherineshire, FM 82655",836-29-9018,samanthabrown,Stacey Cruz,fwhite@gmail.com,439,-76.517734,8.36763
AB-,1621,Salgari e figli,2020-03-06,"Piazza Babato, 31, 08027, Orgosolo (NU)",MCCDRN67E59A952H,giulianacastioni,Loredana Boccaccio,alphons61@outlook.com,212,-26.988498,53.421792
B+,881,高橋建設株式会社,2020-11-11,鹿児島県大網白里市池之端22丁目13番4号 シティ白金212,574-20-8179,takuma05,青木 学,ishikawaosamu@yahoo.com,522,-61.6639315,120.166985
A-,270,Eco-Traetta SPA,2024-02-22,,MRBTZN93L59G354P,puglisierika,Adriano Gussoni-Beccheria,lsauro@gmail.com,545,-45.53873,-106.982272
B-,598,Busoni-Capuana e figli,2023-08-13,"Rotonda Gioacchino, 15, 16133, Apparizione (GE)",PLMVLR50D44E438M,yrastelli,Luciano Pellico-Vittadello,qmondaini@libero.it,430,-46.0285955,89.104294
AB+,595,Pedrazzini e figli,2019-03-04,"Borgo Grasso, 928 Appartamento 4, 50137, Firenze (FI)",GNNGBL99R49M407K,alessandra47,Gelsomina Parri,mercedescomolli@tiscali.it,470,36.4743825,178.744731
A+,2062,Castro,2020-08-06,,93501642725,das-nevesbreno,Sra. Yasmin da Rosa,fernandomacedo@hotmail.com,109,-9.2568935,32.119463
AB-,83,"Grisoni, Briccialdi e Rosselli SPA",2024-06-09,"Vicolo Mercantini, 532, 31039, Spineda (TV)",BSORBT29H41H131G,pfantini,Ruggiero Donini,livio68@libero.it,29,50.195133,19.174055
B-,324,Fischer AG & Co. KG,2021-01-17,"Martinallee 43-51, 94620 Jena",639-09-1958,agatha40,Diethard Schuster,jsoelzer@web.de,285,74.493573,127.622491
B+,14,松本ガス有限会社,2019-07-04,静岡県西多摩郡檜原村藤金24丁目27番1号 南赤田パレス427,124-51-6221,kota,渡辺 春香,fsuzuki@yahoo.com,436,71.0908775,99.800556
AB-,178,斉藤電気有限会社,2023-09-23,和歌山県川崎市多摩区鳥越14丁目14番8号 アーバン戸塚町481,884-73-3481,tarotakahashi,井上 舞,fujitakazuya@gmail.com,260,-39.6217355,55.364086
AB+,121,Hermann KG,2021-10-24,"Geißlerstr. 36, 89595 Oschatz",573-64-9724,brian73,Galina Losekann,raikhettner@gmx.de,580,41.505626,-39.062553
B-,825,"Catalano, Barsanti e Verga Group",2021-06-15,"Incrocio Maffei, 73, 31049, San Pietro Di Barbozza (TV)",MRRMTT19E45B749K,alfierilolita,Damiano Udinesi-Lattuada,alessandroplatini@tele2.it,557,9.093795,11.540622
B+,1116,Farias e Filhos,2025-08-13,,75829341050,upeixoto,Juliana Barros,natalia28@bol.com.br,190,-39.475157,-55.476588
A+,1543,Römer KG,2023-07-18,"Valentina-Karz-Gasse 9, 99953 Saarbrücken",291-49-6723,guenter21,Herr Oswin Vollbrecht MBA.,clemensreuter@googlemail.com,487,-41.156496,-36.972086
AB-,220,Fracci-Iannotti Group,2022-01-02,"Strada Bianca, 25 Piano 4, 26811, Boffalora D'Adda (LO)",GRTTTV68P54E841L,laureano50,Ranieri Bergoglio,ycasellati@alice.it,48,-30.2101645,-68.319315
A+,1418,Jockel Seifert Stiftung & Co. KG,2025-01-18,,263-76-8924,madlen83,Karola Ruppert,rogergeisel@aol.de,519,-43.5323185,-85.231355
AB-,2147,Sgarbi-Grassi e figli,2021-11-19,"Vicolo Bartolomeo, 21, 32042, Calalzo Di Cadore (BL)",GGLDNI03A14A412I,romansagese,Dott. Luchino Samele,fargan@outlook.com,583,78.1983405,-132.920047
AB+,1455,Albers Stahr GmbH & Co. KG,2023-04-15,"Zofia-Bohlander-Ring 30/95, 29003 Kleve",774-56-9152,bertha09,Ing. Ilhan Hande B.A.,elisa41@web.de,189,-87.40063,173.706691
B-,1746,"Innocenti, Bertoni e Sonnino s.r.l.",2025-07-21,"Rotonda Milanesi, 5, 14026, Cunico (AT)",PGLSTN86P19H732K,piermaria99,Valentina Montanari,fzetticci@libero.it,613,28.290704,40.516755
B-,1502,Stoll GmbH,2019-11-06,"Margrafring 3-2, 26449 Northeim",361-18-7205,istvan62,Grazyna Geisler,fischerhubertine@gmail.com,49,25.7686605,112.134298
A-,141,Bohlander,2020-12-09,"Tschentscherplatz 50-48, 23312 Guben",137-16-5447,rennersabrina,Ing. Johan Scholl,ivohellwig@gmail.com,521,,
A-,1159,Gumprich Bärer GmbH,2022-10-13,,688-07-0215,prosemann,Anna-Maria Klapp,seckbauer@gmail.com,232,64.544557,-50.675825
O-,542,Harris Group,2025-07-31,"64129 Rachel Mission, East Jeffery, AZ 25925",008-85-5089,copelandstephanie,Jeremy Hebert,james37@hotmail.com,699,-67.323719,63.281135
O-,2014,合同会社井上印刷,2020-01-16,千葉県三宅島三宅村花川戸24丁目22番9号 中川崎アーバン055,683-80-2815,watanabeshota,前田 明美,nokada@gmail.com,247,-68.8143205,14.369498
AB+,686,"Iadanza, Cociarelli e Monti Group",2021-05-22,,SRRNRC72C63H399L,sylvia81,Nadia Marazzi,ppirelli@hotmail.com,659,-9.1914735,-22.545119
A-,1029,Henschel GmbH,2023-01-22,,339-79-6201,ddehmel,Sibille Jäkel,elfireinhardt@hotmail.de,342,-10.366739,86.492064
A-,340,Garcia Macedo - ME,2019-03-26,"Campo da Luz, 38, Barão Homem De Melo 2ª Seção, 30836-386 Silva do Campo / ES",58463027180,maria-lauranunes,Emanuel Aragão,manuelarocha@bol.com.br,303,41.9557365,-81.045573
B-,998,"Gasperi, Maglio e Cianciolo e figli",2021-03-29,"Canale Tiziana, 7, 63831, Contrada Tenna (FM)",BNTLDI00P15F703W,daria48,Angelina Santorio-Bataglia,marisa33@libero.it,688,,
B-,1292,吉田銀行合同会社,2020-09-27,千葉県大田区芝公園37丁目4番1号,260-33-6726,csato,青木 花子,tsaito@hotmail.com,154,35.9247305,-66.141983
B-,292,Moreira - ME,2021-06-13,"Pátio Martins, 60, Alípio De Melo, 89986-223 da Mata do Amparo / CE",01764329813,diegoaparecida,Gael Henrique Pereira,uribeiro@gmail.com,635,48.2633625,67.502563
A-,641,Zahn,2021-12-01,"Peter-Bruder-Allee 9, 13071 Moers",964-83-6459,rebert,Oxana Eberhardt,wigbertharloff@gmx.de,634,-12.2617575,176.991248
A-,1013,Bruder Täsche KG,2025-06-01,"Reginald-Geißler-Ring 47-53, 97632 Strasburg",010-86-5685,strohkarolin,Anka Jähn,saskia16@googlemail.com,193,-68.452454,158.019414
AB+,2116,Buchholz Dörschner GmbH,2021-08-05,"Wellerstr. 79, 71978 Weimar",713-86-1840,kasparschomber,Karolin Paffrath,thilopechel@yahoo.de,378,-40.6309395,118.171328
AB+,675,Lawson Ltd,2019-01-26,"940 Alexis Ridge Apt. 712, Goodmanstad, IL 56302",330-56-1939,robert96,Ashley Mccormick,byoung@yahoo.com,471,-22.269176,-20.933158
O-,304,Schwital,2022-07-23,"Mitschkestr. 8/2, 18689 Augsburg",201-31-9815,oladeck,Cristina Sauer,damian14@web.de,218,88.6769155,-91.921752
B+,667,Zamora Inc,2021-07-05,"48130 Boyer Square Apt. 081, West Jesse, GA 64483",033-22-5093,westcaleb,Samantha Stone,davisalicia@yahoo.com,595,21.2990435,70.819033
AB+,1459,Metz,2024-11-20,"Koch IIplatz 565, 20570 Lüdenscheid",516-29-7118,czeslawboucsein,Hüseyin Zobel-Hänel,raedelknut@aol.de,278,30.7400795,-111.60455
B-,1623,Vargas,2024-05-09,"Via Allana da Luz, 5, Vila Havaí, 43632-445 Albuquerque do Amparo / MS",64258091758,antonyda-conceicao,Mirella Castro,talves@yahoo.com.br,357,40.776021,142.861599
O-,270,Caldeira Rezende Ltda.,2018-10-29,"Passarela Farias, Dom Cabral, 57493225 Vargas / PE",35169487010,lferreira,Ana Júlia Moraes,antonellamendes@hotmail.com,391,-16.3248885,-27.97104
A+,525,合同会社高橋印刷,2018-11-27,福井県長生郡白子町西小来川22丁目24番11号 東大和町クレスト884,036-14-3707,abekumiko,橋本 花子,minoru52@yahoo.com,740,-77.4164985,132.044907
A-,684,渡辺印刷株式会社,2023-04-30,宮崎県横浜市栄区西浅草37丁目27番8号 日本堤シャルム652,436-81-1911,tsubasa43,松本 智也,rokada@yahoo.com,606,60.955415,66.51063
AB-,1024,Davis-Anderson,2020-10-24,"USNV Thompson, FPO AA 84898",863-98-3187,fwiggins,Kimberly Lopez,parkerkimberly@yahoo.com,14,16.6263495,-30.717267
B+,101,Santos Vargas S/A,2019-03-24,"Lagoa Erick Cavalcanti, 57, Itapoa, 61318423 Siqueira do Sul / RR",34085712608,alexandre31,Oliver Brito,davi69@hotmail.com,485,-29.256224,-115.600937
O-,231,Gardner Inc,2021-12-04,"8254 Philip Rapids, Port Angela, WV 14031",564-94-7098,ruben35,Angela Elliott,ellisclayton@gmail.com,346,89.025061,78.669812
B-,1338,Dias,2020-12-10,,93765048100,matteocavalcanti,Ana Liz Moreira,cassianomaria-luiza@ig.com.br,123,-82.011248,-17.457015
B-,1195,有限会社中村印刷,2021-06-24,山形県川崎市川崎区東神田15丁目5番14号 東三島シティ369,724-47-7148,satorika,渡辺 康弘,tanakanaoki@gmail.com,133,28.4745525,30.569604
O-,1113,Walton-Pierce,2019-04-04,"7519 Cruz Trail, Melissaborough, KS 96024",339-43-0663,brownheather,Katie Hill,ycunningham@gmail.com,30,-77.283282,113.426634
B-,860,"Moreno, Butler and Taylor",2022-12-28,"470 Porter Squares, East Maryshire, PW 11675",712-30-5075,vargasapril,Sean Brewer,sarah51@gmail.com,342,80.75053,-132.043344
O+,634,Nette Hentschel GbR,2023-05-08,"Junitzplatz 341, 22187 Neustadt am Rübenberge",368-74-8419,yehlert,Tamara Scheibe-Peukert,chamann@hotmail.de,287,19.2640745,39.378733
AB-,1493,Kraus Werner GmbH,2020-11-19,"Rudolphweg 494, 12382 Mallersdorf",585-58-9742,blinke,Hildegart Henk,jeannettefinke@aol.de,285,-20.1300035,-106.388536
B+,1141,Holsten,2024-06-22,,058-09-2003,reginald70,Wolfgang Benthin B.Eng.,madeleine98@web.de,157,-85.7356825,-99.391807
B+,1407,"Jacobson, Foster and Taylor",2023-12-21,"0661 Robinson Rapids Suite 806, Heidiburgh, TX 13012",298-87-8382,jdavis,Joshua Shaw,kingstephanie@yahoo.com,669,84.09218,-173.359548
AB+,1126,中村食品合同会社,2019-12-15,,225-27-3529,vyamada,林 涼平,jun11@yahoo.com,71,-32.5229545,-14.546303
O-,1350,"Surian, Ferrari e Anguillara Group",2019-06-13,"Contrada Raffaella, 768 Piano 7, 37029, San Pietro In Cariano (VR)",NCHGNR30A52L811B,pigafettatonino,Temistocle Valmarana,qbaresi@fastwebnet.it,675,37.709308,-93.41605
A+,2147,Azevedo,2023-06-02,"Lago Lucca Oliveira, 937, Vila União, 83214743 Melo do Campo / RS",10463925734,correiaolivia,Eloah Martins,rhavi47@yahoo.com.br,736,40.1598455,130.210769
AB-,1725,合同会社後藤印刷,2019-10-05,広島県安房郡鋸南町太田ヶ谷15丁目19番17号 クレスト権現堂011,827-07-2901,reiyamamoto,坂本 さゆり,rika45@hotmail.com,559,-8.608725,40.551055
O-,432,Bolnbach Beier KG,2020-08-19,,078-73-9451,muehlealeksandr,Evangelia Pechel B.A.,reinhardtrosita@googlemail.com,611,-6.3313715,88.872413
O-,324,Sontag e.G.,2021-08-26,"Inge-Schenk-Weg 8/2, 16188 Quedlinburg",917-06-1344,heydrichbenedikt,Sükrü Salz MBA.,klemttimo@hotmail.de,337,38.52936,79.369158
AB+,69,Camanni Group,2025-05-14,"Rotonda Pina, 4 Piano 5, 27014, Corteolona (PV)",CRCBTC57H06D472Q,giorgio86,Sonia Trillini-Borzomì,fulvio65@alice.it,694,87.6809045,-67.568754
A-,1454,Pucci SPA,2022-04-18,,CHPBRL53T47C091U,sabatino15,Virgilio Fuseli,maria91@libero.it,261,74.5177395,104.852303
O+,696,阿部運輸合同会社,2023-03-20,愛知県清瀬市中鉢石町40丁目18番19号 パーク鍛冶ケ沢871,397-22-9534,naotoabe,中川 直樹,hiroshiyamada@hotmail.com,742,43.0060645,-107.819832
B-,1109,Innocenti e figli,2025-09-11,"Piazza Serafina, 8, 47838, Riccione (RN)",TSCGDI16B13I236Z,osvaldorusso,Camillo Papafava,teresafinetti@libero.it,728,55.5587845,16.883641
O-,1765,Sá,2024-03-31,"Campo Júlia Pastor, 87, Cinquentenário, 45636869 Cirino da Praia / SE",47395268164,vargasluisa,Théo Aragão,luisa32@yahoo.com.br,91,83.353193,-148.530771
A+,19,"Turner, Stuart and Brewer",2022-04-22,"186 Lopez Light, Dixonstad, ND 40706",037-26-1170,dhardy,Stephanie Luna,maryhunt@yahoo.com,508,-61.401421,81.192079
AB-,370,"Favata, Pareto e Gozzi s.r.l.",2022-04-21,,LNCVNL74H03M276C,ovadiagiulietta,Silvestro Paruta,amanda93@virgilio.it,552,-10.157088,102.235939
B-,176,Freitas Pinto - EI,2024-10-24,"Núcleo Rios, 43, Jardim Guanabara, 83789-806 Sampaio / MT",93705682474,ana-livia62,Théo Souza,ana-julia70@hotmail.com,206,-0.8423805,9.70149
AB+,9,Ruggieri-Grossi Group,2022-04-27,"Contrada Ziani, 255 Appartamento 19, 13821, Callabiana (BI)",FLNLGO48M01F680S,fbenussi,Beatrice Casellati,kbragadin@vodafone.it,293,,
A+,1454,Schiavone-Galtarossa SPA,2019-10-27,"Borgo Molesini, 30, 92017, Sambuca Di Sicilia (AG)",NRDLNE10C09G597U,calcedoniofittipaldi,Sig.ra Cristina Disdero,michelettovezzali@hotmail.com,327,-5.749947,68.328143
O+,1280,有限会社石井情報,2023-02-21,新潟県横浜市金沢区芝大門24丁目15番7号,127-74-9941,shotayoshida,吉田 陽子,watanabeyui@hotmail.com,497,-69.1302245,-31.47549
AB+,1502,Lopez-Eaton,2021-03-16,"84055 Trevino Turnpike, Andrewsfurt, CO 98905",765-35-1515,greenlisa,Jessica Hart,uwilliams@gmail.com,130,-20.39802,-74.699117
B+,50,Cox-Miller,2025-01-17,"992 Waters Glen Suite 876, East Michelle, AS 26698",397-08-5814,umiller,Bonnie Glover,ewhite@hotmail.com,616,-12.249854,39.977098
AB+,943,Ford PLC,2024-05-31,"128 Ryan Isle, Velezfurt, LA 73711",103-67-7198,georgestevens,Terry Cross,donnachambers@hotmail.com,487,37.1236,-76.060535
A+,1592,Hendriks Mohaupt GmbH & Co. KG,2025-02-15,"Katharina-Heinz-Allee 3/2, 68757 Teterow",766-18-9722,pgeisler,Sandro Kade-Hölzenbecher,mangoldmanfred@yahoo.de,390,76.5548715,-60.459519
O+,1948,"Wright, Smith and Davis",2022-08-12,"51146 Allison Well Suite 421, Javiertown, OK 23041",672-54-2888,andrew10,Diana Daugherty,jmiller@gmail.com,295,64.0842245,175.837852
O-,290,Ernst,2025-05-24,"Vassilios-Schleich-Gasse 5/1, 01763 Hettstedt",156-53-7911,karoladobes,Dr. Petra Gnatz MBA.,tilman07@hotmail.de,152,48.8878325,129.427019
B+,624,Pacillo SPA,2023-04-24,"Vicolo Romiti, 68 Appartamento 54, 83034, Casalbore (AV)",GTTPLN14T16B678A,maurizio96,Achille Botta-Tozzo,xsforza@libero.it,618,4.0488535,65.350746
A+,828,Pineda Group,2021-12-16,"55739 Kimberly Junctions Apt. 894, Cameronmouth, MN 35225",529-77-4658,rodrigueztheodore,Melanie Stevenson,nicolecameron@gmail.com,290,-4.843579,72.32783
B+,1514,有限会社森鉱業,2020-04-17,,136-01-5756,osamu56,長谷川 結衣,matsumotonaoko@hotmail.com,232,75.5689275,-113.657357
AB-,483,Graf AG,2019-12-10,"Austermühleweg 48, 28865 Stollberg",795-58-1350,smetz,Leonhard Weinhold,maximiliandrewes@hotmail.de,103,74.0426665,-148.776798
O-,1236,Oliveira Pastor S.A.,2018-11-07,"Condomínio Azevedo, 12, Barroca, 44041720 Alves / BA",63125487080,joao-felipe72,Raquel Gomes,vitor-hugosiqueira@uol.com.br,351,73.2769075,-45.057321
B+,939,"Vargas, Jackson and Chen",2019-01-25,"2848 Parks Summit, North Steven, AK 05741",169-91-3332,heather41,Michael Rodriguez,kathryn61@hotmail.com,265,-0.0405455,160.75423
O-,776,"Garzoni, Bandello e Nosiglia Group",2019-04-18,"Via Campise, 72 Piano 5, 51019, Ponte Buggianese (PT)",PRZMND46A25A706L,puccinipaoletta,Dott. Sante Udinesi,ceruttiolga@libero.it,533,24.7085415,-61.714991
O-,1291,Heser Stadelmann AG & Co. OHG,2024-06-13,"Adeline-Weinhage-Straße 66-56, 38524 Pasewalk",316-90-5230,annettmentzel,Elwira Wohlgemut,bozenaweinhage@yahoo.de,35,26.292019,-12.043883
AB-,921,"Capuana, Castelli e Barcaccia SPA",2025-02-28,"Incrocio Comboni, 914 Appartamento 9, 24063, Fonderia Di Lovere (BG)",VSPBNT87B43B193V,giuseppe33,Concetta Nordio,bconti@gmail.com,425,-27.6816745,67.517577
AB-,610,Martins,2024-12-28,"Praça de Silveira, 52, Vila Nossa Senhora Do Rosário, 27786310 Mendonça do Oeste / ES",65247018958,vasconcelosemanuella,Ryan Marques,joao79@yahoo.com.br,738,-6.3621755,152.12563
B+,1553,佐藤保険合同会社,2025-01-28,愛知県日野市高輪14丁目22番17号 前弥六南町クレスト217,066-26-8619,ishiiryosuke,山田 零,akirayamada@hotmail.com,426,-46.198406,27.159623
AB-,1902,da Luz Teixeira - EI,2023-09-25,"Lago de Cardoso, 78, Independência, 44583444 da Rosa do Sul / AL",96128754309,samuel60,João Pedro Lopes,marquesmaria-alice@gmail.com,318,68.84454,154.982299
B+,1131,Zecchini-Bosurgi SPA,2022-11-16,"Canale Doglioni, 36 Appartamento 2, 32047, Granvilla (BL)",RNDMRN32C01F964M,zgianinazzi,Ermenegildo Cuda,lfermi@yahoo.com,280,-45.801757,-116.141619
O-,197,Rios S.A.,2024-07-06,"Vereda Clarice Leão, 49, São Marcos, 54757-052 Freitas dos Dourados / MS",36805412951,lbrito,Henry Gabriel Dias,saisis@ig.com.br,101,-76.1253535,-26.651098
AB+,1014,Gonçalves Nunes e Filhos,2023-10-09,,10928654389,efarias,Cauê Melo,pmendes@uol.com.br,480,-43.80846,-176.05455
O+,2060,有限会社高橋印刷,2021-07-18,富山県西東京市今戸5丁目21番12号 明石町シティ896,277-24-1269,ryohei64,中村 あすか,owatanabe@yahoo.com,229,19.951371,135.098399
B+,1624,"Amaldi, Fanucci e Nadi SPA",2023-05-22,"Rotonda Carducci, 1, 25032, Chiari (BS)",TZZPRG08A70I328P,jpalombi,Serena Cimini-Spadafora,cnugnes@gmail.com,200,75.4519525,154.618715
O-,999,Traetta-Flaiano SPA,2021-05-26,"Strada Gianluca, 260, 53026, Monticchiello (SI)",VRGLCN03L70E933S,schicchienzio,Claudio Belletini,nigglisalvi@libero.it,85,87.079786,-102.936469
B+,2092,Rudolph Binner GmbH,2022-09-30,"Rosemarie-Winkler-Gasse 7-5, 83473 Stendal",811-75-1865,zhentschel,Univ.Prof. Katarzyna Berger MBA.,vanessaruppersberger@hotmail.de,353,34.6090745,-34.308884
A-,1896,合同会社藤井印刷,2018-12-22,青森県武蔵村山市蟇沼28丁目8番6号 橋場コーポ717,068-94-1303,yukitanaka,山本 千代,tyamaguchi@yahoo.com,444,45.5590365,137.870348
A+,804,株式会社前田電気,2020-09-23,神奈川県印旛郡本埜村鍛冶ケ沢4丁目21番10号 コート鶴ヶ丘364,502-77-6148,saitomomoko,清水 桃子,kaoritanaka@hotmail.com,744,42.908985,43.373988
B+,1125,Murphy Ltd,2024-03-06,"783 Jacqueline Dam Suite 966, Rodriguezville, VI 06259",788-46-5349,randy99,Valerie Harrington,timothybrown@gmail.com,288,-5.0647875,-21.189036
A-,199,斎藤水産株式会社,2019-03-29,熊本県夷隅郡大多喜町鶴ヶ丘26丁目2番5号 天神島アーバン577,065-36-0569,atsushisuzuki,阿部 智也,jun28@gmail.com,473,-11.764344,5.397972
B-,1906,Vercelloni s.r.l.,2025-08-03,"Contrada Lolita, 42, 63062, Montefiore Dell'Aso (AP)",BRNMCL89D05A666T,vfanucci,Saverio Bonaventura,cravaglioli@yahoo.com,552,-71.539449,135.71057
B-,742,Nunes e Filhos,2021-05-22,"Esplanada Henry da Luz, 896, São Damião, 38101778 Pereira / RR",73906421813,pcavalcante,Sr. Cauã Cirino,alvesmaria@uol.com.br,545,-46.0612505,43.267952
O-,1926,Heidrich,2019-01-03,"Kitzmannweg 5-7, 64758 Günzburg",807-17-1898,edward76,Suse Gute,oknappe@gmail.com,298,40.5083425,133.829123
B-,1230,Fracci-Giammusso e figli,2024-04-27,"Strada Tarantino, 3 Appartamento 4, 40043, Pian Di Venola (BO)",GNVSTL36P03G211M,domenico11,Emma Ruggeri,avendetti@gmail.com,738,34.2433295,-30.494265
O-,87,Anguillara SPA,2021-07-05,"Via Giovanna, 99 Appartamento 49, 30132, Sant'Elena (VE)",GRSRNL88M16D858R,qsatta,Romina Soderini,antoniospadafora@tim.it,164,-83.0691835,-123.241137
B+,704,合同会社中川通信,2024-01-19,茨城県武蔵野市柿木沢新田20丁目8番19号 明石町クレスト589,407-69-8110,kenichimiura,斉藤 翔太,shimizuyui@yahoo.com,293,79.033323,45.504625
B+,1420,佐藤通信有限会社,2020-02-24,長崎県青梅市東神田26丁目16番5号,515-78-1591,miki04,山口 結衣,hayashisayuri@gmail.com,51,20.683207,71.814231
O-,872,"Monicelli, Spadafora e Bresciani s.r.l.",2019-09-17,"Stretto Ferrucci, 730 Piano 9, 81042, Petrulo (CE)",STRRNF13D65I612J,patrizia14,Amedeo Mastandrea,valeriogabbana@alice.it,174,-80.9035975,-165.347379
O+,655,Smith-Neal,2023-08-29,"8837 Lori Port Suite 873, South Roberthaven, IA 21259",859-86-8259,erica81,Kyle Brown,trodriguez@gmail.com,220,8.36179,-51.807451
B+,1287,"Zanzi, Lucciano e Boezio s.r.l.",2021-02-20,"Contrada Romana, 65 Piano 1, 46044, Goito (MN)",FRCSMT80T21F746K,ggilardoni,Livia Gatto,mondadoriletizia@vodafone.it,736,67.7244465,1.924571
A-,1125,Birnbaum AG & Co. KGaA,2025-07-18,"Cindy-Rust-Ring 91/62, 60815 Spremberg",539-88-2220,tibor54,Anni Henschel,schachtantonietta@web.de,655,-86.4915685,-171.454817
O+,148,Seifert,2022-11-16,"Hornichgasse 8/2, 00041 Bremen",015-52-4767,atzlergertrude,Emine Hänel,birnbaumeugenia@hotmail.de,17,-13.2000845,85.032006
B+,751,田中ガス有限会社,2023-04-08,宮城県白井市氏家新田3丁目24番8号,585-04-0038,sotaro29,山下 篤司,tanakatakuma@gmail.com,695,-53.913877,21.30576
O+,883,Patberg,2020-05-04,"Meryem-Wende-Ring 3792, 59088 Siegen",559-36-6121,rgotthard,Univ.Prof. Nuran Ernst B.A.,sara87@yahoo.de,436,-59.27712,-33.397811
B+,210,株式会社渡辺食品,2023-04-21,大阪府神津島村筑土八幡町27丁目14番4号 秋葉原クレスト903,657-54-9813,yamashitataro,清水 陽子,nishimurashota@yahoo.com,370,0.196493,168.643835
AB+,1432,Weimer e.V.,2019-05-22,"Klotzstr. 47, 27881 Füssen",583-04-8378,fkambs,Elizabeth Krein,thereshofmann@web.de,413,65.063707,-178.240883
O-,1027,Castro,2018-11-04,"Trecho Matteo Garcia, Aarão Reis, 41864-217 Pastor / MS",62915843791,montenegroaurora,Vicente Fogaça,arthur19@yahoo.com.br,307,-17.8643325,44.261759
A+,59,"Munari, Beffa e Bondumier e figli",2023-03-21,"Vicolo Zabarella, 83, 28013, Gattico (NO)",MRSTTN00E03L247R,quasimodotorquato,Ottavio Fantoni,evaaccardo@libero.it,116,-16.20012,172.507291
AB-,228,前田運輸合同会社,2023-03-15,愛知県印旛郡本埜村鍛冶ケ沢22丁目15番20号 シティ権現堂593,534-50-2330,shota26,藤田 学,mfukuda@gmail.com,179,42.6607965,-161.254443
AB+,420,Villa PLC,2021-05-06,"1893 Amber Prairie Suite 854, Jameston, FM 82394",734-72-2265,barbaranguyen,Andrew Brown,john90@gmail.com,718,81.346899,-87.841639
AB+,626,Budig AG,2025-05-11,"Baumring 75-97, 38990 Oranienburg",342-46-9149,ida16,Univ.Prof. Marika Conradi,vassilioshethur@aol.de,11,-38.1258445,127.630058
AB-,867,Araújo,2025-01-27,"Estação de Rocha, 516, Vila Califórnia, 39139092 Nogueira Grande / AC",26135984764,bellalima,Gael Almeida,allana01@uol.com.br,174,-45.7381105,123.957822
AB+,276,Allen-Clark,2024-09-22,"0676 Amy Expressway Suite 832, Brittanyport, IA 80974",522-32-3308,jennifer20,Roger Miller,mikelowe@hotmail.com,154,-58.462533,-91.972465
B-,565,後藤情報有限会社,2025-04-07,青森県八王子市芝浦3丁目9番3号,486-94-5904,sotaro48,佐々木 明美,ryoheiinoue@yahoo.com,87,-50.5911605,-94.7398
A-,438,Walker PLC,2025-08-16,"8437 Fleming Trail, Davischester, CT 07275",635-31-6371,codyaguirre,Stephanie Gay,john59@yahoo.com,406,67.6086025,-156.398745
O-,958,Lewis Inc,2024-10-22,"724 Matthew Highway, East Deborahshire, MO 76020",374-87-3494,brandonyu,Bethany Roberts,coryward@hotmail.com,726,-45.0381695,120.779612
B+,76,Hande Eckbauer KG,2019-09-09,"Ruppersbergerring 1, 23928 Regen",290-94-3836,josehauffer,Heinz-Werner Mosemann B.Sc.,sergeiloechel@yahoo.de,342,88.1131745,-149.758372
B+,977,合同会社高橋水産,2025-07-26,,893-78-0200,kyosukesasaki,松田 花子,saitorei@hotmail.com,139,-86.462089,5.771335
A-,214,西村運輸合同会社,2021-10-16,茨城県印旛郡酒々井町津久戸町13丁目26番5号 白金台コート591,899-34-8818,atsushimatsumoto,佐々木 直子,yamashitamikako@gmail.com,413,,
O+,411,Anders Trub AG & Co. KGaA,2024-06-12,"Lydia-Klotz-Allee 9-8, 40427 Luckenwalde",395-35-1199,tilogumprich,Kerstin Scholz,jacquelineklingelhoefer@hotmail.de,577,42.420481,-18.151198
B-,666,Tintzmann,2022-12-13,"Dörrstr. 27, 57109 Neuss",052-19-8061,christl54,Magarete Schottin,qnoack@gmail.com,415,38.106718,-142.459472
AB+,972,Conti e figli,2019-10-10,"Canale Liliana, 7 Piano 6, 14033, Castell'Alfero (AT)",NLCLSU32M08D165R,fgiannetti,Carla Trentin,ltoldo@live.com,458,63.519786,-38.924744
AB-,1461,Cheda s.r.l.,2024-10-04,"Incrocio Scotti, 0, 04020, Campomaggiore San Luca (LT)",CCCNNL88B44L558O,zamengobruno,Livia Moneta,barcacciabenito@vodafone.it,112,57.808419,179.425828
O-,1045,Interminei-Lombroso Group,2020-03-21,"Stretto Giuliano, 6 Piano 1, 98100, Messina (ME)",MDRFMM78B13G247Z,ncadorna,Luigina Iannelli-Surian,traviacirillo@tim.it,116,46.2489655,24.918571
A-,268,Ribeiro,2023-05-04,,93784251005,natalia66,Enrico Correia,cardosoemanuelly@hotmail.com,71,-69.966505,137.659915
A-,1368,岡本農林株式会社,2025-05-17,静岡県中央区天神島39丁目2番13号 コーポ北青山154,760-79-8970,naoko61,佐藤 花子,suzukinanami@yahoo.com,681,24.70281,-165.364957
B+,884,da Rosa e Filhos,2023-05-09,,62138945782,marcos-viniciusabreu,Davi Lucas Duarte,brendacarvalho@yahoo.com.br,559,30.071309,1.042101
B-,1335,Borges Moreira - ME,2020-01-05,"Jardim Théo Casa Grande, 42, Graça, 82992128 Garcia do Amparo / GO",28579436010,yleao,Sr. Bento Pastor,vitor-hugoaraujo@yahoo.com.br,386,45.671123,113.460101
A-,1818,"Alonzi, Rocca e Trombetta s.r.l.",2019-09-30,"Vicolo Juvara, 44, 88815, Marina Di Strongoli (KR)",CRNFLR83S15H873A,ferragnicarolina,Milena Navone,paloma77@gmail.com,626,,
B-,891,Campos,2019-12-23,"Loteamento Maria Flor Aparecida, 85, Vila Nova Cachoeirinha 2ª Seção, 09918-301 Sales / GO",29378615040,benicio88,Yasmin da Mota,ana-sophiacarvalho@hotmail.com,615,4.3478675,-116.10563
B-,1506,Turati e figli,2022-05-19,"Viale Antonello, 9, 33033, Goricizza E Pozzo (UD)",PSTPTZ39M22L282D,gastonemurri,Coluccio Strangio-Coardi,greco87@live.com,96,-18.902737,110.41084
A+,771,Costa,2025-06-16,"Núcleo Costela, Cidade Jardim Taquaril, 80390849 Vargas / SP",80947326103,aoliveira,Maria Liz Cassiano,zcaldeira@hotmail.com,487,-30.944598,166.72498
B-,1555,Dias,2020-10-21,"Alameda de Abreu, 17, Buraco Quente, 92557-273 Fogaça das Pedras / CE",25104938689,nogueiraluana,Pedro Miguel Campos,gomesbrayan@uol.com.br,90,-58.7136905,151.512308
B-,473,Lindner,2019-12-14,"Hanne-Lore-Junk-Platz 5/2, 08137 Schweinfurt",799-22-4133,amandaberger,Ing. Sigurd Junitz B.Sc.,slobodanzimmer@gmx.de,214,52.6374495,45.57925
A+,1627,Anderson Inc,2022-06-02,"905 Amanda Curve, Hintonshire, CA 68735",539-46-2227,lmichael,Travis Swanson,jamesjohnson@gmail.com,178,-46.665303,-48.875013
O-,130,株式会社佐藤農林,2022-10-31,,323-22-3165,omaeda,中島 明美,junmatsumoto@gmail.com,528,-3.737221,2.629079
B+,1349,株式会社渡辺水産,2018-09-30,大阪府御蔵島村九段南42丁目3番14号 柿木沢パレス758,609-59-4143,sogawa,山田 美加子,taichi40@yahoo.com,423,-42.6968125,73.559553
B-,884,Crespi-Piane Group,2020-08-23,,CSCMRN06E10I819Y,gredi,Baccio Mannoia-Toselli,vittoriocagnotto@alice.it,329,,
A-,1662,Johnson Ltd,2024-08-15,,845-23-8484,kennethfaulkner,Mr. Steven Green PhD,marie65@hotmail.com,449,8.2675935,-59.588433
O+,156,Stephenson-Morris,2025-09-08,"USCGC Montes, FPO AE 67548",208-66-4811,spetersen,Timothy Hughes,bridgesalbert@hotmail.com,298,-88.7734015,-143.159904
B-,460,da Cunha e Filhos,2022-09-20,"Esplanada Gomes, 1, Vila Santo Antônio, 94443911 Moraes de Rodrigues / AL",54089236142,allana73,Catarina Porto,gabrieldas-neves@ig.com.br,743,-21.764438,-111.448329
AB+,837,有限会社木村銀行,2022-06-28,和歌山県東村山市大中1丁目26番16号 松浦町コート627,653-12-4406,yui34,鈴木 桃子,naoko18@yahoo.com,219,85.669815,-81.226399
AB-,965,合同会社伊藤食品,2022-06-11,福島県八丈島八丈町上吉羽27丁目23番19号 シャルム東上野109,390-94-3343,yuiaoki,松田 香織,pnakajima@hotmail.com,194,46.2874185,-91.5305
O-,838,Wagner Mende AG & Co. KG,2024-05-25,,655-27-0421,trapphans-henning,Ann-Kathrin Henschel-Girschner,zenon19@gmx.de,556,-12.2656925,175.052401
A+,770,Beffa-Bulzoni Group,2020-08-19,"Borgo Morrocco, 7, 39017, Videgg (BZ)",FRRCSR53T71B395G,fvidoni,Dott. Sandro Trevisan,neddasismondi@virgilio.it,188,-67.6946935,55.832273
O+,2077,Leão - ME,2020-07-10,"Sítio Sousa, Vitoria Da Conquista, 66809131 Barros do Oeste / AC",25803417653,maite85,Ana Sophia da Mata,carvalhogabriela@ig.com.br,529,9.137566,-94.188231
A-,387,Matthews-Cook,2025-01-10,"6643 Corey Isle, West Brittany, PR 78405",810-43-6172,nmolina,Nicholas Ford,waterszachary@hotmail.com,464,-10.5422215,-11.394702
AB-,1092,Bohnbach Thies GmbH & Co. KGaA,2023-04-04,,100-86-5728,margrafadriane,Univ.Prof. Jann Koch,marleen85@web.de,108,-67.5510465,4.164997
O+,1505,Morris Group,2024-03-17,"2250 Smith Tunnel, Salazarhaven, KY 28636",468-92-8380,danielwright,Stephen Wood,alanlopez@hotmail.com,366,8.2381905,53.380546
A+,1720,Plath,2020-11-12,,842-58-4161,ullrichsiegward,Radmila Juncken B.Eng.,staudesahin@web.de,547,1.7219675,95.27866
B-,1937,Ullmann e.V.,2021-09-21,,817-90-4905,rschulz,Univ.Prof. Adelheid Börner,antonino94@googlemail.com,665,-38.10273,13.835779
O+,1440,Fechner,2021-07-11,"Gotthard-Pergande-Allee 51/92, 48745 Schleiz",603-47-0948,asontag,Cengiz Bien,paffrathedelgard@web.de,426,28.721926,27.031523
B-,589,Sá,2024-03-30,"Avenida Dante Silva, 54, Lorena, 54486028 Nascimento de Moraes / AL",58623910702,lais27,Matteo Pereira,julianasousa@uol.com.br,110,37.844396,108.076959
A+,2134,"Argan, Comeriato e Fagotto e figli",2025-04-13,"Viale Polani, 667, 46012, Bozzolo (MN)",LNFDLM66S45E419E,zcarosone,Caterina Gualtieri,mtrapanese@outlook.com,353,51.1922715,38.172181
AB+,974,Crawford-Hood,2023-10-08,"55755 Scott Mountain Suite 475, West Tony, NM 59834",596-42-9572,richard32,Jodi Fuller,ysimmons@hotmail.com,598,-47.388133,171.95319
B+,676,"Gutierrez, Peterson and Nguyen",2025-07-22,"942 Jeremiah Parkway Apt. 486, Hurstfurt, MS 91931",862-20-5592,zyates,Mallory Miller,markpowers@yahoo.com,612,61.7565885,132.967461
O+,2027,Tafuri s.r.l.,2021-10-23,"Strada Ivan, 27 Appartamento 63, 85053, Montemurro (PZ)",RSLCHR30P17L355A,fulvioargenti,Dott. Daria Segni,piergiorgiovalmarana@tiscali.it,537,-70.542691,-174.169391
AB+,682,Casa Grande - EI,2023-02-17,,09286734131,cirinoapollo,Vicente Pires,estherdas-neves@ig.com.br,576,61.2566335,10.777278
O+,617,Santorio-Barsanti s.r.l.,2023-08-30,"Canale Marta, 166, 89052, Campo Calabro (RC)",SLRPCC56R64F203I,bajardimelania,Amalia Roncalli,gmatteotti@virgilio.it,131,22.6786515,111.90677
AB-,13,Disdero e figli,2021-01-28,"Incrocio Gastone, 9 Appartamento 7, 06081, Palazzo D'Assisi (PG)",GNTGRL55R24B915K,bottiglierolorenzo,Nanni Jilani,giampieropapafava@virgilio.it,690,42.761155,178.955951
AB+,1579,Atzler Thies KG,2024-03-03,"Eigenwilligweg 7039, 24272 Fürstenwalde",540-15-6521,rafaelbeckmann,Julius Hartmann,klaus-dieter86@gmail.com,736,89.6351805,-114.857354
A-,658,Brown LLC,2023-05-29,"30924 Nathan Turnpike, West Oliviafurt, SD 28254",116-53-9565,david84,Melissa Jones,qgarcia@yahoo.com,191,15.2813205,-163.023191
O+,1314,Bandello-Bodoni Group,2021-11-13,"Via Ciro, 76 Appartamento 6, 21012, Cassano Magnago (VA)",NGLMBT57E56B355G,ludovico05,Antonia Papafava,stoppaninapoleone@tin.it,226,45.636445,77.18635
B-,218,Gonzaga-Combi s.r.l.,2023-03-01,"Stretto Finetti, 3 Piano 1, 67066, Rocca Di Botte (AQ)",GSTFBA31D63E806O,ossanigiovanna,Hugo Niggli,giulianaleonetti@outlook.com,135,-2.2272855,-23.920324
A-,1487,Gomes Mendonça e Filhos,2022-05-01,"Campo de Dias, 8, Cidade Nova, 08191443 Sales de Sousa / RN",39451086242,luiz-miguelmontenegro,Ana Clara Nunes,tporto@uol.com.br,164,7.5394275,-115.435536
A+,282,"Smith, Johnson and Mccoy",2019-09-11,"PSC 3840, Box 6478, APO AP 44439",771-68-7533,brianmcconnell,Richard Harris,velazquezalexander@hotmail.com,600,12.0323415,84.882381
B-,433,Neuschäfer Bohnbach Stiftung & Co. KG,2022-02-22,,840-19-2368,lorchgerlind,Annedore Peukert,hilda12@aol.de,598,-22.879476,28.740352
B+,374,有限会社渡辺建設,2025-03-03,,424-59-7028,suzukimai,高橋 健一,atsushinakamura@hotmail.com,600,-58.240842,-162.118558
B+,59,Dunlap PLC,2019-06-03,,702-92-7335,moorescott,Johnny Morales,palmeraudrey@hotmail.com,39,59.9500995,8.776731
A-,1674,"Montesano, Contrafatto e Zacchia s.r.l.",2020-02-26,"Borgo Rossini, 431, 42049, Calerno (RE)",BDNRSR98S15D756I,ofilangieri,Susanna Ruggieri,flavia99@hotmail.com,562,23.801602,-164.496805
A+,1827,"Natta, Filippelli e Colletti e figli",2024-09-09,"Vicolo Altera, 15, 55011, Badia Pozzeveri (LU)",GRSGNG77B43M113B,piermariafoa,Toni Fantozzi,nicofederico@tiscali.it,281,-68.394601,-127.759055
O-,1455,Freitas,2019-12-09,"Residencial de Cassiano, 42, Alto Vera Cruz, 11077-040 Almeida / PA",40596813260,alanaferreira,Julia Leão,theodoroda-conceicao@gmail.com,321,-55.1175655,109.035066
AB-,463,da Mota Cardoso Ltda.,2022-01-01,,90254786383,yfarias,Renan Martins,santosemanuelly@gmail.com,626,-23.327827,-150.810432
A+,1100,"Tosto, Lancisi e Rocca Group",2019-11-29,"Borgo Eraldo, 534 Appartamento 7, 38016, Mezzocorona (TN)",GLGCHR37S15E283L,francescapellico,Luciano Viviani-Zabarella,carolinagualandi@poste.it,536,53.610553,168.507635
A-,1883,Davila PLC,2020-10-13,,295-73-6733,anne33,Andrew Walker,michelle25@yahoo.com,495,-59.216532,-170.702963
A-,1974,Niemeier,2019-12-31,"Magdalene-Müller-Straße 2, 93982 Görlitz",569-56-7611,liselotte89,Harold Römer,klaus-juergenwaehner@hotmail.de,454,15.436301,-148.146221
A-,154,Braun Inc,2018-10-04,"715 Charles Neck, Dylanville, WA 71524",451-34-5489,castrokevin,Brenda Garrett DVM,jeffrey26@yahoo.com,487,-60.1837825,-158.29797
AB+,602,山本印刷合同会社,2019-02-17,香川県富里市中三依28丁目13番20号 アーバン日本堤218,248-09-3945,kyosukeogawa,渡辺 京助,jun49@hotmail.com,659,-64.53003,105.711597
A+,1399,"Ferrabosco, Antonacci e Riccati e figli",2021-01-23,"Rotonda Babbo, 96 Piano 9, 46036, Revere (MN)",DLLDLM29T62F147C,arganvincenza,Erika Garobbio,dolores03@libero.it,64,81.287093,-104.151401
AB+,1111,合同会社小林印刷,2019-11-18,東京都渋谷区平河町8丁目24番13号,026-19-6998,tkato,近藤 七夏,taro64@yahoo.com,64,67.6952245,76.445089
A+,1308,森水産合同会社,2021-12-04,東京都三宅島三宅村太田ヶ谷11丁目6番13号,559-63-6600,fukudajun,佐藤 智也,satominishimura@yahoo.com,226,23.283461,-60.75102
B-,625,Henck Ring KG,2024-04-25,"Schülerplatz 10, 86038 Viechtach",910-59-0846,maximiliansontag,Ann Graf,fritznoack@web.de,561,10.695117,38.140749
B-,4,株式会社佐々木運輸,2024-10-22,岩手県山武市虎ノ門虎ノ門ヒルズ森タワー30丁目4番1号 シャルム中川崎010,016-97-9133,hideki42,山崎 直人,reiishikawa@gmail.com,352,-82.505863,165.578278
AB-,208,Moraes,2021-10-18,"Lago Ana Beatriz Nunes, Barreiro, 83611663 Rocha / PB",64975132800,osampaio,Bruna Siqueira,mpimenta@ig.com.br,528,-16.559481,12.900936
B-,229,Gonçalves,2022-01-13,"Distrito Miguel Rios, 18, Vila São Francisco, 33241-500 Aparecida / MG",36125047970,jose-pedroda-mata,Clarice Porto,marcelacorreia@bol.com.br,569,24.4788415,-1.493808
B+,1016,Klemm Kruschwitz GbR,2023-04-16,"Roggeallee 1, 60820 Meppen",129-91-4431,vcaspar,Roswita Fröhlich,lscholz@googlemail.com,76,50.5067485,179.254216
B-,825,Macedo Sousa Ltda.,2019-05-15,"Rodovia Theo Moreira, 29, Alta Tensão 2ª Seção, 58294775 Pacheco das Flores / MT",49137028669,maria-helena60,Mariane Dias,benjamimmoraes@yahoo.com.br,684,-70.355514,58.380257
A+,409,Andreotti-Cundari e figli,2020-04-09,"Piazza Umberto, 132 Piano 7, 63067, Cossignano (AP)",STCGBL42A64F985X,ppraga,Gastone Petrucelli,lettiereannalisa@alice.it,86,-75.2087145,-126.657545
B+,121,松本農林株式会社,2019-05-31,,113-02-3117,shota32,渡辺 里佳,akemisuzuki@yahoo.com,744,81.4821625,29.014772
AB+,1987,Pinto,2019-09-17,,69178023521,ymelo,Diogo da Mata,pastorlunna@hotmail.com,340,-12.067262,-41.115572
O-,333,山口ガス有限会社,2020-03-30,徳島県練馬区松浦町15丁目10番15号 上高野パーク459,282-52-7538,sotarotanaka,佐藤 明美,naoko62@gmail.com,118,45.2963925,87.794602
O-,1505,Camargo,2022-01-05,"Recanto Pinto, 38, Conjunto Jatoba, 98989-557 Cardoso da Praia / RS",52674108371,bcamargo,Maria Sophia Rodrigues,ramoshadassa@ig.com.br,677,63.957991,145.613464
AB-,225,Duse-Mocenigo Group,2024-02-27,"Via Angeli, 46, 62032, San Luca (MC)",GTTGRM91P46D670O,orlando42,Flavia Rapisardi-Garzoni,odetti@fastwebnet.it,720,58.9198275,-179.128366
B-,120,株式会社清水印刷,2021-08-17,東京都大島町東浅草2丁目1番1号,221-40-8618,sotarogoto,山口 美加子,naotoyoshida@yahoo.com,245,66.0197115,-22.277972
O-,762,阿部運輸有限会社,2022-05-10,山梨県我孫子市西浅草15丁目23番13号 コーポ京橋662,450-77-9978,jun82,山口 七夏,chiyo99@hotmail.com,32,68.8908025,-9.178529
AB+,369,Correia,2024-10-21,"Largo Antonella Gomes, Apolonia, 25054-811 Fonseca Alegre / RO",96238507195,leandropacheco,Mateus Almeida,gfreitas@gmail.com,87,-69.150424,-137.330455
A+,1296,Ribeiro S/A,2020-10-26,,72850631930,anthony24,Dra. Brenda da Cunha,yviana@yahoo.com.br,662,79.734605,-157.164096
AB+,1262,伊藤建設有限会社,2022-01-26,大阪府長生郡白子町吾妻橋21丁目15番5号,483-86-4969,takahashimiki,鈴木 千代,taro45@gmail.com,295,,
A+,1544,"Powell, Lucero and Carr",2025-05-01,"87658 Thomas Circle, North Jennifer, AZ 96662",747-83-2295,wwarren,Jeffrey Espinoza,pamela95@yahoo.com,382,70.1814295,146.951388
AB-,1290,Pacheco,2019-09-16,"Viela Hellena Cirino, 60, Belvedere, 97307103 Gonçalves / PR",25107946399,ribeiropietra,Ana Lívia Câmara,fogacamanuella@bol.com.br,343,-15.0658855,-65.361385
A+,434,Schweitzer,2023-05-27,"Magda-Sontag-Platz 3-5, 60598 Bad Langensalza",269-85-1772,eitel14,Christopher Rosenow,griehl@gmx.de,632,18.102084,-32.620853
O-,727,合同会社三浦農林,2025-02-11,熊本県匝瑳市上野桜木25丁目6番1号,719-05-0030,mnakagawa,前田 翔太,gendo@hotmail.com,544,-67.6808895,-33.677832
O-,336,Cabrera-Brown,2024-06-07,"35022 Bean Glens Suite 934, East Megan, PR 77160",332-11-9696,sara69,Nathan Fuller,robertgardner@gmail.com,706,-43.649874,-152.498631
B-,88,Câmara,2021-10-29,"Vila Lopes, 8, Vila Santo Antônio, 58975-291 Pastor do Sul / TO",49831502698,guilhermeferreira,Maria Julia Siqueira,stellaoliveira@gmail.com,486,66.548288,-155.212538
B+,1333,Gadda-Tarantino s.r.l.,2019-07-11,"Canale Giunti, 60, 64023, Montone (TE)",RMGCSN87H28C609I,mbarsanti,Stella Medici,concettabranciforte@libero.it,601,-71.68672,122.472208
O+,1369,高橋電気有限会社,2019-06-15,愛媛県西多摩郡檜原村氏家新田32丁目11番15号 轟シティ646,373-65-8296,kumikoyamazaki,近藤 くみ子,sotaroito@yahoo.com,559,35.278363,-157.652046
A-,856,Bruno s.r.l.,2022-02-04,"Vicolo Cocci, 96 Piano 5, 10092, Beinasco (TO)",CRSCRI06C45D189J,lara82,Mirko Casellati,ftremonti@libero.it,443,65.0557015,-15.846352
AB-,469,Tommaseo SPA,2024-02-06,"Borgo Rosa, 84 Appartamento 33, 10144, Torino (TO)",CHRCRN10C59H532Y,germana70,Teresa Bertolucci-Marazzi,mvigliotti@fastwebnet.it,604,2.729,110.115601
O-,775,Jones-Gutierrez,2023-07-09,"187 Anderson Roads Suite 856, North Darius, FM 76527",195-98-4060,daniel48,Joshua Peterson,kevindavis@hotmail.com,251,-1.432472,111.559208
O-,1691,Berry LLC,2022-10-15,"479 Bridget Vista, West Sierra, AL 78299",351-95-0712,blackdylan,Emily Davis,adam64@gmail.com,356,-85.1194495,-8.641192
B+,1917,Gonçalves,2023-02-24,"Favela de Peixoto, 15, Vila São Geraldo, 47071-770 Jesus de Pacheco / SP",36028175986,bentoda-paz,Sr. Henry Gabriel Pimenta,urocha@yahoo.com.br,550,,
A+,1570,Johnson-Silva,2019-11-08,"7732 Shirley Shores Apt. 423, Lake John, HI 69458",882-23-9853,richardgaines,Crystal Garcia,edwardramsey@yahoo.com,150,14.7010085,39.350395
AB-,1591,Long-James,2022-11-04,"675 Mercado Pass, Michaelside, SD 61704",754-50-8083,desiree95,Mary Walter,rcampbell@hotmail.com,353,51.338722,65.914324
AB-,1859,加藤電気合同会社,2018-10-01,滋賀県昭島市富久町18丁目24番10号 六番町パーク385,654-23-9894,mai51,岡本 洋介,watanabekaori@gmail.com,302,50.8323695,119.551082
O-,1252,Vendetti-Brugnaro SPA,2024-08-02,"Viale Danilo, 42, 45011, Fasana (RO)",GRFLND86L22D428S,bartolomeogiulietti,Pina Parisi,mattarellavincentio@yahoo.com,1,-33.2592855,125.67244
B-,1389,Camargo e Filhos,2024-03-11,"Colônia Costa, Vila Suzana Primeira Seção, 79624-228 Alves do Oeste / MA",82479051323,luna91,Maria Júlia Azevedo,thales66@uol.com.br,334,-78.453755,71.62788
O+,1868,福田電気合同会社,2019-06-14,長野県目黒区戸山9丁目27番17号 北上野アーバン086,325-99-7754,hota,小川 涼平,wmaeda@hotmail.com,150,,
O-,1312,"Tarchetti, Boccaccio e Nonis s.r.l.",2023-10-13,"Borgo Palombi, 492, 10149, Torino (TO)",VVNLSS45B02E844R,virginiasanudo,Evangelista Ferretti,beppe57@gmail.com,113,-89.813118,-165.93483
O+,1916,"Anguissola, Giammusso e Offredi Group",2020-05-29,"Stretto Adamo, 88 Appartamento 2, 44033, Berra (FE)",CTNMNC09T19E232L,barcacciafilippo,Virgilio Guarana,ilaria05@outlook.com,333,-27.694464,14.901181
AB-,1370,岡本電気有限会社,2024-09-01,長野県香取郡東庄町勝どき29丁目9番20号 コート幸手303,006-62-0026,csato,遠藤 修平,ikedatakuma@gmail.com,500,-68.6775685,145.764769
A-,70,Beccaria-Moneta s.r.l.,2021-05-26,"Borgo Eugenia, 3 Piano 3, 13885, Salussola (BI)",RSPFMM44T15G183W,durantepanicucci,Pasqual Barillaro,mondadoriannalisa@hotmail.com,455,-87.7982635,85.300695
A+,2106,有限会社鈴木建設,2024-09-25,京都府横浜市栄区白金16丁目11番1号 シティ日比谷公園902,428-32-0815,nanamikato,中村 陽子,yosuke51@hotmail.com,65,-9.1030635,145.568234
AB-,871,"Scamarcio, Sabatini e Navarria e figli",2024-11-16,"Viale Annunziata, 4, 10017, Montanaro (TO)",VTTNNT51L31A779F,lpratesi,Melania Versace,bborsellino@fastwebnet.it,468,-32.6160205,-100.47783
AB+,1674,Klapp,2022-08-21,"Muzaffer-Kranz-Weg 1/2, 28894 Wolgast",797-40-3265,mielcarekahmad,Dieter Haase,hermighausenisolde@gmx.de,587,-27.340059,113.373465
A-,1842,Morris-Scott,2021-04-28,"23576 Case Corner Suite 176, Mcdonaldport, FM 54364",342-21-6060,jonathan12,Timothy Brown,morristimothy@yahoo.com,211,14.9335585,-128.530729
O+,1326,Panatta-Tamburi s.r.l.,2022-06-17,"Piazza Veneziano, 0 Appartamento 36, 50142, Firenze (FI)",PCTGUO81H63H459R,paltrinierifederica,Melania Parri-Saraceno,carneraninetta@fastwebnet.it,447,51.613076,15.039397
AB-,1707,Maderna Group,2021-12-31,"Rotonda Paola, 84 Piano 3, 10070, Monasterolo (TO)",CZZFLR70M23C926H,guglielmo41,Imelda Comeriato,luca87@live.com,300,82.7123985,16.320021
O-,221,Schleich AG,2019-05-02,"Geißlerplatz 794, 15987 Pritzwalk",275-13-0489,eugenie50,Solveig Cichorius,heinz-dietermartin@gmx.de,400,-75.471157,-137.456719
A+,1322,Ballard and Sons,2019-07-17,"0437 Yang Spurs Suite 495, East Kristinburgh, MP 21740",516-45-5216,reedmichelle,Mercedes Mayer,edgar51@gmail.com,89,-61.8709755,92.813863
AB+,1933,Gadda SPA,2024-03-28,"Rotonda Lombroso, 7, 98040, Torregrotta (ME)",GRZMRH93L03E887J,giuliano57,Teresa Rossi,tropeaveronica@tim.it,609,65.94357,-142.398417
A-,1211,Johnson LLC,2024-09-15,"USCGC Knight, FPO AP 57211",323-89-7852,victorianunez,Elizabeth Walker,psmith@yahoo.com,67,,
B+,1948,Bärer Henck GmbH,2018-11-21,"Staudestr. 7/8, 33716 Hofgeismar",428-28-7849,soelzereugenia,Henrik Fritsch,mielcarekfriedbert@gmx.de,277,-60.1860365,161.245834
O+,889,Nohlmans AG,2018-11-22,"August-Hornig-Weg 10, 51064 Scheinfeld",132-26-4982,christophhartwig,Jennifer Briemer,ildiko33@aol.de,701,-47.8692895,-167.582862
O-,197,Dunn LLC,2023-12-04,"53213 Robert Ville Suite 339, Davishaven, WA 85542",635-77-9778,whitetimothy,Raymond Adams,martinjessica@gmail.com,585,-35.807385,172.344547
O+,1707,Mann PLC,2024-01-17,"9085 Wolf Haven, Donnachester, RI 06906",547-20-3757,brittanyvasquez,Diane Davis,pamelahamilton@hotmail.com,183,43.5480615,109.676875
O-,1836,Andrade - EI,2019-10-07,"Recanto Sarah Nunes, 85, Juliana, 23080-303 Araújo / MT",08127943622,eloahcarvalho,Anna Liz Cavalcanti,oalves@bol.com.br,78,-2.9511065,79.884785
A-,1991,"Rosiello, Verdi e Piccio SPA",2021-01-20,"Via Longhena, 257, 53047, Sarteano (SI)",TRLNGL46B64F083V,venancio89,Antonello Crespi,pergolesipaoletta@libero.it,332,-71.183703,62.422336
AB+,369,Snyder-Harris,2025-09-08,"9554 Michelle Crescent Apt. 001, East Davidfurt, MO 55249",388-09-3603,shannon40,Deborah Gill,twood@gmail.com,210,-45.847483,50.773522
O+,1942,合同会社藤田鉱業,2021-07-18,島根県印旛郡印旛村元浅草12丁目9番19号 ハイツ浅草橋792,493-81-9436,dsaito,山下 真綾,dkato@hotmail.com,557,-0.0657585,178.887332
B-,1414,Aparecida e Filhos,2019-10-17,"Chácara Nathan Carvalho, São Francisco Das Chagas, 75515643 da Rosa / ES",15674098301,inogueira,Luiz Gustavo Carvalho,kcosta@yahoo.com.br,414,-65.609334,-177.308067
A-,2045,有限会社佐藤通信,2022-06-01,和歌山県台東区二つ室31丁目9番20号 脚折町シティ058,675-37-6994,tomoya93,鈴木 真綾,emori@yahoo.com,687,63.564645,60.878982
AB-,332,Anderson Inc,2021-11-26,"Unit 5969 Box 9406, DPO AA 19616",652-89-0819,barryheather,Rebecca Cantrell,michelle38@hotmail.com,498,-87.098004,-173.731511
A+,1503,Scalera-Manunta e figli,2020-06-08,"Via Angeli, 238 Appartamento 80, 28865, Crevoladossola (VB)",DNSMLS84L20G294V,garobbiocaterina,Dott. Marcello Naccari,fedele41@alice.it,79,-79.3103025,-127.75526
B+,731,"Delgado, Morrow and Mooney",2021-06-19,"USNV Bell, FPO AE 73185",413-58-5414,ashley71,Tracy Sanders,jeffery26@hotmail.com,189,-14.4838655,-169.984672
B-,1830,Novaes,2025-04-05,"Rua Ana Beatriz Carvalho, 181, Nossa Senhora De Fátima, 79542-592 Vasconcelos / MA",08734651217,ccirino,Alexandre Fogaça,brayanvasconcelos@uol.com.br,393,,
A-,2003,加藤食品株式会社,2020-08-09,沖縄県目黒区平須賀38丁目17番12号 コート下宇和田165,352-21-8416,mai66,田中 幹,gotoryosuke@yahoo.com,416,42.156313,-104.389909
O+,740,Ortiz LLC,2023-04-23,"37863 Jennifer Club Suite 933, East Josephmouth, NJ 59777",324-36-2312,kennethwilliams,Michael Callahan,yreed@gmail.com,644,5.288956,-15.005958
O+,163,Weimer GmbH,2023-10-20,,235-73-3209,ikoch,Dipl.-Ing. Evamaria Peukert,alicja73@googlemail.com,688,1.919486,-124.409683
AB-,1618,合同会社佐藤電気,2022-01-28,沖縄県国分寺市前弥六20丁目24番5号 戸山コート080,327-08-4325,uito,高橋 健一,takahashikenichi@yahoo.com,229,-17.65113,-31.549416
AB+,759,山本農林有限会社,2025-07-20,石川県長生郡長柄町鳥越22丁目22番4号 アーバン皇居外苑860,858-65-9727,momoko22,松田 聡太郎,hideki59@gmail.com,638,80.456274,-79.450328
AB-,707,Pruschke Seip AG & Co. KGaA,2019-10-26,"Rohlederweg 955, 78712 Kitzingen",064-17-4009,tuerkanzirme,Aleksandr Binner-Beer,kjuettner@yahoo.de,469,5.473828,-42.24093
A+,828,Cesaroni s.r.l.,2023-05-15,"Via Giulia, 356, 30025, Teglio Veneto (VE)",GNVLLD81C49A552Z,cipollaantonia,Iolanda Pirelli,marcella00@tele2.it,63,55.722623,-110.239014
B+,220,Patel-Nielsen,2023-05-21,"11833 Timothy Shore, Ryanbury, IL 72875",505-55-6205,twinters,Elizabeth White,mariopayne@hotmail.com,547,-18.6976245,18.475102
AB-,1352,Dean-Lyons,2023-12-01,"389 Sean Mews, West Nicholasstad, NH 32922",199-94-9660,smithstephanie,Robert Hatfield,fnewton@hotmail.com,3,-58.135059,-146.0411
A+,2031,Preiß Siering e.G.,2022-06-06,"Thaddäus-Hesse-Platz 4, 52222 Nordhausen",700-35-5645,roderich47,Emmy Hamann MBA.,wrose@googlemail.com,63,35.934551,15.246321
A-,1982,"Grimes, Kelly and Simmons",2023-05-24,,574-38-8873,romerojennifer,Benjamin Ashley,psingleton@yahoo.com,187,-1.7413915,53.79554
AB+,694,"Johnston, Flores and Hicks",2018-11-12,"821 Hayley Roads Suite 112, New Jeffreybury, AS 68828",542-88-7540,lle,Rickey Sims,zosborne@yahoo.com,47,87.5758475,168.11582
A-,1219,Travis Group,2021-07-07,"77671 Hailey Port Suite 121, Lake Chelsea, PR 49599",471-85-1361,barnettalexandra,Christine Harris,brian55@gmail.com,691,-46.8006685,-124.373699
B+,237,松本食品株式会社,2019-06-04,島根県大田区日本堤26丁目19番4号,056-21-3916,yoichiyamamoto,山口 智也,shota79@yahoo.com,460,75.885054,-135.955054
O+,1961,Koch,2024-10-13,"Rennerweg 6, 53380 Norden",089-71-5529,bekirnohlmans,Lilo Wesack-Kraushaar,trubbirgid@yahoo.de,341,,
A+,136,吉田農林有限会社,2020-03-04,,551-02-0494,sayurisato,渡辺 幹,kenichi89@hotmail.com,240,54.5021425,13.608246
O+,253,Azevedo,2021-09-28,"Vereda Maria Alice Barbosa, 72, Beira Linha, 06580463 Viana / AM",16903285768,da-matamaria-vitoria,João Gabriel Aparecida,vasconcelosjulia@yahoo.com.br,52,63.4921735,42.412122
AB-,1859,Aparecida,2025-02-23,"Alameda Caroline Campos, 100, Cônego Pinheiro 2ª Seção, 07268791 Vasconcelos / RR",14570632807,martinsmaria-fernanda,Aylla Ribeiro,freitaselisa@yahoo.com.br,708,-27.0987785,-176.435396
A+,2046,"Walsh, Henry and Edwards",2025-02-18,,577-15-6058,toddcarter,Vicki Butler,smithbrian@yahoo.com,541,-59.3633045,-5.313856
O+,1866,Zänker Kensy GmbH,2024-04-23,"Aynur-Möchlichen-Ring 8-2, 96257 Uffenheim",525-19-5179,heydrichleon,Natascha Dussen van,gisa92@web.de,481,46.583957,53.955495
AB-,1801,Anderson Ltd,2023-09-22,"70519 Lopez Pike Apt. 617, South Kevinport, MS 89953",565-35-7645,nicholaswilliams,George Jones,ashleyreed@yahoo.com,360,54.142851,-133.755657
A+,869,Pincherle-Ginese e figli,2025-07-27,"Incrocio Salandra, 887, 63851, Ortezzano (FM)",PRNDRD87M57D228T,mattia41,Angelina Borzomì-Zacchia,pietro59@virgilio.it,263,-29.12418,37.368748
B-,279,Guerra - ME,2021-05-04,"Esplanada Ribeiro, 98, Conjunto Lagoa, 10144919 Araújo / RO",45328096142,onovaes,Maria Luiza Melo,cmendonca@uol.com.br,426,39.5261635,112.643543
B+,1676,中村印刷合同会社,2020-08-01,三重県香取郡東庄町東三島31丁目7番4号 白金クレスト889,094-55-4126,ryosukenishimura,福田 千代,nsuzuki@hotmail.com,608,79.7303205,12.318253
B+,2151,有限会社佐藤情報,2023-12-14,沖縄県葛飾区明石町10丁目8番9号 シャルム所野653,784-72-9894,rei98,斉藤 拓真,fikeda@yahoo.com,164,14.024112,73.423482
AB-,919,Mogherini e figli,2019-08-09,"Stretto Rosa, 96, 18019, Vallecrosia Alta (IM)",FRNRMN83P25F518U,orlandostrangio,Sig. Giampaolo Nordio,rgalilei@live.com,355,-53.7246715,-163.455941
A-,955,中村運輸合同会社,2022-02-05,千葉県港区美原町10丁目8番17号 柿木沢クレスト808,485-76-8731,yuisato,佐藤 あすか,naoki33@hotmail.com,577,53.40712,116.229508
AB+,1046,Carsten,2021-06-24,"Stavros-Carsten-Platz 4/2, 95512 Lübz",931-56-8050,maritbirnbaum,Igor Hande,raisa84@web.de,714,-57.6157065,44.950958
O-,1732,株式会社佐藤運輸,2019-07-31,滋賀県横浜市泉区花川戸28丁目2番18号 雷門クレスト564,115-18-8254,qkobayashi,藤田 直樹,csato@hotmail.com,584,36.161423,-0.679495
A+,690,Larson-Mckee,2024-10-17,"639 Thompson Orchard Suite 358, Barbarashire, FM 58525",448-91-3218,diane13,Vincent Schultz,qosborn@yahoo.com,734,15.7096545,179.047355
AB+,1467,Micheletti e figli,2021-09-28,"Incrocio Alessandra, 1, 47027, Ranchio (FC)",SDRLBT43B52E420N,giovannadonati,Raffaello Tamburello-Solari,budinesi@fastwebnet.it,211,1.445821,-114.170737
A-,1328,Sanford and Sons,2024-11-24,,166-89-3754,xcastro,Daniel Schroeder,hannahchavez@hotmail.com,161,11.392137,-168.889809
A-,1205,Hövel Bloch GbR,2024-05-28,"Sedat-Ebert-Straße 85, 06150 Mallersdorf",238-65-9122,rosaliamisicher,Joanna Kitzmann,mesutbeyer@yahoo.de,124,42.4657145,25.15606
B-,1627,"Thompson, Turner and Mills",2023-06-10,,721-37-4130,russellmichael,Sharon Miller,matthewwilcox@yahoo.com,172,32.407087,-86.55028
B+,771,"Rizzo, Castelli e Geraci s.r.l.",2019-09-18,"Borgo Sonia, 92 Appartamento 35, 32045, Santo Stefano Di Cadore (BL)",MDNGRC42T60A296O,calgarivincenzo,Gaspare Pasqua,dino57@tim.it,505,-41.224922,81.148868
O-,600,Willis and Sons,2021-08-29,,089-53-8615,gabriela75,Carl Lane,sonyaparker@yahoo.com,355,,
A-,1555,Scholtz Stiftung & Co. KGaA,2022-10-16,"Denise-Scheel-Gasse 0, 33786 Sangerhausen",491-79-6524,gerhart67,Wieslaw Warmer,haufferwilfried@gmx.de,320,86.6086,66.383572
A-,1399,Bruder,2019-11-19,"Wiekring 9, 40919 Parsberg",460-90-4543,swenmaelzer,Hannelore Wohlgemut,agataladeck@gmail.com,583,-69.1701,-47.498282
A-,1064,Ferretti-Serraglio s.r.l.,2019-07-10,,BBTRBT46L59I840Y,itomaselli,Annetta Fallaci,andreozzimartina@libero.it,724,19.7800575,53.069944
B+,2147,Mude Karge GmbH & Co. KG,2021-07-30,"Zdenka-Fechner-Ring 65, 55228 Brilon",181-06-9363,carolineberhardt,Wanda Röhricht,beertom@aol.de,628,-75.6526655,36.162438
B-,701,Munari s.r.l.,2023-04-11,"Borgo Giovanni, 29, 00073, Laghetto Di Castel Gandolfo (RM)",SSNMCA14S45E482W,cristina68,Mauro Florio,leopoldo10@tim.it,135,-62.197439,-66.720935
B+,1528,"Mills, Anderson and Conway",2023-09-27,"15207 Mcgrath Dale Apt. 071, Ebonyton, VA 94553",129-92-0824,christineking,Jason Evans,fclark@hotmail.com,49,-72.459472,-69.36798
B-,507,Kranz,2023-01-29,"Beata-Stolze-Straße 21-35, 01146 Marienberg",750-97-0159,tkrein,Daniel Trapp,elisabeth68@aol.de,336,55.326291,-61.047054
A-,126,Brito,2018-11-26,"Núcleo Maria Brito, 5, Barão Homem De Melo 3ª Seção, 26755-768 Sá Verde / SE",54180639289,correiaalexandre,Ana Laura da Cruz,pachecobryan@yahoo.com.br,726,23.221739,28.470408
A+,949,May Group,2020-07-01,"989 Taylor Prairie, New Brendamouth, FM 89310",258-38-0698,thomas33,Aaron Graham,myersrebecca@yahoo.com,196,-57.821411,108.993759
AB+,293,株式会社井上水産,2020-04-24,三重県青梅市池之端34丁目10番20号,547-94-9085,mshimizu,石川 里佳,haruka18@gmail.com,516,36.0995,-0.191792
A+,517,加藤通信株式会社,2025-01-06,長野県青梅市隼町28丁目22番20号,270-42-3080,kaoriyamamoto,後藤 陽一,yumiko51@hotmail.com,536,6.644973,-157.422124
A-,1152,Ramirez Ltd,2023-03-08,"945 Traci Roads, Codyside, ME 13108",356-88-7426,ballardlisa,Amy Smith,claytonnicole@yahoo.com,584,-69.2591395,46.093753
AB+,167,Aparecida,2022-05-10,"Trecho de Pires, Esplanada, 12031-362 Cassiano / ES",50976382474,mendoncabruna,Dr. Diogo Vargas,lucasdas-neves@hotmail.com,228,-71.174309,46.948008
O-,1601,Boitani-Bottigliero s.r.l.,2021-01-08,"Contrada Ferrari, 8, 70121, Bari (BA)",PTRFMM37E03G596I,lsavorgnan,Mariana Coppola-Duse,vruggieri@vodafone.it,628,-15.9135335,-136.68103
O-,1204,Maglio e figli,2025-04-24,"Rotonda Caracciolo, 99, 84061, Eredita (SA)",LXRGDU88M59L991Y,mondadoriflavio,Giorgio Bataglia,sabatino56@libero.it,139,-57.991059,-4.888731
O-,318,Lamborghini-Polani SPA,2024-06-25,,RNGSRN97T26C050N,giovanni50,Giampaolo Parri,guaranaadriana@libero.it,687,,
A-,639,Gonçalves,2021-03-27,"Vereda de da Luz, 8, Céu Azul, 48644226 Freitas do Norte / SE",21490568360,pereirastella,Isabel Siqueira,pedro-henriquegoncalves@hotmail.com,368,-20.924049,52.195959
A-,258,"Almagià, Piazzi e Pavanello e figli",2019-05-08,"Viale Ceci, 46 Piano 6, 10037, Torrazza Piemonte (TO)",BRRVLT35C19I804O,luisa66,Vittoria Stradivari-Crispi,antoninaalfonsi@tiscali.it,331,-77.5388905,38.924474
O+,1719,Scott-Peterson,2022-02-10,"223 Garcia Road, Lake Sharon, MD 47830",770-44-7693,hancockcourtney,Megan Turner,owashington@gmail.com,190,59.7497435,-40.517497
B-,1301,Aragão Pacheco - EI,2020-06-12,"Trecho Liam Cassiano, Nova Gameleira, 06891-126 Gonçalves / AM",09674831584,moraesrael,Ana Carvalho,ana-sophia42@hotmail.com,135,-63.0957025,7.474997
B-,1702,Lewis-Fernandez,2019-07-25,"736 Herrera Island, East Morgan, GA 27104",058-26-7777,cgarcia,Allison Anderson,maxwell30@gmail.com,62,55.9485065,167.907567
O+,991,"Reid, Parker and Taylor",2024-02-26,"01437 Downs Creek, East Richard, DE 50055",245-29-2388,ngraham,Pamela Wheeler,ashleymanning@gmail.com,726,64.5716235,-65.307322
AB+,1235,"Carter, Washington and Hale",2024-07-12,"921 Ford Estates Suite 809, Lake Stacieborough, NC 52106",739-83-1465,kathleen55,Jeffrey Mitchell,williamvillegas@hotmail.com,662,67.292439,-127.576873
O+,1514,Ginese SPA,2020-08-31,"Vicolo Persico, 81, 20010, Mantegazza (MI)",NNCRSN96R05I129D,bertoliannalisa,Laura Gioberti,benitoborsiere@hotmail.it,738,0.667431,111.402997
A-,631,Mendonça S/A,2020-12-17,,19467325837,hellenaporto,Melina Nunes,rpires@gmail.com,702,-40.328971,57.363867
O+,581,Weihmann Davids AG,2024-05-27,"Hasan-Scheel-Ring 50/50, 29789 Eggenfelden",565-96-5760,salzannelie,Dietrich Misicher,seipjohn@googlemail.com,262,38.53918,-73.067515
B-,1089,Mendonça,2023-03-30,"Jardim de Novais, Varzea Da Palma, 21381903 Lima / MA",03415798232,pereiradaniel,Yago Alves,nnovais@hotmail.com,386,-19.846328,-136.971456
O+,2139,小林電気合同会社,2021-01-30,,401-87-3722,saitoharuka,藤井 千代,gyamashita@gmail.com,729,81.870957,-12.009378
AB+,1110,Kabus Stiftung & Co. KG,2021-01-05,,790-43-3236,iherrmann,Dr. Goran Kostolzin,gunpfadelheid@gmail.com,377,-65.6661255,11.266388
A+,2134,Döhn GmbH,2020-05-14,,898-74-2277,heydrichkatrin,Gudula Jäkel MBA.,tuelayfoerster@aol.de,59,55.9449255,122.835532
O-,323,Cunha,2024-07-19,"Largo Pereira, 62, Solar Do Barreiro, 76541-991 Cassiano do Oeste / SC",71805432923,daniloandrade,Sra. Eduarda Porto,maria-luisa06@hotmail.com,314,-52.248123,135.185481
A+,1000,"Surian, Ficino e Guarana Group",2024-03-23,"Viale Monicelli, 738 Piano 9, 33057, Jalmicco (UD)",MRRVTI82H62F280Y,melina19,Girolamo Broggini,fpapetti@libero.it,688,-58.40009,-4.487514
A-,1995,"Oconnell, Sanchez and Vaughn",2019-09-18,"PSC 5612, Box 7646, APO AP 17071",164-94-8367,mbowers,Barbara Mendoza,nrhodes@hotmail.com,434,-6.90201,-22.429416
O-,933,Interminei-Boccioni Group,2024-08-02,"Canale Lamberto, 126, 45031, Arqua' Polesine (RO)",MNNCLC57L65E971E,francopanicucci,Dott. Ferdinando Trezzini,cbianchi@libero.it,659,13.1519965,-72.292202
AB+,1717,Adams-Walker,2025-04-10,"84229 Sweeney Pines Apt. 030, New Patricia, OK 55389",073-17-3943,joneskimberly,Jonathan Bernard,qprice@hotmail.com,146,-80.348643,60.928863
AB+,1512,Galtarossa SPA,2021-01-13,"Vicolo Alphons, 20, 33016, Pontebba (UD)",SCTLSS99A46G266V,vittoria97,Milena Salvini,wbeccaria@tele2.it,105,-49.6872015,-96.727479
A-,1524,株式会社斎藤建設,2025-09-14,静岡県多摩市戸塚町36丁目14番8号 港南パレス431,495-34-0364,shohei24,吉田 里佳,tanakaatsushi@hotmail.com,550,37.2833525,109.826464
AB+,586,Guerra,2025-01-31,"Esplanada Arthur Cassiano, 82, Savassi, 14804095 Correia / AM",26985134700,yasminsilva,Anthony Moura,matteo97@gmail.com,89,-55.362787,103.231918
B-,1812,Graf Barkholz AG,2023-08-01,"Süßebierallee 1, 79118 Großenhain",428-29-4682,adussen-van,Abram Döhn,pieperbertold@gmail.com,626,-7.490956,-41.223259
A-,1976,Castro,2018-10-04,"Setor Dante Teixeira, 44, Vila Das Oliveiras, 04951381 Mendes de Ramos / SE",85063917410,umoraes,Larissa Barbosa,pastorbruna@uol.com.br,541,4.6214105,126.810033
B-,1350,Jacobs Ltd,2019-02-08,"466 Kelli Ways Suite 344, Mariaberg, WI 42868",619-36-9077,omalone,Jeffrey Meyer,petersonkenneth@yahoo.com,119,-28.3751495,63.963627
O-,1794,池田運輸合同会社,2021-11-10,東京都香取郡多古町土呂部4丁目11番3号 ハイツ四区町023,504-04-5556,naoto52,木村 七夏,gkimura@hotmail.com,479,73.2159065,-120.525954
A+,1362,"Smith, Murphy and Johnson",2020-07-05,,670-93-5838,ojohnson,Peter Sawyer,gouldjonathan@hotmail.com,293,-55.482268,-165.234239
O+,238,Antonelli-Gregori e figli,2019-05-13,"Viale Pennetta, 697, 17015, Celle Ligure (SV)",LGRCRT19C07G551Y,nolcinigalasso,Sig.ra Melina Gabba,jolanda54@tin.it,401,-80.7216955,34.66141
O-,56,"Gagliano, Caffarelli e Mancini Group",2025-07-23,"Borgo Maurilio, 4 Piano 2, 17100, Santuario (SV)",FRNSBN10S48F542N,giadascarlatti,Marina Vasari,concetta20@fastwebnet.it,652,-47.771761,-30.204088
B-,122,Lucas-Wagner,2022-01-16,,837-81-2842,fordnichole,Tommy Rogers,ryanevans@gmail.com,648,-62.203285,154.048498
AB-,1205,Pimenta,2021-06-19,"Estação de Pastor, 2, Pindura Saia, 69688955 da Conceição Grande / SE",10538649224,kevin55,Maria Helena Mendes,lopesalice@ig.com.br,445,-58.4505385,-136.539174
AB-,1818,Gehringer Adolph OHG mbH,2022-09-25,,925-77-4643,hans-georgweinhage,Marie Segebahn B.A.,mjungfer@aol.de,709,-41.116569,57.195404
A+,1220,Paganini s.r.l.,2020-05-07,"Strada Daria, 15 Appartamento 2, 65125, Pescara (PE)",PLLMRH61C12C803W,luxardodamiano,Evangelista Cerquiglini-Bassi,alessandro75@tin.it,326,79.796093,67.352732
O+,2122,Hein Förster AG & Co. KGaA,2020-09-30,"Steygasse 433, 36134 Hildburghausen",206-55-7076,karl-heinzschuchhardt,Loretta Rörricht,grein-grothhans-helmut@gmx.de,584,89.351722,56.950387
A-,1963,"Collina, Scarfoglio e Travaglia e figli",2021-01-09,"Vicolo Schiaparelli, 21, 10059, Susa (TO)",STNRMI50T04F050M,luciano67,Orlando Sibilia,anita27@fastwebnet.it,71,64.1480845,139.596778
B-,150,Fonseca Garcia Ltda.,2024-08-19,"Estação Luna Pinto, 1, Xangri-Lá, 42754-814 Nascimento / SE",47683291013,ana-luizamoreira,Giovanna Aragão,rodrigosampaio@hotmail.com,268,-55.1231515,-76.581066
B-,20,Camargo,2022-11-27,,91723586455,araujothiago,Henry Casa Grande,lcampos@ig.com.br,718,,
B-,521,Micca Group,2020-12-04,"Viale Aurora, 686 Piano 9, 32020, Cencenighe Agordino (BL)",NDRGDU63A51I531I,serafina92,Sole Carocci,vferrari@alice.it,681,-3.605744,-62.459433
A-,1657,Allen Ltd,2024-03-27,"85275 Garcia Ports, Wagnerbury, TX 76364",843-17-2588,combsalexandra,Mark Velasquez,gjames@hotmail.com,652,61.1537805,-32.183376
B-,2115,Klingelhöfer Döring GmbH,2024-10-22,"Steckelring 10/40, 45532 Stollberg",723-25-1356,sschinke,Felicia Dörr,fechnerphilipp@yahoo.de,340,-75.063432,49.554136
O-,1396,Rodrigues Moura S/A,2024-06-07,"Distrito Josué Rodrigues, 93, Vila Paris, 45634-816 Vargas do Sul / TO",50729163830,lorenanascimento,Clarice Cunha,julia37@bol.com.br,415,59.075796,-42.039284
AB-,1984,Carsten,2019-06-23,"Otfried-Mangold-Straße 3955, 73363 Erfurt",383-58-7403,haenelmargot,Magret Hellwig,kuhloskar@googlemail.com,709,26.326651,16.354023
O-,166,Jackson-Thompson,2023-08-31,"01005 Isaiah Parks Suite 300, New Victorbury, ME 85630",782-04-1232,stephanie60,Robin Flowers,tiffany22@yahoo.com,495,-79.728792,36.013921
AB-,1092,株式会社鈴木ガス,2020-04-19,宮崎県立川市猿楽町23丁目12番14号 アーバン前弥六南町806,869-02-8948,tomoya68,阿部 直子,hashimotosayuri@hotmail.com,745,45.848501,-143.754433
O-,286,Sampaio - EI,2019-09-15,"Alameda da Mota, 9, Álvaro Camargos, 15134293 Jesus / RS",68537120480,portoliz,Dra. Raquel Alves,melinaandrade@gmail.com,651,-7.5219505,-7.75743
B-,1747,"Bettin, Satriani e Franzese s.r.l.",2024-03-25,"Via Adelasia, 57 Appartamento 1, 28841, Antronapiana (VB)",CRPDRA48S17F648W,paride61,Alberico Manacorda,fabrizio92@libero.it,539,,
AB-,1697,Vasconcelos,2022-09-23,"Largo Montenegro, 322, Nossa Senhora De Fátima, 18628601 Oliveira / SC",34965871057,kmoraes,Pedro Miguel Lopes,pereiraolivia@hotmail.com,413,,
B+,1630,Mendonça,2024-11-28,"Favela de Vieira, 616, São Geraldo, 91632645 Brito / TO",07189425667,amendonca,Mateus Fonseca,felipe11@hotmail.com,278,54.54668,100.433112
B-,631,Geisler KG,2022-11-07,"Friedhelm-Löchel-Gasse 35, 89270 Lörrach",024-56-7486,samiraplath,Wenzel Adolph-Harloff,ernsttraute@gmail.com,513,-9.5160105,54.149454
AB-,310,Siering,2021-07-23,,015-13-6494,meisterlothar,Katarzyna Hahn,mlorch@gmail.com,719,44.659835,119.560496
B+,463,"Fogazzaro, Ziani e Barillaro s.r.l.",2020-06-03,"Via Monicelli, 43, 28076, Pogno (NO)",ZGRCSR72L49G514P,ksolimena,Sig. Gilberto Cainero,borromeogianfranco@alice.it,385,43.2823235,-69.030261
A+,384,Santos,2022-03-24,"Rua de Fonseca, 109, Pongelupe, 79374-301 Nascimento Paulista / RS",50147639875,luiz-felipe40,Dr. Liam Jesus,da-luztheodoro@gmail.com,103,84.2335845,-137.82686
A+,32,Trincavelli-Frescobaldi SPA,2024-12-25,,BTTLLD18D63H462C,annunziata75,Renzo Ravaglioli-Muti,emilio83@libero.it,262,-72.8643475,53.473226
AB-,392,Scholtz Stiftung & Co. KG,2020-12-22,"Sauerring 29/37, 98721 Neustrelitz",844-58-1387,christin36,Jessica Trapp-Misicher,schinkeemmerich@yahoo.de,661,28.3898335,-166.809468
A+,2140,Bryant-Conner,2022-11-14,"99577 George Grove Apt. 004, South Nicole, MD 29300",690-50-3368,josephchen,Robert Wright,yavila@yahoo.com,690,79.5135465,21.255385
A-,626,Brancaccio-Ferrazzi s.r.l.,2023-09-07,,TMSVRN59L20F999J,vstaglieno,Renata Pincherle,ritaccanicola@live.com,17,,
AB-,1265,Lindner,2021-06-22,"Beatrix-Heinrich-Straße 2288, 93026 Niesky",409-92-1570,milica36,Richard Riehl-Zirme,benedikteckbauer@aol.de,443,-78.1614205,-137.657203
A+,1134,Perozzo SPA,2020-02-12,,TRVNCL50A59H962T,kgangemi,Costanzo Zecchini,elisa91@live.com,450,-21.9062165,73.438537
O+,1904,Schwital Täsche GmbH & Co. KGaA,2022-07-22,"Adlerring 0, 69565 Scheinfeld",661-26-6096,davidsgitte,Mechtild Gierschner,iljazaenker@googlemail.com,460,-12.522127,78.565871
O-,16,Teixeira Montenegro - ME,2020-09-04,,67140285390,da-costabenjamim,Davi Lucas Pastor,beatriz83@bol.com.br,582,82.078964,51.822822
A-,1728,"Williams, Jones and Hill",2024-04-18,"143 Julie Ferry Suite 303, New Scotttown, SC 24101",227-26-7553,michelle02,Victoria Allen,craig38@gmail.com,461,32.473093,-59.753562
A+,2131,Sousa S/A,2021-07-04,"Morro Maria Isis Teixeira, 69, Aparecida 7ª Seção, 78053838 Melo / TO",63789425109,cardosothomas,Ana Laura Cavalcante,unascimento@gmail.com,732,-10.228446,-144.223999
O+,1979,Lombardo Group,2024-04-23,"Via Zeffirelli, 624 Appartamento 0, 40016, San Giorgio Di Piano (BO)",CTNMRT64P11G590F,lambertoscarpetta,Dott. Nicolò Bonatti,silvestromodigliani@poste.it,396,-13.984786,-31.407896
AB+,737,鈴木通信有限会社,2024-05-23,,176-74-6145,fmori,西村 稔,znakagawa@yahoo.com,217,76.132577,-30.809634
O-,1768,有限会社鈴木鉱業,2020-02-05,,019-27-6264,mituru18,山口 加奈,takuma98@hotmail.com,655,0.4369855,-16.966316
O-,280,Navarro-Ramsey,2018-12-31,"655 Young Springs, Michaeltown, GA 10481",140-24-3847,ryan50,Travis Hull,laurasmith@hotmail.com,282,42.780152,-128.139913
A-,30,Peixoto Cirino Ltda.,2019-01-29,"Largo de Gonçalves, 2, Conjunto Providencia, 81731273 Vasconcelos de Lopes / CE",41928750630,zmoraes,Maria Flor da Mata,theosilveira@ig.com.br,623,36.615839,138.828936
B-,2079,株式会社吉田電気,2021-07-05,三重県横浜市中区上広谷41丁目18番11号 ハイツ入谷111,485-27-4641,itakahashi,後藤 浩,takahashikyosuke@yahoo.com,283,71.4499995,-113.966915
AB+,1241,中村電気株式会社,2024-07-28,千葉県横浜市旭区神明内41丁目24番14号 シャルム明石町169,601-23-7009,kana43,石井 さゆり,sito@hotmail.com,686,3.467996,100.873897
O+,1375,Bulzoni s.r.l.,2024-10-21,,GLTLLL59B17D835O,biagiomalenchini,Maria Rastelli-Squarcione,idandolo@libero.it,345,-17.3270845,26.288982
B+,130,Davids Schinke KG,2020-01-07,"Gehringerallee 41/32, 98739 Hainichen",703-18-9139,scheibemarta,Denis Davids-Martin,waltermarco@web.de,231,,
B+,602,Lima,2023-05-16,"Ladeira de Caldeira, 51, Lorena, 68884-954 Martins da Serra / PA",51734062916,lucas-gabrielgomes,Catarina Farias,tgomes@bol.com.br,690,64.998431,95.051343
B-,401,Kruschwitz,2020-03-13,"Bolnbachring 30/76, 67270 Eichstätt",394-46-9524,aliebelt,Janett Fritsch MBA.,hans-adolfgude@yahoo.de,458,52.2422355,-153.483266
A-,1801,"Camacho, Willis and Whitney",2021-09-14,"6575 Sherman Mill Suite 524, Port Melissa, CT 54887",698-93-2095,davistanya,John Williams,lawsonbryan@yahoo.com,133,71.221978,-76.235252
O+,786,Trussardi-Interiano s.r.l.,2019-05-13,"Rotonda Fittipaldi, 90, 71018, Umbra (FG)",SNDGSP20D27L165W,maria75,Martino Fagotto,alessiafagotto@libero.it,664,-85.8472195,-157.672694
O-,966,Blümel AG & Co. OHG,2023-03-03,"Süleyman-Gröttner-Straße 27/44, 52353 Freital",457-46-9730,sven72,Anna-Marie Metz,gesine28@hotmail.de,233,-66.97163,8.154504
A-,45,"Hancock, Strickland and Colon",2020-04-13,"8680 Beck Parkways, Robertfurt, PW 72165",798-32-2850,briggsjohn,William Morris,zford@hotmail.com,555,-23.4015735,-29.152606
A-,489,Long-Clark,2020-11-23,"63880 Wendy Mall Suite 095, Kristiview, GU 89401",622-32-8846,josephfernandez,James Contreras,holsen@yahoo.com,242,-57.917074,-164.8831
B-,771,Pacillo Group,2020-08-16,"Viale Filippo, 79 Piano 5, 55064, Pascoso (LU)",STRGBL37M61M309E,pucciobarzini,Elvira Nosiglia,livia86@yahoo.com,228,-72.823651,27.453343
A+,1534,Metz,2019-11-25,"Ekkehart-Losekann-Straße 42, 79823 Crailsheim",361-91-5759,schmidtferenc,Hilde Häring,siegbert88@aol.de,712,-75.793504,-125.116827
B+,748,Rosenow Juncken KG,2024-06-02,"Keudelweg 9142, 97908 Waldmünchen",336-02-0655,rstroh,Prof. Almut Hendriks MBA.,krokerartur@aol.de,349,35.8305635,-33.229769
O+,1345,Schulz Killer OHG mbH,2024-04-19,"Alicja-Dörr-Weg 8/7, 60005 Pfaffenhofen an der Ilm",533-65-9493,gabriellakraus,Dipl.-Ing. Blanka Junken MBA.,heinz-dieterriehl@hotmail.de,151,-79.4552895,10.219436
AB-,1910,Schomber AG & Co. KG,2022-05-03,"Höfigstraße 56/38, 74152 Ludwigsburg",995-61-1870,herwig48,Milka Zahn,fstolze@yahoo.de,372,-49.824654,66.061909
O+,1882,Guerra S.A.,2021-12-14,"Vale Oliveira, 8, Sagrada Família, 88251476 Pastor do Galho / RS",32076814507,aragaomaria-isis,Maria Cecília Moraes,davi-lucasdas-neves@ig.com.br,134,-20.6315385,-140.729413
B-,659,Rezende Mendes e Filhos,2023-07-26,"Lagoa Vitor da Luz, 28, Candelaria, 47990899 Andrade / TO",24895301788,pporto,Ravi Freitas,fpinto@gmail.com,129,74.8486555,-150.988814
O+,181,"Tommaseo, Persico e Fischetti Group",2019-08-02,"Piazza Tebaldi, 764, 87011, Pianoscafo (CS)",TSCCHL39B61A325H,ecavanna,Adelasia Donati,quasimodolara@libero.it,49,-21.381974,-137.590102
O-,532,Steele LLC,2021-04-14,"69792 Leslie Camp, Andradeville, MI 26101",814-88-5236,laurendyer,Aaron Rhodes,saragallegos@gmail.com,403,,
B+,1878,Acerbi-Ferrabosco SPA,2019-08-07,,GBBGSN35E66L450L,gianettimilo,Arnulfo Mancini,enzocalvo@alice.it,298,77.739913,100.720916
O+,1707,Allen-Foster,2022-11-18,"41456 Kelley Loop Suite 545, Port Eric, KY 95982",707-73-3351,clarkjohn,Rachel Brady,jessica05@gmail.com,173,-71.007008,-164.511732
O+,266,Dillon-Neal,2022-12-31,"02346 Amy Stravenue, New Jaclynbury, DC 32608",326-24-4623,charlesjames,Melissa Levy,beckjoseph@gmail.com,702,69.628651,-168.950094
AB+,1603,Stey AG,2024-10-02,"Lina-Eigenwillig-Ring 8, 06089 Hildesheim",282-15-2371,tpaffrath,Mirella Meyer,auch-schlauchinstephan@hotmail.de,447,-57.2966525,-55.589612
A-,1256,石川電気合同会社,2024-10-04,宮城県横浜市神奈川区浅草7丁目15番6号,764-33-5152,nyamada,中川 直人,mai71@gmail.com,65,-53.7381485,-51.828535
O+,697,Oliveira,2023-11-23,"Via Marcelo da Rocha, 333, Belmonte, 96570890 Nogueira / AC",02496578130,lleao,Eduardo Aragão,nataliafonseca@ig.com.br,263,29.539097,-91.81691
B-,1385,Rosemann Stiftung & Co. KG,2020-02-18,"Binnerallee 149, 16061 Sonneberg",089-27-4024,svenja78,Leander Linke,dragan09@hotmail.de,505,40.6921415,107.137458
A-,1598,小林電気有限会社,2019-07-16,埼玉県三鷹市浅草橋6丁目11番13号 下宇和田シティ841,854-18-1370,kyamashita,坂本 直子,kana56@hotmail.com,515,-2.333629,105.393113
O+,1285,井上農林合同会社,2021-01-02,茨城県香取市西小来川4丁目20番17号 四区町パレス521,415-98-5199,rei16,森 花子,ukimura@gmail.com,172,41.983184,-11.796535
B-,939,小林印刷合同会社,2023-08-09,鳥取県我孫子市大京町22丁目2番2号,756-68-4368,momokohashimoto,遠藤 治,wwatanabe@hotmail.com,352,-3.15042,145.838677
AB-,415,遠藤鉱業合同会社,2020-03-20,宮城県八王子市東上野1丁目18番13号 コーポ筑土八幡町443,194-91-9022,chiyotanaka,小林 零,yoko04@hotmail.com,223,-63.917748,47.630492
O+,1211,合同会社清水水産,2024-08-31,埼玉県豊島区湯宮5丁目27番9号 千束パレス751,031-29-4009,gyamamoto,山田 健一,satokaori@hotmail.com,160,58.213773,-60.987633
AB+,1548,Mocenigo e figli,2023-01-04,"Viale Petrucci, 4 Appartamento 7, 09129, Cagliari (CA)",CSGCHL17R44C783A,elenasegni,Angelina Coppola,lando03@live.com,285,-17.231711,-29.717625
AB-,1290,合同会社岡本水産,2025-06-19,愛媛県東村山市箭坪39丁目13番10号 豊町ハイツ214,898-85-1975,kazuya45,長谷川 加奈,suzukiryosuke@gmail.com,636,,
AB-,1467,da Mota S.A.,2022-08-29,"Área Mateus Peixoto, 86, Gutierrez, 99830-616 Camargo de da Cunha / PR",38571460957,bvieira,Allana Pereira,joao-lucasalbuquerque@uol.com.br,184,-1.86137,99.561732
AB-,610,Polizzi-Corcos Group,2022-01-01,"Viale Sandra, 581 Appartamento 4, 01036, Nepi (VT)",MDRLPN54T41L361L,malacarneramona,Gloria Baracca,cecigiustino@poste.it,515,-49.5761595,164.734357
O+,307,Hentschel Aumann GmbH & Co. OHG,2025-06-19,"Louis-Schwital-Ring 4/2, 98335 Wolfenbüttel",831-80-2833,ukramer,Valentin Wilmsen-Faust,kevin48@gmail.com,743,58.190791,-98.848169
O-,597,Cunha,2023-07-04,"Residencial Mariana da Rosa, 6, Nazare, 09837762 Jesus / AL",02791483640,da-motahenrique,Ana Clara da Luz,sribeiro@uol.com.br,309,29.551744,121.377079
AB+,386,Berger-Ward,2025-06-06,"734 Mary Square, North Reginabury, ID 31613",052-28-4248,kimberly28,Jose Rogers,afrazier@gmail.com,380,5.9336145,158.496472
A-,113,松本ガス合同会社,2023-06-22,,478-53-3704,momoko91,佐藤 淳,maaya46@gmail.com,492,26.943246,59.284886
O-,1052,"Pietrangeli, Maspero e Gasperi s.r.l.",2025-04-07,"Contrada Claudia, 76, 84100, Salerno (SA)",GRDGLN13L49I884I,leopoldo52,Dott. Barbara Moccia,salvatorealtera@virgilio.it,485,66.876435,-157.356646
AB+,1538,Siqueira Ltda.,2019-03-30,"Favela Pires, 61, São Jorge 2ª Seção, 70046-272 Leão / AC",37528491691,jesusrafael,Sr. Antônio Fernandes,ada-conceicao@gmail.com,508,-84.001381,17.296808
O-,2091,Siering,2024-12-01,"Fröhlichring 44/44, 38335 Celle",847-54-1041,sofia39,Steffi Römer,lorenzo81@hotmail.de,492,51.8782565,153.046752
B-,344,Treccani SPA,2022-07-23,"Contrada Sollima, 53 Piano 9, 95034, Bronte (CT)",GTTBCC11P42E305P,alessandra67,Dott. Rosalia Balbo,fedeledossi@libero.it,733,-56.730602,-42.622661
A+,733,"Sokolov, Marangoni e Amato s.r.l.",2025-06-03,"Borgo Ronaldo, 7 Piano 1, 55027, Trassilico (LU)",RCCGRG82M15L139T,pierangelo97,Michela Turci,donarellileone@gmail.com,573,-33.139741,-164.038311
B+,425,石井ガス有限会社,2025-03-17,兵庫県中央区氏家38丁目6番1号 ハイツ台東241,288-82-7097,qhasegawa,佐藤 学,shoheinakajima@gmail.com,550,-0.597457,58.694737
A-,1807,田中通信有限会社,2020-01-07,香川県横浜市西区六番町19丁目22番4号 芝浦ハイツ811,864-65-7627,mituru38,中村 直樹,ymori@gmail.com,429,50.380873,80.757971
B-,732,"Davis, Flores and Brooks",2024-03-19,"3750 Kayla Island, New Jamesbury, CA 65441",267-01-1811,howardjoann,Elizabeth Fernandez,kellyedwards@hotmail.com,35,-34.3268435,14.990444
B-,595,"Casagrande, Ligorio e Conti Group",2025-02-18,"Incrocio Romolo, 233, 15064, Fresonara (AL)",GRFRSR14R56C380L,rosaria01,Sig. Piero Cianciolo,acimini@yahoo.com,454,-43.3072775,71.162797
A-,1023,合同会社山田銀行,2021-11-22,千葉県中野区芝浦11丁目10番17号,888-99-5196,cyamada,清水 和也,lfujita@hotmail.com,478,-9.6346455,111.60256
A-,140,有限会社山本銀行,2021-04-27,京都府立川市神明内6丁目15番9号 ハイツ九段南405,208-79-6888,akira68,藤井 結衣,maiabe@gmail.com,536,26.9562225,-125.290612
B-,878,Butte Ruppert AG & Co. OHG,2019-06-12,"Kobeltplatz 34, 11056 Chemnitz",678-78-5206,scheuermannmira,Sibylle Fliegner-Heinz,finkeannie@aol.de,101,19.473777,-54.057183
A-,196,Gilardoni-Priuli e figli,2022-06-23,"Stretto Morlacchi, 20, 71017, Torremaggiore (FG)",BNDRTR40P51C446L,allegra42,Silvestro Calvo,gioachinorossellini@outlook.com,370,-68.534733,-58.107019
B+,788,Costa,2020-08-01,"Setor Pedro Cassiano, Jardim Felicidade, 65447-754 Fernandes de Vargas / AP",41579280676,ravi-luccaoliveira,Eduarda da Mata,tbarros@bol.com.br,446,65.9147965,-177.759295
O+,388,Lindau Jopich e.G.,2025-02-07,"Bolzmannweg 2/5, 04682 Deggendorf",070-89-9924,hessruthild,Hansjoachim Scheel MBA.,donatapaertzelt@web.de,486,68.6447585,101.357723
A-,803,福田水産有限会社,2021-08-01,宮城県長生郡睦沢町芝公園25丁目24番5号,728-19-7580,zyamamoto,木村 七夏,jikeda@gmail.com,458,35.690606,-171.237721
O-,1127,株式会社小林農林,2025-03-02,奈良県板橋区西浅草32丁目17番7号,831-51-2083,fujiwarakana,渡辺 加奈,rsuzuki@hotmail.com,117,,
O+,1732,佐藤電気有限会社,2019-11-11,石川県印旛郡栄町富久町23丁目23番15号 港南パーク067,629-16-7637,kimuraakemi,後藤 明美,yuki57@yahoo.com,275,39.669547,-79.596651
AB-,1936,Etzold Hamann GmbH,2025-02-09,"Margit-Reuter-Platz 9216, 87096 Parchim",991-27-9812,helenaschinke,Cornelia Misicher,roerrichtbernd-dieter@hotmail.de,135,-59.479792,-131.091243
B-,1172,Smith and Sons,2022-01-22,"750 House Crossroad, Andrewland, MH 53970",247-15-1520,matthewortiz,Michael Maynard,vortiz@yahoo.com,419,23.3325985,46.648964
A-,719,Soto-Chaney,2023-05-24,"1999 Mary Forge Suite 421, South Jeffreytown, ND 40938",270-92-7258,myersjay,Sara Escobar,amandasharp@hotmail.com,439,-14.9823795,127.941829
AB+,1489,株式会社伊藤運輸,2025-03-10,千葉県豊島区吾妻橋2丁目12番15号 白金ハイツ436,612-20-5854,nanami54,松本 智也,yamadakazuya@gmail.com,186,-80.941517,167.861735
A+,49,Bauer Gotthard GbR,2018-12-06,"Meyergasse 8, 33454 Kaiserslautern",387-59-1534,friedemann95,Zdravko Huhn,lindausahin@googlemail.com,273,-49.214546,-131.162426
A-,1018,Elliott LLC,2025-09-11,,421-99-5888,evaldez,John Thompson,philip74@hotmail.com,279,,
A-,1984,有限会社後藤電気,2022-12-07,和歌山県横浜市旭区押上37丁目1番12号 パレス鶴ヶ丘262,071-62-8969,yosuke64,山田 英樹,suzukijun@gmail.com,263,82.507536,-178.26018
O-,839,Weinhage Hein KGaA,2019-10-29,"Heidi-Stiebitz-Straße 1/1, 97028 Kitzingen",675-84-4384,randolf22,Ivan Zahn,xhermighausen@web.de,146,60.0840015,45.997432
B+,150,有限会社小林印刷,2025-05-20,北海道大田区戸塚町33丁目5番16号 コーポ東上野659,472-44-6631,kana16,鈴木 美加子,tanakaryohei@gmail.com,394,10.068748,-52.924051
A-,1813,石川銀行株式会社,2024-09-26,栃木県あきる野市氏家新田5丁目27番14号,873-25-9918,naotoaoki,山本 亮介,reimiura@gmail.com,238,-3.6254735,-128.137756
O+,1539,山本鉱業有限会社,2025-04-18,石川県町田市大中10丁目26番15号 パーク丸の内ＪＰタワー807,832-66-0918,shimizukana,渡辺 篤司,watanabemikako@hotmail.com,565,-75.0371995,54.951244
B+,952,Caetani-Odescalchi Group,2020-08-05,,TRCLRA17M21C871G,littizzettoarsenio,Ermenegildo Gabba,iannottigloria@hotmail.it,17,-49.955875,142.290373
AB-,513,Santos,2021-04-15,"Parque Enrico Monteiro, 65, Vila Maria, 02557-505 Rodrigues / MG",50316427853,luan14,Pedro Lucas Mendonça,piresantony@hotmail.com,66,25.7933215,-85.372581
A+,340,松田情報株式会社,2018-12-11,佐賀県山武郡横芝光町西小来川14丁目1番2号,176-95-0842,satoyoichi,小林 美加子,manabu58@gmail.com,514,-4.048015,29.607755
B+,1248,"Mccarthy, Hernandez and Parker",2020-11-27,"Unit 2971 Box 5038, DPO AE 59276",401-94-6781,ymunoz,Terry Hernandez,susanjackson@hotmail.com,186,-24.3192415,-79.492887
B-,315,Marques,2024-10-10,"Morro Nina Moura, 49, Vila Copasa, 73546351 Santos / BA",95816027476,juliada-conceicao,Nicole da Paz,roliveira@gmail.com,705,75.4611865,-33.15813
B-,930,"Mooney, Woodard and Jones",2020-09-15,"USCGC Howard, FPO AA 61084",214-58-1420,kimberly56,Samantha Smith,marydavis@yahoo.com,573,-12.7132525,112.478257
O+,1952,Machado - ME,2024-02-25,,53912407606,ngomes,Sr. Davi da Rosa,mmartins@yahoo.com.br,527,-25.779433,-1.87996
B+,252,Aparecida Aparecida e Filhos,2020-02-21,"Loteamento Dias, 891, Buraco Quente, 27626-170 da Costa de Minas / BA",36749801501,azevedomurilo,Dr. Luiz Gustavo Teixeira,silveiraester@yahoo.com.br,78,81.105803,-8.889555
B-,912,Killer,2024-06-28,"Thekla-Rose-Straße 8896, 47492 Finsterwalde",735-96-7005,gehringerzlatko,Inka Gertz-Beier,klingelhoeferberta@gmail.com,161,-43.127053,-32.584762
AB+,2135,da Cunha,2025-08-06,,79632140516,ribeirofelipe,Zoe Correia,davi-miguelvargas@bol.com.br,316,42.4354555,-76.172251
B+,1910,Castro Pires - ME,2019-09-26,"Travessa Pedro Alves, 75, Novo Tupi, 04522672 Cavalcanti de da Mota / MG",92837501603,eda-cruz,Antony Mendes,jose-pedroda-costa@bol.com.br,682,-88.866349,-95.450793
AB-,1174,Moura Oliveira - EI,2022-04-02,"Condomínio Lucas Cunha, 53, Conjunto Jatoba, 32737-957 Cunha / RO",10385472617,aliciaabreu,Renan Vargas,da-pazthomas@uol.com.br,5,-57.5758755,101.583749
B-,1440,山田銀行株式会社,2022-07-24,新潟県町田市油井20丁目19番9号 中三依アーバン586,636-06-7686,minorusaito,青木 拓真,hideki95@gmail.com,509,6.3200655,119.415268
O+,1653,Jacob,2021-01-30,"Jüttnerweg 1107, 74043 Zossen",919-93-2174,schottintamara,Friedbert Reising,hans-wilhelmcaspar@web.de,419,-33.8293185,-65.311818
O+,138,Ernst OHG mbH,2025-03-23,,556-16-4437,wiekloni,Dr. Madeleine Bauer,jroehricht@web.de,15,-66.3328985,97.517611
AB+,2146,田中情報有限会社,2021-08-14,東京都匝瑳市竜泉6丁目11番2号 コート港南874,769-11-0690,saitojun,池田 花子,vogawa@yahoo.com,244,-64.7914265,-27.836503
A+,1899,Tagliafierro SPA,2025-08-24,"Contrada Bacosi, 52 Appartamento 42, 81043, Capua (CE)",DNTPRD72S46L069T,michela94,Ubaldo Norbiato,bporzio@yahoo.com,437,12.9995895,-5.970086
B+,1401,Cignaroli-Bevilacqua Group,2020-06-22,,MNTSMT32D01D643P,claudialercari,Domenico Beffa,jariosto@libero.it,96,88.791695,-105.511265
B+,1376,岡田ガス合同会社,2023-12-12,京都府印旛郡酒々井町戸島22丁目4番3号 元浅草クレスト444,738-09-4830,takahashinanami,井上 舞,manabu84@hotmail.com,8,57.4132335,86.571316
AB+,1850,"Ponti, Turchi e Tognazzi SPA",2019-04-08,"Rotonda Martino, 76, 08032, Desulo (NU)",LPRVTR74H23A194O,raffaellotraversa,Aurora Faggiani,livio81@tele2.it,427,81.2052505,-145.184079
A-,1434,阿部保険株式会社,2024-06-13,秋田県御蔵島村方京20丁目9番5号 芝浦コート750,217-18-7857,itominoru,清水 香織,hanako82@yahoo.com,60,,
AB-,1549,合同会社田中保険,2023-04-04,神奈川県品川区戸山24丁目24番12号,007-33-3280,nmiura,吉田 加奈,nsaito@yahoo.com,233,-17.4810515,-147.48202
AB+,2113,"Castillo, Miller and Miranda",2021-05-06,"75514 Kelly River Suite 305, Lake Brian, UT 82818",786-79-4018,morgan66,Miss Brenda Simon,ymorris@gmail.com,84,53.233604,-52.330402
O+,581,高橋水産有限会社,2019-07-30,東京都印西市津久戸町30丁目19番3号 クレスト蔵前623,556-78-6404,fokamoto,加藤 零,hidekimaeda@hotmail.com,223,25.8361275,131.117274
A+,1598,da Costa,2020-06-20,"Rodovia de Oliveira, São Bento, 31439-695 Costa / PE",50681249749,rafael03,Luísa Novaes,xcardoso@hotmail.com,451,-20.7067985,159.507268
A+,1952,Fonseca Nogueira e Filhos,2021-07-16,"Aeroporto Lopes, 344, Vila Real 1ª Seção, 82337-293 Aragão / AP",23548069738,qbarbosa,Paulo Pastor,vitornogueira@hotmail.com,538,-4.8507555,135.511634
B-,1468,有限会社佐々木食品,2022-03-17,群馬県浦安市港南38丁目24番5号,072-14-6471,akemi15,佐藤 学,yoko14@yahoo.com,300,78.9606775,-98.896048
A-,1713,Schulz Jacobi Jäckel KG,2021-04-24,"Gertzring 2161, 43532 Berchtesgaden",688-71-0846,ppruschke,Dr. Nada Täsche,moechlicheningbert@yahoo.de,460,72.0156855,108.050883
B-,68,Kallert,2021-11-09,"Norbert-Mülichen-Platz 4-6, 60781 Schwabmünchen",453-40-8736,raisareichmann,Nelly Otto,baldurwaehner@web.de,667,-33.949166,25.133421
A+,906,Lee Ltd,2023-02-14,"451 Henry Islands Apt. 364, Port Troymouth, WI 77849",205-42-4755,nwilson,Kristin Patterson,lauren07@hotmail.com,19,0.6608795,55.913116
AB-,1603,Kroker AG,2024-02-19,,997-36-9001,anne-kathrin02,Herr Ralph Gute MBA.,ischeuermann@gmx.de,71,,
B-,225,da Cruz da Conceição - EI,2023-08-02,"Vereda de Novaes, 379, Vila Fumec, 63602-172 Pinto de da Rosa / AC",74360581939,novaesana-clara,João Vitor Cassiano,salesraul@uol.com.br,574,16.1259985,-88.654888
B+,1843,Abreu Ferreira S/A,2023-11-23,,73415890279,joao-felipeviana,Dra. Ana Julia Rocha,marina79@ig.com.br,471,12.9451285,-166.67888
A+,1256,Evans-Holt,2022-01-21,"6863 Ethan Harbors Suite 193, Port David, MO 58084",774-53-5761,christinaharris,Michael Lewis,trevinojoseph@hotmail.com,113,-74.8193315,148.557564
AB+,1035,"Brunello, Gemito e Gentilini e figli",2022-12-09,"Borgo Trillini, 10, 87066, Longobucco (CS)",CMMGSN73C63A098D,adelasia93,Rosina Lopresti,polizzicostantino@tiscali.it,707,-79.1551335,70.921739
B-,1244,Jüttner Harloff Stiftung & Co. KG,2019-04-27,"Dirk-Roht-Straße 6-4, 85541 Sonneberg",340-46-6969,yradisch,Heinz-Dieter Scheibe,lissy03@gmx.de,351,58.341064,172.27459
A+,1052,有限会社井上食品,2023-03-03,北海道香取郡神崎町虎ノ門虎ノ門ヒルズ森タワー41丁目1番7号 パレス西神田057,045-52-4265,miuramikako,吉田 明美,matsumotoshota@gmail.com,313,-33.270573,39.856558
AB-,1074,Ramos - ME,2020-09-12,"Estrada de Cavalcante, 36, Atila De Paiva, 52348-025 Gomes / RO",91402783604,pedro-lucassa,Sarah da Rocha,jesussara@ig.com.br,663,-85.845774,13.983054
B+,1447,斉藤農林株式会社,2022-12-29,石川県香取郡東庄町中鉢石町31丁目23番18号 パーク松が谷009,072-24-7625,atsushiyamada,田中 桃子,yumiko96@gmail.com,104,-64.333993,80.698036
B+,678,Renier s.r.l.,2023-04-17,"Strada Morpurgo, 22, 61049, Urbania (PU)",SSLGGL61C44I523A,ycasellati,Fabia Marzorati,tizianamanolesso@vodafone.it,269,4.691341,-62.449618
B-,1016,Monteiro S.A.,2020-05-17,"Jardim de Abreu, 641, Maria Goretti, 97955-711 Melo de Minas / SP",24058396792,fmoraes,Sr. Fernando da Mata,maya44@hotmail.com,582,82.346993,-102.453585
AB+,2129,Campos,2023-05-27,"Vale de Borges, 3, Itapoa, 13708-876 Moraes / ES",80164325905,xborges,Maria Julia Barros,arthurmartins@hotmail.com,480,-22.33292,97.109144
B+,832,Giorgetti-Verga SPA,2021-07-19,,MCHMSM30B64E540N,hsavorgnan,Antonina Castelli,babboleone@tiscali.it,27,-5.978974,-20.350979
AB+,1506,"Bryan, Vargas and Duffy",2022-02-04,"843 Brooks Radial, North Yvonnechester, MT 57478",405-94-5662,sanderson,Lindsey Webb,deannacampbell@gmail.com,738,26.738321,3.276381
A-,1498,佐々木ガス株式会社,2020-05-06,奈良県八王子市六番町32丁目1番20号 パーク前弥六南町953,099-11-9867,kobayashirei,岡田 真綾,naokihashimoto@gmail.com,493,-85.7817365,-87.06239
AB+,1280,Martins,2023-09-06,,37968452074,lucas06,Liz Fonseca,davi-miguel56@hotmail.com,173,55.5938545,-0.980105
AB-,1208,Nascimento Leão S.A.,2020-01-06,"Praia Andrade, 98, Zilah Sposito, 75941280 Lima / PB",62459380747,emillyduarte,João Pedro Pinto,estermarques@uol.com.br,88,55.1615535,-17.167877
B-,812,Rodrigues,2019-01-01,"Viela de Martins, 5, Álvaro Camargos, 37439546 das Neves / RN",93502416842,alvesmaria-vitoria,Stella Machado,gael-henriqueribeiro@hotmail.com,588,-80.2301035,-114.665999
B-,537,Thomas-Johnson,2020-09-02,"012 Sharon Islands Apt. 793, East Erinfort, WY 75731",051-90-4155,randyfoster,Michael Collins,daniellegonzalez@yahoo.com,587,-17.282742,-154.737869
O-,1193,株式会社松本情報,2019-04-26,岐阜県大島町羽折町19丁目15番14号,407-22-3486,yoshidamikako,中村 千代,manabuyoshida@gmail.com,649,85.0100045,-14.396615
O+,431,石井印刷有限会社,2022-08-05,,661-81-9453,yhayashi,斎藤 美加子,okadayumiko@hotmail.com,309,64.4573555,160.273009
O+,1700,"Alvarez, Sullivan and Stanley",2025-05-14,"590 Skinner Cape Suite 318, New Lauraborough, KY 84021",646-60-9416,youngkimberly,Sandra Marshall,tadams@gmail.com,133,17.1975895,-127.976014
A-,923,Rocca-Brichese s.r.l.,2018-10-29,"Strada Romano, 4 Piano 3, 00136, Roma (RM)",CGNGLI02A69H784R,domenico03,Elladio Geraci,vmercadante@libero.it,446,-82.646841,144.756344
B-,1865,Moreno LLC,2023-08-13,"165 Dennis Turnpike, West Kari, WA 32899",895-13-7716,jasononeill,David Blake,cassiebrown@hotmail.com,310,73.906889,73.854939
B-,1532,株式会社中川農林,2019-10-09,長野県港区美原町24丁目6番1号 シャルム箪笥町840,350-66-5084,suzukitaichi,田中 晃,mai88@gmail.com,441,-6.8825565,94.249118
B+,1807,Garcia and Sons,2021-02-19,"342 Sheri Ridge Suite 068, East Johnshire, AS 58878",873-35-9940,meadowsmichael,Mr. James Conley DVM,lthompson@yahoo.com,348,51.401664,127.095939
O-,497,Oderwald GmbH & Co. KGaA,2024-03-18,"Schönlandstr. 1541, 03325 Hoyerswerda",847-49-9385,helmutfaust,Eckart Bonbach,elisabeth10@hotmail.de,395,,
AB+,955,中村電気合同会社,2021-09-01,山梨県横浜市瀬谷区東大和町2丁目10番17号,878-77-9416,csuzuki,斎藤 さゆり,rwatanabe@yahoo.com,463,-57.9905515,175.469558
A+,699,Hein GmbH & Co. OHG,2021-03-14,"Nikolaus-Tintzmann-Straße 2-7, 74784 Werdau",834-25-6607,yreuter,Eugenie Mangold,jasminhermighausen@googlemail.com,720,4.9185135,-124.081527
AB+,917,da Mota Alves e Filhos,2024-04-26,"Morro Almeida, 359, Ouro Minas, 93860-448 Sales / MG",10572934823,ferreiramaria-liz,Caroline Guerra,sampaioalicia@yahoo.com.br,296,-62.252193,-104.893174
O+,475,Söding GmbH & Co. KG,2021-10-26,"Buttestr. 22/93, 12066 Hersbruck",893-09-1631,albina80,Wilfried Rogner,gerhartbaum@aol.de,270,-60.282231,112.369074
O-,1519,Oliboni-Cassarà s.r.l.,2021-11-14,"Stretto Sylvia, 83 Appartamento 13, 63844, Grottazzolina (FM)",SCMTRT94T49B727X,fibonaccivirginia,Benedetto Salvemini,sole99@alice.it,612,69.8090805,83.092626
AB+,510,Odescalchi Group,2022-07-11,"Piazza Costantino, 66, 02024, Sant'Elpidio (RI)",PCALVI52C09D573C,bottarovaleria,Sig. Donatello Gozzi,mercedes50@libero.it,495,-40.9555125,-76.783783
AB-,1204,"Mcbride, Guzman and Hood",2020-02-26,,835-02-9933,courtney20,Alicia Young,barbara82@gmail.com,12,-48.9725795,29.780168
AB+,1227,das Neves,2019-01-05,"Viaduto de Camargo, 306, Conjunto Santa Maria, 31799-774 Rios / AC",93510624815,jose93,Laís Rodrigues,matheusda-rosa@yahoo.com.br,204,80.417939,103.1079
AB+,906,"Gabba, Valier e Torricelli SPA",2019-04-11,"Via Balbo, 87, 55031, Filicaia (LU)",TMBMCA87B65E691M,guccisilvio,Guglielmo Zanichelli-Golgi,nicolaiannelli@vodafone.it,605,67.9774885,119.753799
O-,1641,Borsiere-Morucci s.r.l.,2021-02-18,"Stretto Gramsci, 141 Appartamento 1, 83023, Fontenovella (AV)",VSRDLA50C23D204J,hgelli,Annetta Fusani-Manolesso,brunogirolamo@hotmail.com,718,-80.8423975,-85.213895
B-,883,Meyers-Garcia,2022-11-04,,835-43-9259,shane19,Dennis Johnson,jennifer74@hotmail.com,48,-5.5653235,142.172578
AB+,1347,Oliveira,2022-06-26,"Distrito de Duarte, 62, Paulo Vi, 13846-570 Guerra / AC",40153627999,tcunha,Carlos Eduardo da Cunha,anaazevedo@uol.com.br,324,54.7472035,87.749214
AB-,945,Fernandes Monteiro S/A,2019-03-12,"Área Sales, 68, Eymard, 78603444 Martins da Mata / MA",61937854264,mathias36,Lucas Gabriel Cassiano,freitasbarbara@ig.com.br,286,-56.6754215,104.954696
A-,928,Knappe Stiftung & Co. KGaA,2022-11-03,"Franjo-Christoph-Straße 9, 22214 Mittweida",995-17-7358,mudeulrich,Gertrude Krebs-Ullrich,dariahermighausen@web.de,22,-41.046546,3.304393
B+,1413,合同会社鈴木水産,2019-04-02,鹿児島県山武郡芝山町戸山41丁目1番5号 押上シャルム377,367-61-8410,kenichi14,三浦 直人,sayuri32@yahoo.com,215,-16.394758,111.278664
B+,775,Phillips-Bowers,2024-10-03,,586-71-8580,zphillips,Mary Washington,chad83@yahoo.com,741,-6.181115,22.914901
O-,947,Geißler Kambs GmbH,2024-05-28,"Biggenplatz 90-35, 12938 Burg",011-73-2402,creichmann,Prof. Peer Gunpf,kreuselmadlen@hotmail.de,85,-59.0836685,-172.562666
B-,519,Pergolesi s.r.l.,2023-04-25,"Piazza Antonacci, 115 Appartamento 88, 20885, Ronco Briantino (MB)",PZZCRT34D28H407W,ottone45,Dott. Vittorio Monte,nittitiziana@tele2.it,526,59.197706,-39.506304
O+,348,山口印刷合同会社,2019-11-05,,074-45-1625,abeharuka,石井 明美,chiyotakahashi@yahoo.com,151,-83.2764945,62.784162
O-,346,Fogaça,2024-07-25,"Fazenda de Araújo, 64, Ipiranga, 61622-902 Moreira Grande / PB",26987103496,sofiacavalcanti,Maria Eduarda Guerra,ana-liz00@ig.com.br,694,11.83145,-119.470233
A-,984,Brito Vasconcelos - EI,2022-11-12,,75498210388,kduarte,Luana Moraes,novaesemanuella@bol.com.br,566,-43.5025145,-53.240272
B-,771,Börner GmbH & Co. KGaA,2024-10-21,"Walther-Scholl-Straße 4-5, 29548 Sömmerda",831-02-3576,kreinjulie,Bozena Lachmann,thiesmeister@hotmail.de,395,-48.749266,-134.921538
O+,1554,Hesse,2024-01-21,"Hanni-Ernst-Straße 68/46, 68868 Mainburg",979-79-9215,beckerguiseppe,Dr. Jozef Täsche,slavkokiller@googlemail.com,394,-46.240638,97.997718
O+,1960,Gomes da Mota S/A,2019-10-29,"Parque Beatriz Araújo, 618, Vila Cloris, 90122206 Machado / PB",80769513484,inascimento,Ester da Mota,henry-gabriel81@hotmail.com,470,24.722483,81.632181
AB-,2098,Zacchia-Santorio SPA,2021-05-31,"Contrada Gionata, 332, 71019, Vieste (FG)",FRRMRT33H29L134U,luca47,Francesca Buonauro,gviviani@vodafone.it,299,25.270113,-124.759067
O-,293,伊藤運輸株式会社,2022-03-24,滋賀県印西市平河町18丁目3番18号,863-04-2872,kondosatomi,阿部 拓真,satomi70@gmail.com,515,-4.677389,16.278352
B-,543,Babato e figli,2024-10-31,"Borgo Rapisardi, 931 Piano 0, 00118, Roma (RM)",GRCLSS04B05G812X,angelina36,Giacomo Morellato,antoninilivia@hotmail.it,189,70.374514,-44.160075
A+,512,Venditti SPA,2021-02-22,"Vicolo Guglielmo, 130 Appartamento 94, 84013, Arcara (SA)",MNNLSU26P13F772U,pmoneta,Zaira Bombieri,mariafusani@libero.it,569,-3.6941185,-20.101611
B-,101,Morris-Parker,2021-04-07,"4356 Timothy Stravenue Apt. 139, North Chase, KY 49331",414-71-8287,michelleatkins,Michael Allen,beth79@gmail.com,723,-29.9488,108.381024
A+,1212,Fallaci-Albertini s.r.l.,2020-02-08,,PGLFRN23T06C589Q,raimondotamburini,Giorgio Badoglio,wtozzo@outlook.com,626,,
B+,423,Sousa e Filhos,2025-02-16,,17693052461,idas-neves,Anna Liz da Mata,nathan68@bol.com.br,344,,
A-,1996,渡辺運輸合同会社,2021-04-20,北海道江戸川区大中17丁目23番20号,760-91-6958,otakahashi,近藤 里佳,suzukishota@yahoo.com,139,-84.627798,-1.593491
B+,1712,Martins,2025-02-04,"Setor de Cassiano, Nova Gameleira, 30650-597 da Conceição / PA",74369581001,otto34,Nina Aparecida,rochamurilo@yahoo.com.br,516,36.211105,33.001805
A+,1260,Oliveira,2020-12-23,"Setor Camila Caldeira, 69, Conjunto Providencia, 88409289 da Cruz de Montenegro / RR",10736842969,lcunha,João Felipe Farias,lopesarthur@ig.com.br,296,35.9864405,143.382888
A-,1431,Daniels-Austin,2021-03-09,"03687 Mcdonald Crest, Herbertshire, ME 99323",047-12-3242,uclark,Rebecca Simpson,daniel44@hotmail.com,350,42.41855,69.058674
O+,292,Miller-Murphy,2019-07-23,"32692 Austin Isle Apt. 033, Henrymouth, IA 40249",262-06-9447,hooperjoan,Zachary Henderson,fosterjason@gmail.com,230,31.393832,-92.856834
O+,1870,有限会社橋本ガス,2024-10-23,福島県江東区元浅草28丁目21番5号 シャルム台東518,294-40-2970,jsasaki,清水 浩,momoko04@hotmail.com,301,8.3243705,-148.54127
AB+,796,Guerra - ME,2019-10-05,"Fazenda Isabela Novais, 45, Cinquentenário, 88354-890 Teixeira do Norte / DF",96870345139,xda-costa,Srta. Olivia Silveira,duartegustavo-henrique@yahoo.com.br,244,0.302438,167.795578
A-,1700,Barros,2022-06-04,"Alameda Jesus, 369, Vila Coqueiral, 17485532 Vieira de Pimenta / RO",61532847017,dfreitas,Júlia Duarte,ygarcia@yahoo.com.br,734,-42.2427245,-1.429667
O+,1541,合同会社鈴木情報,2023-06-05,山梨県北区柿木沢13丁目3番11号 中宮祠コート888,692-67-8806,byamamoto,佐藤 陽一,yosukematsumoto@yahoo.com,574,89.7030965,97.036558
AB-,408,Trujillo-Barrett,2023-03-08,"07544 Velez Court, West Colleen, VT 31438",768-49-1872,derekcraig,Christina Moore,gabriel39@hotmail.com,708,29.826891,-146.880003
A-,1734,合同会社林農林,2019-10-16,,181-01-8082,tanakamomoko,阿部 七夏,yamaguchikazuya@gmail.com,306,50.9941985,53.899509
A-,655,Cipolla-Galuppi e figli,2018-10-21,"Vicolo Costanzo, 523 Appartamento 10, 44035, Brazzolo (FE)",VCLLDC82E50A716B,ornellatamburi,Sandra Farinelli,adinolfiagnolo@hotmail.it,470,19.788331,13.728686
O-,257,Fechner,2022-11-24,"Zobelgasse 76/48, 50782 Schwabmünchen",559-26-6707,cdobes,Eugenia Henk,oderwaldguenter@web.de,576,7.822955,-157.307251
B+,1505,Bates-Knox,2019-10-15,"52111 Griffin Via Apt. 334, Lake Michaelton, VA 06662",526-77-1210,william33,Theresa Khan,murraykim@yahoo.com,318,27.7536515,-12.831953
O+,336,Dulbecco Group,2023-02-11,"Via Sagredo, 15, 34138, Trieste (TS)",SRCMRC00R43H997A,sandro44,Annetta Scotto,yjuvara@yahoo.com,403,53.6205985,179.735649
O-,1025,Moura Aragão S.A.,2019-06-13,,89356014205,fariascecilia,Maria Aragão,fonsecadaniela@hotmail.com,635,39.3898305,119.411108
A+,54,Jilani Group,2019-03-24,"Vicolo Pasquale, 32, 08042, Bari Sardo (NU)",MNTLCU82L64G225R,ynatta,Luca Pezzali,wbattelli@libero.it,181,-62.7134575,150.738956
A-,1053,Hentschel OHG mbH,2024-11-06,"Sölzerplatz 2, 10190 Düren",751-41-1165,christine51,Gerald Röhricht-Schinke,hartmannhans-joachim@googlemail.com,325,-82.9814285,-57.33455
B-,1819,合同会社太田運輸,2023-03-05,北海道小金井市大京町30丁目20番16号 明石町パーク080,051-75-7305,nakamuraasuka,林 修平,hanako36@yahoo.com,507,24.071465,144.098514
O+,1040,Macedo,2020-01-17,"Esplanada Cunha, 7, Conjunto Taquaril, 72103107 Albuquerque / SP",58490217360,hjesus,André Barbosa,arthur-miguel95@yahoo.com.br,62,25.338095,100.936353
A-,593,阿部印刷合同会社,2023-10-09,兵庫県国分寺市天神島1丁目17番17号 コーポ猿楽町488,712-67-4422,nanamimaeda,高橋 加奈,nishimuramikako@yahoo.com,603,-4.4865105,104.846965
AB+,393,"Greco, Mattarella e Cocci s.r.l.",2022-02-24,"Strada Claudio, 42, 70042, Mola Di Bari (BA)",CMRGNI83T71I137A,iconte,Giuseppe Martinelli-Gottardi,rossanasurian@virgilio.it,274,77.192755,-113.329615
A-,885,清水水産株式会社,2024-07-04,,259-24-3471,rika46,山本 さゆり,inoueryohei@gmail.com,417,36.2851945,-161.464697
AB+,1373,Borges,2020-04-27,,50274813904,hcostela,Kamilly Sampaio,ravy22@hotmail.com,518,86.4261355,121.714922
A-,1380,Valenzuela-Martinez,2019-10-10,,310-56-1769,taylormark,Caitlin Cherry,christina05@yahoo.com,31,-6.465303,158.574225
AB+,1683,Tintzmann Schenk GmbH & Co. KGaA,2020-11-10,"Ben-Drubin-Platz 9, 91827 Wittmund",081-36-9474,meta55,Marianna Hettner-Ackermann,qfiebig@gmail.com,119,-58.2227185,157.417364
B+,1641,Davis Ltd,2022-02-16,"12145 Fisher Green, Cookside, IA 22770",668-48-7139,ediaz,Tiffany Thomas,kimberlyedwards@hotmail.com,304,-16.286192,115.985642
AB+,44,Romero-Williams,2019-03-08,"38234 Miranda Junction, Davisburgh, AR 22783",170-07-1304,laurawagner,John Petersen,perezrichard@hotmail.com,549,-28.5028745,-113.401162
O-,1989,Seifert Warmer e.G.,2020-03-10,"Bauerstr. 197, 18504 Neunburg vorm Wald",503-74-1465,igorbruder,Heidelore Aumann B.Sc.,fditschlerin@aol.de,379,11.6757525,-6.114517
A-,268,株式会社中川電気,2023-03-16,石川県夷隅郡御宿町湯本塩原21丁目27番13号 コーポ丸の内014,329-69-2153,yosuke54,三浦 結衣,yuitakahashi@yahoo.com,33,57.8629485,72.701491
AB-,1131,Larson LLC,2023-11-30,"013 Gray Road Apt. 911, Joshuachester, NV 83283",881-96-3584,wrightsheri,Kristin Hayden,logancompton@yahoo.com,589,6.7483605,46.486406
AB-,308,Montenegro,2020-09-21,"Lago de Aragão, Vila Batik, 41891935 Andrade Grande / GO",73405692865,lais43,Emanuella Silva,qabreu@hotmail.com,207,4.396044,-94.087285
B-,2090,Renner Jäkel e.G.,2025-07-23,"Gehringerweg 27, 25881 Plauen",731-85-2234,henriette15,Gitte Schottin,drewesgretchen@web.de,63,59.5727605,92.826308
A+,1444,Peukert OHG mbH,2021-01-11,"Franco-Sager-Platz 8085, 35468 Euskirchen",703-91-4826,sylvana12,Dr. Tülay Hänel,caustermuehle@aol.de,300,-81.960134,22.785932
A+,1130,Schomber Wagner GmbH,2024-10-12,"Raphaela-Hoffmann-Ring 1-2, 62309 Mühldorf am Inn",843-03-7385,krameranni,Heinz-Dieter Gerlach B.A.,carstenreinhild@gmail.com,482,32.3799155,83.083604
A+,2149,木村ガス合同会社,2022-07-18,宮城県八街市花川戸27丁目12番10号 三ノ輪コーポ391,444-59-1396,kaoritanaka,吉田 陽子,moritsubasa@hotmail.com,648,44.561733,60.5018
A+,1312,Fuller-Allen,2025-02-14,"02562 Gibson Stravenue Apt. 087, West Aaronborough, NH 29363",462-63-4443,tfox,Olivia Leblanc,timothy10@yahoo.com,54,50.428554,-80.628206
A+,2123,Schiavone-Carriera SPA,2024-04-09,,SNDMCL40B65B893U,vbroggini,Manuel Muti,zinzaghi@tiscali.it,316,19.332774,-35.084424
AB+,518,佐藤保険合同会社,2024-06-22,福井県山武市勝どき30丁目2番15号 コート四番町264,577-75-7264,umatsumoto,佐藤 知実,atsushisuzuki@gmail.com,641,-60.2191265,-163.377372
A-,206,Schmiedt Hecker KGaA,2019-12-18,"Weinhagering 2543, 66317 Erfurt",265-95-2981,thies27,Dipl.-Ing. Eleonore Nerger,guidogorlitz@hotmail.de,445,-59.8349465,122.182313
O+,262,Mohaupt GmbH,2022-07-31,"Junckallee 85, 76016 Hildburghausen",034-17-8378,wbohlander,Dr. Hans-H. Schmidt,msegebahn@gmx.de,524,50.083697,101.310811
AB+,1116,Mendonça Silveira e Filhos,2021-08-04,,81906734240,bazevedo,Stella Camargo,carvalhogustavo@bol.com.br,511,40.4393805,-58.522649
O-,51,Brito e Filhos,2021-05-11,"Praça de Sampaio, 14, Novo Santa Cecilia, 80664-920 Moreira / RS",84371069231,azevedoagatha,Juliana Melo,monteirolevi@hotmail.com,93,81.4795485,-125.508976
AB-,916,木村保険株式会社,2022-12-17,愛知県大田区北上野2丁目1番2号,763-08-0873,hidekiokada,阿部 陽子,satomitakahashi@hotmail.com,305,-0.9732425,-59.221374
B+,352,"Fantoni, Porcellato e Scarlatti Group",2019-06-24,,SGRFBZ56E58L670M,eugeniasaraceno,Gloria Armani,arnaldo55@libero.it,687,-13.18046,-102.596241
B-,1150,Schleich Dippel AG,2021-06-25,,083-64-0451,nfranke,Carola Karge,wkoehler@hotmail.de,399,-84.6093895,-2.168148
O+,318,Ruppert,2019-10-25,"Kochweg 7869, 81199 Pasewalk",640-11-8471,juettnerinna,Karl-Georg Krein-Jungfer,nhoelzenbecher@gmail.com,289,-28.1007245,70.44118
O-,324,Eckbauer,2025-04-04,"Finkering 7/8, 49765 Calau",771-17-4367,qgrein-groth,Kristiane Trüb-Ruppersberger,anatolij11@web.de,172,-49.6102055,-10.604696
AB-,92,Romagnoli SPA,2019-06-11,"Contrada Chiara, 44 Piano 2, 84133, Salerno (SA)",MNLLSS69C49B393Y,alessandra65,Dott. Antonella Ioppi,uudinese@tele2.it,657,74.4114765,86.483879
O+,1276,Steinberg AG & Co. KG,2023-08-02,"Biengasse 19, 69043 Ueckermünde",545-85-9825,erna41,Alf Scheibe-Hecker,ulrich59@aol.de,566,-65.646427,-92.460713
A+,1948,Casa Grande,2023-09-10,"Estrada de Cunha, 16, Vila Califórnia, 33738-212 da Cunha / AL",50187623490,bruna03,Luan Porto,isabela79@hotmail.com,285,-66.162606,127.752799
O-,1612,Costa e Filhos,2022-07-21,"Sítio de Farias, Santa Margarida, 68669-607 Sousa / CE",19032847678,ivargas,Sophie Montenegro,helenamacedo@uol.com.br,263,-45.891315,-63.475785
B-,1614,Deleon and Sons,2022-09-04,"27700 Gloria Via, Matthewview, OK 48823",640-55-1804,rvilla,Vanessa Brown,zlewis@hotmail.com,429,12.2154005,-129.765822
A-,111,後藤印刷有限会社,2023-08-25,神奈川県横浜市栄区豊町23丁目2番9号,392-92-9134,iyamada,池田 太一,satomai@hotmail.com,325,87.2985055,124.573698
A+,1555,Vasconcelos,2022-05-29,"Pátio de Novaes, 93, Vila Primeiro De Maio, 82863620 Rocha / TO",14693852015,tda-costa,Luiz Gustavo Camargo,lucas-gabrielaraujo@ig.com.br,538,-40.3819465,-82.655688
B-,377,合同会社坂本運輸,2024-01-06,,719-84-9446,ssato,佐々木 加奈,tomoya43@yahoo.com,127,-62.760599,169.621587
A-,2052,Lopez Group,2020-05-22,"885 Peterson Ferry, East Angela, OH 32061",789-57-7642,harrispatricia,Christopher Oliver,jenniferharris@gmail.com,513,10.9459645,-10.179404
A+,2132,株式会社山崎銀行,2020-03-05,愛知県八王子市芝公園27丁目8番16号 ハイツ豊町802,460-67-0441,zkondo,阿部 翼,kyamazaki@yahoo.com,323,35.2152395,145.487346
B+,563,前田ガス合同会社,2022-08-01,宮崎県北区皇居外苑10丁目20番16号,068-05-4359,yuta28,林 桃子,sotaro59@hotmail.com,693,81.126015,64.23372
AB-,1027,"Gualtieri, Giammusso e Galuppi SPA",2019-10-01,"Contrada Raffaella, 44, 23011, Ardenno (SO)",GCMDRT71P44B535Z,mario58,Melissa Bajamonti,rothgianfrancesco@tim.it,697,9.9893775,166.332222
O+,1949,Mendonça,2021-06-22,,25708916303,gabriellyjesus,Ágatha Alves,estherviana@gmail.com,150,3.556924,97.000347
A-,1010,Novaes - EI,2024-05-31,,79218453637,dom27,Vinícius Campos,cguerra@uol.com.br,453,-85.635585,-90.654522
A-,768,合同会社高橋通信,2019-12-31,熊本県山武市山中新田16丁目22番20号,840-99-4911,wsuzuki,鈴木 加奈,haruka11@yahoo.com,509,4.318831,12.719881
B+,2038,Bennett-Gutierrez,2023-03-31,"Unit 4665 Box 7157, DPO AP 01527",613-52-2274,omoore,April Mosley,uharris@hotmail.com,241,-52.4359925,128.698544
AB+,397,Chigi-Norbiato SPA,2020-01-30,"Vicolo Adamo, 83 Appartamento 3, 09094, Sant'Anna (OR)",FRNGDI28E06C777V,paoliniamanda,Giuliano Franzese,amadeobarbarigo@gmail.com,126,80.086116,-134.698388
B+,1340,"Clements, Ball and Gray",2021-02-26,"50378 Delgado Tunnel, Bellbury, GU 97137",013-40-0170,bkerr,Doris Bowman,molinarebecca@hotmail.com,263,-50.5445705,88.214502
A+,2137,Johnson LLC,2023-02-16,,472-93-3176,riceangela,Drew Frazier,patkins@hotmail.com,382,-12.189029,-60.557333
AB-,1711,有限会社山田ガス,2019-08-20,大分県三宅島三宅村京橋15丁目1番6号 コート浅草698,635-88-1697,rmatsumoto,田中 充,matsudasayuri@hotmail.com,213,-85.0307635,-115.640897
AB+,1046,中島印刷有限会社,2019-02-24,,323-65-1640,chiyoyamamoto,高橋 学,hideki88@gmail.com,741,-67.023045,110.614242
B-,511,斎藤電気合同会社,2022-05-25,愛知県川崎市宮前区氏家新田14丁目8番5号,146-76-6191,kazuya55,森 亮介,watanabeatsushi@hotmail.com,342,-83.329612,-169.245413
A-,475,合同会社松本印刷,2022-03-15,岡山県横浜市中区日比谷公園21丁目9番14号,332-64-0709,fukudayoichi,高橋 香織,ogawayosuke@hotmail.com,201,30.9243975,-178.918548
B-,571,Moreno PLC,2020-03-28,"4559 Ware Locks Apt. 064, North Laurie, AZ 53207",503-29-3732,karenmcgee,Chad Scott,penawilliam@hotmail.com,91,52.399678,-33.632093
A+,2113,Lopes,2022-12-03,"Viaduto de Rezende, 327, Solar Do Barreiro, 37520632 Porto / SP",62157349855,mateus52,Ana Laura Carvalho,gaelmoura@ig.com.br,543,30.660304,-179.883655
A+,1384,田中保険合同会社,2019-04-28,福島県葛飾区東神田33丁目11番9号 四区町パレス790,267-13-9329,dnakagawa,佐藤 和也,msato@yahoo.com,411,34.2985935,96.728341
AB-,2026,Gutknecht Jäntsch KG,2023-11-23,"Andrei-Müller-Straße 818, 18984 Füssen",184-31-1605,jasminheuser,Johan Sauer MBA.,mohauptelma@gmail.com,551,-44.8207685,41.518193
AB-,1610,Novais,2023-01-11,"Ladeira de Leão, 58, Zilah Sposito, 00824-798 Duarte / MA",12736985419,diasaylla,Mariah Machado,carlos-eduardo66@yahoo.com.br,411,-56.961376,-25.760773
O-,1242,Dias Cardoso Ltda.,2023-09-05,"Vereda Siqueira, 28, Manacas, 81081-963 Cardoso / AL",68471305984,agatha84,Zoe Sousa,nribeiro@gmail.com,372,-60.9251725,-12.844455
B-,438,阿部銀行合同会社,2023-10-19,熊本県横浜市都筑区虎ノ門虎ノ門ヒルズ森タワー25丁目16番5号 パーク猿楽町670,236-34-0090,satosatomi,藤井 あすか,ykobayashi@yahoo.com,439,63.3181685,122.694504
O+,211,Linke e.G.,2020-07-25,"Rosemarie-Kühnert-Straße 7/8, 37089 Aschaffenburg",710-81-4297,doehnjanko,Rosl Schmiedecke,tschentscherluise@yahoo.de,253,-45.4673295,-86.708651
O-,100,高橋情報株式会社,2021-09-19,北海道富里市平河町21丁目24番17号,507-08-4181,tanakatsubasa,長谷川 加奈,nakajimasayuri@gmail.com,88,-2.598967,-60.196801
A-,1785,Rezende,2024-03-19,"Núcleo de Machado, 2, Maria Helena, 78109143 Ribeiro da Prata / CE",65804271326,oliver95,Maria Júlia Macedo,cavalcantevitor-gabriel@gmail.com,294,-24.822608,-19.26473
A-,1555,"Hernandez, Williams and Wilson",2021-06-11,"657 Vazquez Street Suite 568, North Lindsay, TN 77690",781-79-1484,robert14,Cody Lewis,kelly27@gmail.com,9,9.659627,165.543286
AB-,1359,Sousa e Filhos,2023-06-23,"Praça de Vasconcelos, 524, Flavio Marques Lisboa, 32364314 Aparecida do Campo / MG",42709356180,carlos-eduardocosta,João Pedro Moura,fmendes@gmail.com,114,-54.408156,48.514344
AB-,1780,Hebert-Hill,2020-03-29,"8586 Morgan Viaduct Suite 164, West Alexa, ND 17756",101-70-8837,lovekimberly,Elizabeth Mcclain,albertmerritt@gmail.com,166,-38.9497885,115.706392
O+,1652,Novaes Casa Grande S/A,2023-05-19,"Alameda Ferreira, 136, São Jorge 1ª Seção, 93491674 Sales / AP",63580297112,danilo34,Marina Vieira,kjesus@uol.com.br,731,,
AB+,1780,Gianetti s.r.l.,2024-12-23,"Via Gaspare, 34, 60031, Castelplanio Stazione (AN)",TRNJCP21C51D821Q,orlandoperanda,Liberto Detti-Disdero,dcondoleo@fastwebnet.it,612,31.399825,83.313438
A-,553,伊藤農林株式会社,2021-04-01,秋田県川崎市幸区小入1丁目14番18号,882-60-9043,shoheitanaka,佐藤 裕美子,atsushi17@yahoo.com,609,74.9228785,34.731786
O-,333,"Glenn, Bishop and Tyler",2021-10-08,"1317 Erin Extension Apt. 939, Thompsonmouth, TX 64147",009-61-8078,gravesmatthew,Carol Wright,xramirez@hotmail.com,550,69.077916,113.703013
B+,2111,Williamson LLC,2019-04-26,"6019 Chen Flats, Mortonshire, CA 30203",825-59-9712,egibbs,Amy Simpson,maryevans@gmail.com,520,71.719019,65.093923
O+,1069,Hartung Stiftung & Co. KGaA,2025-08-18,"Swantje-Pergande-Gasse 70/74, 36871 Senftenberg",186-06-7104,nwerner,Swetlana Lindau,engelberttlustek@googlemail.com,180,71.4027895,134.235684
AB-,746,Dowerg GmbH & Co. KG,2025-05-10,"Ullrich-Drewes-Weg 2019, 25932 Badibling",990-48-9404,muellercornelius,Britt Speer,fechnerbertold@hotmail.de,155,,
O+,1124,藤田水産有限会社,2019-08-20,宮崎県大網白里市丸の内34丁目24番20号,493-86-9310,taro49,佐藤 香織,chiyookamoto@gmail.com,302,-35.803138,31.210119
B+,2060,合同会社高橋建設,2020-10-18,,591-60-9432,yumiko56,山本 明美,yui06@yahoo.com,170,26.5129105,17.551462
AB-,941,Moore-Scott,2022-08-23,"PSC 6084, Box 0257, APO AE 40913",236-82-3724,meltonlawrence,Michael Ramirez,kthompson@hotmail.com,249,-62.839327,-80.785199
A+,306,"Foster, Harmon and Reed",2022-08-15,"6847 Anthony Stream, New Carol, PR 63894",876-28-6223,achavez,Ryan Williams,ejones@gmail.com,242,80.8553835,100.461816
AB+,508,Gorlitz Döhn Stiftung & Co. KGaA,2021-01-26,"Kitzmannstraße 6-4, 01563 Artern",347-27-1536,vhaenel,Friedhelm Heydrich-Ruppert,yheinrich@googlemail.com,330,-48.744014,85.032576
O-,841,Mies GmbH,2019-08-28,"Udo-Radisch-Platz 1, 15903 Ludwigsburg",308-75-3450,pechelmanuela,Belinda Sauer,wbeier@web.de,486,-68.835284,-110.529613
O-,1375,鈴木情報株式会社,2020-02-07,北海道長生郡睦沢町権現堂29丁目5番17号 シャルム戸塚町333,026-74-8537,uwatanabe,中村 直子,fujiwaramanabu@gmail.com,353,-62.937967,79.556577
AB-,1659,"Sobrero, Pisaroni e Rosiello s.r.l.",2020-11-01,"Incrocio Abba, 847, 06069, Tuoro Sul Trasimeno (PG)",PVRRMR74H63D780I,lodovico17,Giacobbe Toso,ermeserrani@tim.it,465,57.1634345,-173.408004
O+,1879,Ebert Schottin AG & Co. OHG,2020-06-23,"Hans-Herbert-Seifert-Allee 94, 35942 Eichstätt",977-98-9459,heidejungfer,Reingard Killer-Scheuermann,kobeltjanna@yahoo.de,85,-47.9006775,-123.160126
A+,1411,Gangemi s.r.l.,2022-04-25,"Strada Giradello, 5, 12062, Cherasco (CN)",DLLPLA34L42A118H,fabrizio70,Dott. Elladio Bottaro,bpolizzi@outlook.com,366,11.084229,131.752518
O-,1351,Neureuther GmbH & Co. KGaA,2022-02-28,,387-71-9688,helmarheinz,Dr. Silvio Johann,gjunitz@aol.de,319,-23.1602935,142.551632
O+,1080,Vanvitelli-Tagliafierro s.r.l.,2024-06-04,"Incrocio Boezio, 3 Appartamento 0, 08035, Nurri (CA)",FLLDLM83E65C129S,temistocleudinesi,Giuseppe Alfonsi-Burcardo,uboaga@poste.it,143,-16.5814,-138.647592
O+,1393,Rios,2021-04-24,"Vereda João Lucas Aparecida, Camponesa 1ª Seção, 51377-127 Moura / RN",61952487382,ppastor,Joana Vieira,cavalcantelucca@yahoo.com.br,221,-20.970087,178.07656
A+,1910,Flores-Berger,2023-01-08,"4599 Jackson Passage Suite 272, Thomashaven, CT 06272",893-42-9565,mirandabond,Laurie Zavala,carterkrista@yahoo.com,32,47.248638,-174.975991
O+,103,"Fields, Clements and Pearson",2021-06-30,"6410 Julian Streets Apt. 624, Rachelfort, HI 37151",279-89-7236,qfisher,Joshua Andrews,martinezanne@yahoo.com,471,-85.4219975,0.988411
A+,318,Moran-Knox,2023-08-28,,873-87-2670,hannah68,Javier Evans,jamieortega@hotmail.com,376,-28.159216,67.96912
O-,1640,"Adams, Lindsey and Ramos",2025-02-25,"593 Jessica Island, New Mary, CT 02531",652-96-4610,sarahbailey,Timothy Mullins,dparker@yahoo.com,122,34.14882,17.105197
AB-,1980,Holland Ltd,2022-07-21,"8776 Mark Wells Suite 062, Washingtonport, NY 59782",379-80-9277,youngjon,Jonathan Love,maria49@gmail.com,168,-89.639932,-174.679107
B+,86,Albuquerque,2022-08-20,"Via Lorena Freitas, 444, Morro Dos Macacos, 91024987 Cirino / BA",58296047101,ijesus,Lívia Vargas,vasconceloslucas-gabriel@hotmail.com,19,5.158074,-85.399968
B+,755,Rogge GbR,2023-01-27,"Sieringstraße 37, 85532 Bischofswerda",979-97-5679,stumpffabian,Ahmed Ladeck,gertzwolfhard@gmx.de,209,-77.734961,106.936216
O+,985,Jimenez Inc,2024-10-15,,729-86-5940,ydyer,David Scott,lcarter@hotmail.com,188,-65.3695095,-122.451451
A+,1768,Fracci-Barbarigo e figli,2024-11-04,"Borgo Romolo, 25, 67028, San Demetrio Ne' Vestini (AQ)",BRGTRT95D64I949Y,tbonomo,Emma Bassi,mirco36@live.com,446,-18.3732455,82.347132
A-,766,Hall-Jenkins,2018-09-26,"49265 Turner Row, East Judy, IN 74013",800-73-1847,cruzsusan,Michael Lee,rebecca60@yahoo.com,436,82.4648605,168.083264
O+,372,Kranz Bolzmann GmbH & Co. KGaA,2025-07-17,"Uwe-Hölzenbecher-Ring 23-58, 56642 Hannoversch Münden",434-71-8070,sebastian71,Gustav Mülichen,sebastiano59@gmail.com,167,74.689304,-4.282015
A+,1909,Alves da Cunha - ME,2023-02-03,,91803754214,lcassiano,Maria Cavalcante,mpinto@bol.com.br,384,,
O+,336,佐藤情報合同会社,2024-11-08,,808-81-1775,taro20,田中 香織,hidekifukuda@yahoo.com,634,24.996509,148.016408
A-,1866,合同会社加藤農林,2019-06-20,群馬県調布市柿木沢24丁目14番11号 皇居外苑パーク542,419-66-5532,dsaito,田中 英樹,kyosuke18@gmail.com,200,17.807141,-107.039587
AB+,1835,Balotelli-Caruso e figli,2025-01-25,"Stretto Maura, 986 Appartamento 15, 73056, Taurisano (LE)",BSSFLV15R59G591X,casinilivia,Ranieri Tiepolo,paoloalfonsi@poste.it,391,-34.227702,51.760813
AB-,1141,da Luz S/A,2020-11-19,"Vale de Ramos, 98, Paquetá, 55577-114 Almeida Verde / RS",65127408902,sarahrodrigues,Cecília Sales,opimenta@hotmail.com,191,7.6281905,-88.760468
AB+,1172,Bruder Hellwig OHG mbH,2019-12-10,"Adelheid-Käster-Platz 156, 32252 Osterburg",074-59-3175,jacquelineneureuther,Sophia Tschentscher B.Sc.,nancysager@hotmail.de,34,66.518599,148.721889
A-,328,Mills Ltd,2021-01-10,"USS Moreno, FPO AP 32080",634-49-9558,pittsmariah,Pamela Brandt,samantha22@hotmail.com,502,-69.3211105,117.869065
O+,1274,"Sanchez, Wood and Zimmerman",2025-04-13,"9429 Tonya Expressway Suite 205, West Alejandroberg, CA 69115",698-68-6624,reeseerin,Amy Hernandez,caitlynrivas@hotmail.com,260,-24.301315,109.835814
AB-,695,株式会社佐々木建設,2021-01-14,兵庫県昭島市北上野23丁目27番19号 山中新田クレスト201,576-92-6528,yumikotakahashi,山本 さゆり,kumikoyamada@yahoo.com,576,35.9890065,72.611013
AB-,808,高橋印刷株式会社,2025-03-01,青森県鎌ケ谷市高輪25丁目17番8号 芝大門パーク791,766-37-9269,hideki99,坂本 幹,hmatsumoto@yahoo.com,7,,
A+,1584,Sousa,2021-05-12,"Viaduto Porto, 874, Biquinhas, 09445782 Costela de Campos / DF",46981503700,santosluara,Srta. Júlia Caldeira,yan06@gmail.com,172,-44.124106,-73.181804
B+,468,Pausini Group,2019-06-07,"Rotonda Mirco, 48, 73049, Ruffano (LE)",BRNFDC70T01B708P,kcalarco,Guglielmo Delle,mmaglio@tele2.it,208,-8.221207,133.972924
A-,1595,Pereira,2019-09-09,"Largo Azevedo, 50, Tupi B, 87291-904 Almeida / GO",65823497164,manuelapinto,Oliver Lima,ana-julia72@uol.com.br,335,-5.429775,113.05334
A-,655,Cardoso Correia S/A,2023-05-09,"Viela Sá, 92, São Lucas, 38868603 da Luz / AM",41523690780,gabrielvargas,Maria Helena Martins,dcaldeira@ig.com.br,342,-48.8773615,66.993791
O-,1617,Donini-Roth SPA,2023-05-30,"Vicolo Ornella, 99, 60036, Montecarotto (AN)",LPPSYV46R03D892V,milenatafuri,Gianluigi Tron-Riccardi,qtrapani@libero.it,475,-22.9001,-95.00696
A-,2089,"Hunt, Wolfe and Rios",2023-07-01,"422 Davis Mountains Suite 049, Jessicatown, TX 28383",023-11-5854,johnpeterson,Andrea Price,ibradshaw@yahoo.com,620,23.086006,-70.151029
B-,157,Cowan Group,2022-09-24,"50965 Smith Mills Suite 869, Andersonport, VT 25707",350-07-2225,frodriguez,Karina Medina,mcneilthomas@yahoo.com,269,17.8821385,-25.461071
O+,1439,Bauer Junk GmbH,2019-07-02,,603-42-3275,etzoldkrzysztof,Carina Sorgatz,roberthartmann@aol.de,467,33.6197605,10.754357
AB+,1673,"Moon, Hancock and Pierce",2025-03-24,"2364 Smith Fork, Parkerton, WV 46229",554-01-0006,tyler80,Kimberly White,jhuff@yahoo.com,550,11.9036645,-140.398014
B+,152,太田銀行株式会社,2021-01-02,,491-77-8357,satotsubasa,山下 結衣,yosuke96@hotmail.com,211,-29.246148,90.476817
AB+,524,Scotto s.r.l.,2022-09-02,,LNZMTD97P03B114O,fiorino33,Sig. Enrico Costanzi,kfolliero@tiscali.it,221,-77.487927,-98.836237
B+,562,Gomes S/A,2020-08-21,"Rodovia Câmara, 29, Santo Agostinho, 38334-368 Oliveira do Campo / MS",23706158426,helena14,Luísa Brito,helena43@yahoo.com.br,568,-11.7117535,95.934244
A-,450,Ginese Group,2023-05-05,"Piazza Tonia, 34, 96011, Brucoli (SR)",TPLSLO02R12G670L,rubertomaria,Licia Donarelli,rapisardieraldo@tin.it,375,52.673081,-63.408496
A-,1959,"Bottaro, Parisi e Mantegazza Group",2020-02-26,"Incrocio Tullio, 89, 47853, Cerasolo (RN)",BTONDA66C17E989S,stellagrisoni,Gabriele Forza,brennagiacomo@gmail.com,512,-51.700895,119.350756
AB-,312,Oliveira,2024-07-01,"Vila Pereira, 5, Gutierrez, 30613717 Porto / PB",61982374519,cda-rocha,Maria Fernanda Ribeiro,vicentedas-neves@bol.com.br,142,5.477619,-142.922957
B-,214,Ortiz Ltd,2025-05-25,"31423 Jessica Shoals Apt. 471, New Michael, AZ 23364",548-17-3112,melissa70,Erica Reynolds,brandy31@yahoo.com,197,-16.8789845,23.336149
B-,934,青木通信株式会社,2019-07-31,新潟県夷隅郡大多喜町藤金22丁目9番8号,847-16-8103,likeda,前田 香織,hiroshi26@hotmail.com,217,-83.031878,-25.382939
AB+,1718,Zobel OHG mbH,2023-05-15,,246-27-5935,christof27,Arne Karz B.Eng.,fheinz@web.de,317,-72.6485875,122.025142
AB-,426,有限会社中島電気,2019-03-17,岡山県小笠原村藤金30丁目5番11号 下宇和田パレス800,404-32-2035,kana24,山田 太一,fujiikaori@hotmail.com,680,-89.7050165,-134.855824
O+,1955,Cannon-Carpenter,2020-11-05,"58444 Stacy Corner, Pattystad, AS 35842",812-73-4666,pcontreras,Miss Angela Moore,melissaallen@hotmail.com,175,36.887564,-28.727688
B+,344,清水水産株式会社,2020-01-10,宮崎県足立区明石町32丁目24番13号 千塚パーク441,235-72-6929,maayaishikawa,遠藤 陽一,sotarosasaki@yahoo.com,491,-38.7525,-31.329592
AB-,701,Aparecida,2025-06-22,"Praia de Costela, 982, Vila Ipiranga, 30963-653 da Paz de da Rosa / MS",45613970270,josuemendes,Daniela Fonseca,pcamara@ig.com.br,394,8.7075235,-15.552247
A+,1085,"Mitchell, Contreras and Pierce",2021-04-07,,234-39-3982,derrickmay,Robert Hawkins,roberthall@yahoo.com,610,78.7754755,118.269419
B-,1492,Thomas-Thomas,2025-07-09,"Unit 4330 Box 9317, DPO AE 44815",217-40-4703,hwright,Kim Morrison,daniellemayo@gmail.com,686,-60.2183135,-106.393754
O+,625,"Morosini, Forza e Tacchini SPA",2022-10-10,"Piazza Margherita, 8 Appartamento 61, 57127, Livorno (LI)",BNVDMC65M51E474O,carneraraffaello,Ramona Barcella,agiannuzzi@live.com,669,33.390901,133.095262
B-,418,Röhricht AG,2018-12-10,"Günter-Conradi-Gasse 20/54, 37997 Holzminden",175-36-7969,sibilla29,Dipl.-Ing. Dietlind Graf,milenalangern@gmail.com,277,84.427552,-165.424629
O+,1398,有限会社池田電気,2023-09-09,三重県長生郡長南町太田ヶ谷19丁目3番19号,128-47-4050,mikiishikawa,山本 美加子,yukiyamaguchi@hotmail.com,456,11.4982845,-118.795244
AB+,1677,Weihmann,2020-11-17,"Silvana-Kranz-Straße 61/70, 32883 Donaueschingen",739-24-6371,oradisch,Wulf Seifert,janettebluemel@web.de,651,44.01755,-126.094452
A-,1432,有限会社中川水産,2019-08-26,徳島県世田谷区浅草31丁目3番19号 独鈷沢パレス773,506-47-2030,manabu92,石井 稔,kazuyaikeda@yahoo.com,693,,
A+,917,Coppola SPA,2021-07-09,"Stretto Isabella, 0 Appartamento 3, 81025, Cantone (CE)",PVNNGL53L46B824X,rmaccanelli,Serafina Zamorani,ifinzi@alice.it,430,-68.4435205,107.294633
B+,1347,Alonzi Group,2023-11-29,,BRNGRM63C48A127Y,ginogentileschi,Cristina Camanni,federicabacosi@gmail.com,48,-39.9824425,-129.871891
O+,757,Stumpf e.G.,2023-07-12,"Gerlachstr. 22, 79292 Kleve",372-47-9399,conradihelen,Kornelia Kranz-Kaul,torben20@googlemail.com,618,55.7553615,5.891273
B-,2118,"Holmes, Rhodes and Hunter",2021-11-29,"572 Barton Motorway, Port Carolfort, CO 58492",280-44-2587,susanbrown,James Curtis,crawfordjoseph@yahoo.com,305,42.3906365,0.294783
AB+,598,Borges,2023-04-05,"Sítio Emanuel Cassiano, 92, Nossa Senhora Do Rosário, 36780-699 Sampaio / PA",54932801670,antonella76,Alícia Rezende,costaalice@uol.com.br,461,-85.528784,155.688752
AB+,1073,Gentilini e figli,2023-09-03,"Via Tosi, 0 Appartamento 71, 64013, Corropoli (TE)",MZZPTZ62R08E111N,eceschi,Riccardo Porzio-Fioravanti,qdonini@tin.it,523,-13.9750675,81.339422
O+,270,Niemeier,2023-06-16,"Martin-Ackermann-Ring 62/70, 41561 Sternberg",045-46-3367,goenueltrueb,Paulina Jungfer,dursunbeier@googlemail.com,365,29.3371795,27.271706
AB+,465,小林保険有限会社,2020-12-15,,164-19-6318,kenichikato,山本 京助,yui01@yahoo.com,25,80.436505,-155.466504
A-,862,伊藤食品有限会社,2019-09-10,埼玉県神津島村中川崎20丁目18番5号,694-84-3114,sotarokobayashi,池田 結衣,taichi05@hotmail.com,176,-87.1948415,-111.737027
O+,1117,Plath Schacht e.V.,2021-12-01,"Södingallee 3982, 69197 Starnberg",719-73-1443,sieghardraedel,Damaris Käster B.Eng.,rosemannjulia@hotmail.de,591,47.579079,111.660731
AB-,2117,Nunes - EI,2019-03-15,,65284371909,moreirasamuel,Helena Borges,eduardoabreu@gmail.com,163,5.900344,-88.783102
AB-,319,Nicolucci-Barcaccia SPA,2021-10-05,"Vicolo Padovano, 26, 09081, Ardauli (OR)",GSPDNT79R41G717B,gaetano65,Benedetto Camiscione,fioravantimichelangelo@hotmail.it,371,-83.1661365,21.537054
B+,1731,Rogers LLC,2020-12-11,,272-67-7806,coopernatasha,Douglas Santos,sarah21@hotmail.com,164,24.9884675,86.319771
AB-,2094,Monteiro,2025-06-08,"Setor Kaique Albuquerque, Coração Eucarístico, 98839-885 Mendonça das Flores / SC",96057248392,xcunha,Rael da Rocha,giovanna18@bol.com.br,260,44.9680455,-110.237477
O+,1056,合同会社鈴木鉱業,2025-07-26,岩手県多摩市長畑14丁目9番3号 氏家ハイツ213,104-47-7228,miki33,田中 淳,shimizushota@gmail.com,717,52.283083,-41.597521
O-,995,Silveira - ME,2020-05-05,"Praia de Dias, 3, Barroca, 03656-010 Freitas / CE",78961325400,nvasconcelos,Leandro Martins,danilo48@uol.com.br,629,-26.6137835,-20.404419
B+,608,藤原食品株式会社,2019-05-27,岐阜県横浜市緑区平須賀36丁目12番7号 シティ神明内382,473-50-6668,atakahashi,石井 篤司,ysasaki@yahoo.com,141,-86.2473325,-146.660586
B-,147,Cianciolo-Flaiano Group,2025-05-10,"Strada Piane, 288 Piano 3, 38080, Strembo (TN)",LNUNPN24T47B246B,ecamiscione,Pietro Gozzi,ottavioborsiere@hotmail.it,183,64.3357375,166.276649
B-,1406,佐藤食品有限会社,2019-11-28,宮崎県新島村外神田40丁目22番13号 シティ長間214,380-13-2646,qyamashita,田中 拓真,xsaito@hotmail.com,733,78.974283,-173.767746
AB+,1675,Pires Porto Ltda.,2022-01-14,"Chácara Castro, 21, Esplanada, 16358860 Dias do Oeste / ES",91582467030,felipeda-cruz,Laura Mendes,arthur-gabrielcamargo@yahoo.com.br,171,22.1660905,137.452096
AB+,958,Hübel GmbH,2018-11-14,"Ali-Meister-Weg 78/51, 80083 Zossen",319-94-4005,lkobelt,Sandy Harloff,insa41@hotmail.de,396,-11.645765,136.308175
AB+,1109,Barth,2022-01-31,"Wagnerweg 74/59, 17630 Ebermannstadt",267-64-9358,ioannisbauer,Gerhart Rosenow,cdippel@aol.de,279,,
B-,274,"Hudson, Pearson and Richmond",2024-06-10,"798 Billy Stream, New Josephchester, SD 79318",891-55-7218,austin22,Gabriela Gordon,dhayes@hotmail.com,124,79.936758,46.271107
O+,900,"Martin, Perez and Campos",2019-11-23,"735 Jacobs Ports, Transide, UT 69675",421-70-9473,normansergio,Jerry Manning,priceamanda@gmail.com,410,-23.7485335,-42.399961
B-,1644,"Knight, Dixon and Schroeder",2025-03-09,"9678 Jill Union Suite 928, Ashleychester, FL 44737",448-45-7813,westcatherine,Nicole Cook,sarahhernandez@gmail.com,93,-39.245613,80.582829
O+,466,Paffrath AG & Co. KGaA,2020-10-31,"Alicja-Tschentscher-Gasse 833, 73935 Meiningen",661-57-2158,klaus-peter31,Ali Vollbrecht,fritschanna-lena@gmail.com,431,,
A-,988,Vargas,2024-01-26,"Passarela Milena Nogueira, 135, Grotinha, 15297754 Porto / MA",50137498241,maria-luiza31,Dra. Bianca das Neves,pvieira@ig.com.br,625,-27.7312605,-20.666942
AB+,1331,Girschner,2023-03-25,"Trubweg 3, 62084 Burg",559-12-4709,lbeer,Hans-Helmut Fliegner,dkaester@aol.de,684,9.1749025,90.575815
A-,1940,合同会社田中建設,2019-02-21,北海道清瀬市港南24丁目7番18号 台東コート179,423-17-7502,nsato,斎藤 直人,kenichikobayashi@gmail.com,127,60.786129,-5.988828
AB+,341,西村農林合同会社,2025-09-08,鳥取県狛江市湯本塩原33丁目15番19号,048-60-3175,itoakemi,藤田 香織,kazuya31@hotmail.com,713,,
A+,124,Borsiere-Cavalcanti Group,2025-02-27,,VDOLVR74B05E813X,orlando54,Daniele Pirelli,marina04@gmail.com,177,-36.39885,-77.313841
A+,1812,Campos - EI,2021-09-17,"Via Leão, 38, Bela Vitoria, 65321-137 Oliveira Grande / PI",10473956225,isabelalima,Helena Novais,ana-julia51@uol.com.br,349,-25.832572,-99.387204
O+,1746,Souza,2022-05-20,,78314652008,pedro-henrique62,Daniela Santos,samarcelo@hotmail.com,392,-71.3912465,175.023963
O-,561,Bruder Mentzel GmbH & Co. KGaA,2020-01-03,"Steven-Bähr-Gasse 170, 56829 Wesel",065-25-9087,claudio49,Stella Gehringer,butteelenore@gmx.de,141,-12.118758,153.048578
A-,1282,株式会社田中情報,2022-11-30,群馬県四街道市大京町15丁目9番8号 パーク東大和町260,141-12-9831,fujiikaori,山田 裕樹,kobayashiminoru@hotmail.com,290,75.2375555,-60.636669
O+,647,Freitas S.A.,2019-12-15,"Estação João Lucas Garcia, 88, Saudade, 93592650 Melo de Gomes / SE",83074625929,wdas-neves,Yasmin da Costa,diogojesus@hotmail.com,144,7.959153,73.071622
O+,234,Wagner AG,2024-03-27,"Löfflerstr. 3-3, 68648 Lichtenfels",330-39-5307,ewarmer,Katherina Pärtzelt,mattias10@gmx.de,150,-82.273595,174.084575
A+,1680,佐藤銀行有限会社,2023-12-06,千葉県福生市柿木沢新田38丁目26番9号,388-85-7734,nishimuramanabu,伊藤 花子,nsuzuki@hotmail.com,324,38.182897,60.562319
A+,1411,Freudenberger Zobel AG,2019-09-18,"Oscar-Drub-Gasse 7-3, 21927 Arnstadt",088-48-1051,joachim56,Kazim Nerger,olaf41@hotmail.de,480,-50.1041665,-99.171046
O+,1793,高橋鉱業株式会社,2020-09-28,北海道北区日比谷公園3丁目6番18号 コート中小来川816,531-05-9677,ctanaka,岡田 晃,maayasato@hotmail.com,560,-20.735583,173.544283
AB+,216,鈴木運輸合同会社,2023-12-02,,527-22-8732,yoichikondo,松本 学,gsato@gmail.com,688,-33.7718115,-141.143077
AB+,344,Simmons LLC,2024-11-12,"27927 Alice Mission, East Jennifer, WV 66805",418-04-6259,valenciamike,James Daniel,ericbutler@gmail.com,649,-29.7781165,58.609396
O+,1304,"Cainero, Juvara e Bompiani e figli",2019-03-27,"Viale Goffredo, 39, 98027, Allume (ME)",PTRPRI76T43L508W,steingilberto,Dott. Pierina Cociarelli,cavalcantiilaria@gmail.com,358,40.605451,9.059749
A-,1207,Flantz,2019-02-03,"Rohlederstraße 5/4, 36237 Witzenhausen",942-00-2479,hpieper,Friedericke Otto,ptrub@yahoo.de,41,-52.15166,58.449778
O+,1885,Peixoto,2022-08-16,"Colônia de Novais, 967, Mineirão, 12101368 Fogaça / PI",38741509684,julia60,Ana Vitória Cirino,sarah05@yahoo.com.br,274,-89.655534,149.846703
A+,1076,"Davis, Hansen and Fowler",2022-12-27,"246 Danielle Ramp Suite 984, Pattersonland, ME 01103",227-58-3059,gskinner,Juan Stevens,robertsdonald@gmail.com,313,-60.223724,128.791231
B+,868,Anderson Group,2022-07-22,"362 Bryan Centers Suite 496, Jonesborough, NY 55274",044-49-3078,smithdavid,Carol Davis,lopezjaime@gmail.com,305,-81.12602,65.086938
AB+,847,Binaghi-Barsanti e figli,2023-07-04,"Contrada Pompeo, 477 Appartamento 76, 86027, San Massimo (CB)",FRRMCA26M43E711N,xdurante,Rosa Pasqua,pierangelogaleati@libero.it,178,-25.3163775,-23.022099
AB-,1236,"Miller, Hall and Roberts",2022-12-12,"Unit 8806 Box 1610, DPO AA 37651",261-65-4160,duncanlisa,Renee Lewis,christy93@gmail.com,585,-74.267267,134.600231
B-,444,Iannucci-Giusti Group,2019-10-15,"Incrocio Praga, 670 Piano 1, 10077, Malanghero (TO)",MNTDLS17E31L599N,yortolani,Greca Folliero,vferraris@tele2.it,743,,
AB+,491,Powers and Sons,2023-05-27,"PSC 7179, Box 1552, APO AP 68477",128-83-7505,paulvega,Robert Day,phyllis65@hotmail.com,692,-17.5018695,-22.377005
B-,1300,da Mata Peixoto - EI,2022-05-17,"Morro Aragão, 367, Lourdes, 49883-647 Garcia Verde / MT",71806392496,alveshenry,Hadassa Oliveira,maria-alice22@hotmail.com,9,-87.2043275,59.644793
O-,325,合同会社斎藤鉱業,2022-11-19,沖縄県御蔵島村上広谷39丁目9番4号 コート四番町615,247-67-2358,lshimizu,伊藤 康弘,kenichimatsuda@gmail.com,204,-50.5979525,19.29475
AB+,525,加藤運輸合同会社,2022-04-04,長崎県神津島村東大和町42丁目6番11号 今戸パレス457,741-41-6073,junabe,森 里佳,taichi84@gmail.com,627,43.7892825,44.40846
O-,1044,Peixoto Moreira S/A,2020-02-19,"Pátio Barbosa, 9, Vila Nova Cachoeirinha 3ª Seção, 83966098 Fernandes do Sul / MA",84563190748,diegofogaca,Guilherme Porto,castromaria-liz@hotmail.com,90,-11.481264,68.705693
AB+,1156,Hölzenbecher,2020-01-23,"Caterina-Davids-Platz 4/1, 34227 Niesky",919-74-2520,andrebarth,Engelbert Söding,maya93@gmail.com,372,-86.388166,-95.566086
AB+,1174,Tlustek Benthin GbR,2023-01-24,"Karl-Peter-Faust-Platz 45-66, 02326 Sulzbach-Rosenberg",391-46-6292,roswitha41,Hildegunde Steckel MBA.,gkarz@web.de,119,44.955428,-154.350153
B+,858,Tamborini s.r.l.,2019-10-24,"Borgo Calbo, 84, 21032, Caravate (VA)",MRZCTN75H07I698M,beppefoa,Berenice Bettoni-Renier,esegni@libero.it,691,-27.234721,-147.594987
A-,1442,Mendes Cardoso - EI,2021-03-05,"Condomínio Brayan Mendes, 7, Vila Paquetá, 24511-037 Sousa das Pedras / PI",52371069434,casa-grandemaria-julia,Cecília Martins,luiz-fernandocamargo@hotmail.com,272,-68.2426115,33.394893
AB-,1511,Pastor Nunes S/A,2025-08-09,"Colônia Martins, 196, Vila Madre Gertrudes 4ª Seção, 66352322 Costa do Campo / DF",57312094643,vitor-gabrieloliveira,Thiago Machado,maria-sophiapastor@gmail.com,685,-62.7936715,-118.952796
A+,2068,Walls-Cunningham,2025-07-05,"105 Stevens Key Apt. 290, West Charles, OK 59994",472-63-2922,ehuerta,Susan Rodriguez,jennifer81@gmail.com,43,-36.0587235,12.851984
O-,1783,"Manzoni, Luciani e Pagnotto e figli",2024-04-25,"Viale Marcantonio, 884 Piano 6, 23890, Barzago (LC)",MNCLBT11M63H240L,santigemma,Giustino Cristoforetti,mariana12@virgilio.it,381,51.4940595,31.759836
B-,1830,Scandone-Bragaglia e figli,2019-04-30,"Piazza Ansaldo, 72 Piano 9, 63843, Montottone (FM)",NTTBRC07H21B984A,benedetto26,Angelina Migliaccio,achille77@virgilio.it,704,3.695037,-92.574173
B-,1084,Pinamonte-Garrone e figli,2019-10-01,"Contrada Sabatino, 7, 26049, Stagno Lombardo (CR)",NTTSLV10L55D578E,francesca09,Annalisa Brenna,fedele65@yahoo.com,250,-81.9021815,60.659908
O+,2088,合同会社松本農林,2023-06-22,北海道小笠原村神明内2丁目5番3号,563-62-2845,matsumotosayuri,斎藤 裕樹,ssuzuki@gmail.com,263,45.9581115,-57.871933
A-,42,Kobelt,2021-12-12,,460-91-8089,andrey68,Franka Huhn,h-dieter95@gmail.com,571,-19.1586535,-123.438089
B+,2016,田中鉱業株式会社,2023-07-10,,029-42-5045,yamamotohideki,山崎 陽子,manabunakamura@yahoo.com,665,-13.265269,4.542639
B+,1948,Liebelt KG,2022-07-07,"Stella-Börner-Gasse 82-99, 87824 Monschau",351-25-1701,tassilo97,Frau Wendelin Butte,strohtony@aol.de,707,58.6259095,-171.35305
A+,1742,Scheuermann,2019-12-11,"Hethurallee 79/64, 52813 Rehau",061-53-7198,henrischuchhardt,Susana Ullmann-Hartmann,fischereitel@hotmail.de,570,-4.8615285,-149.188887
A+,1516,Heidrich,2023-01-07,"Sigurd-Juncken-Straße 2, 12807 Schongau",778-68-3281,tiloritter,Hans-Hinrich Bloch,sophia14@hotmail.de,550,26.5357275,106.07014
AB-,1500,"Foster, Garza and Shannon",2023-09-25,"PSC 5205, Box 8046, APO AP 45556",824-67-6117,wagnerwilliam,Kristin Gonzalez,meagan48@gmail.com,387,74.6109095,136.764611
A+,311,Birnbaum,2022-09-21,"Hedi-Hübel-Allee 2397, 59469 Strausberg",108-76-0208,korneliadavids,Univ.Prof. Frithjof Süßebier,xsteuer@hotmail.de,417,32.626106,-179.627258
AB+,730,Correia,2021-06-25,"Passarela de Lopes, Dona Clara, 09011-663 Costa de Minas / RN",01957643820,antonellasilveira,Srta. Kamilly Andrade,camaramariana@uol.com.br,292,-58.059677,-154.531437
B-,98,"Hall, Vazquez and Diaz",2022-07-30,"083 April Extensions, Hillbury, AZ 02875",185-60-7332,michelle58,Lisa Baker,danielrasmussen@gmail.com,242,80.917741,87.876329
A+,263,Wulf GmbH,2025-08-29,"Lindnerstraße 95/15, 38208 Demmin",037-74-8179,cbeier,Leszek Kabus,heinrichzeki@yahoo.de,26,-9.0976175,25.411251
B+,226,山田水産株式会社,2021-03-06,大分県横浜市瀬谷区土沢7丁目6番15号,705-62-2355,ryoheimatsumoto,鈴木 淳,suzukiyumiko@gmail.com,170,-26.076851,-141.318019
B+,0,Walters-Diaz,2024-11-05,"674 Dennis Ridges, Martineztown, PW 13645",880-08-6486,jimmydixon,Joshua Jones,vwright@yahoo.com,411,-38.554129,-170.565794
AB+,1855,Kroker,2021-04-02,"Köstergasse 35/50, 68884 Kronach",977-12-6072,florch,Ing. Adalbert Koch II B.Eng.,lhornich@web.de,508,5.294882,-4.541538
A-,1673,Kelly and Sons,2022-08-08,"0783 Burke Spur Apt. 353, Reeveschester, HI 80470",324-30-0453,mirandajesse,Teresa Morales,amy58@hotmail.com,311,-65.8128885,73.253679
O-,1445,Jennings Group,2020-11-18,"5577 Leslie Motorway, Hannahland, UT 02107",188-48-3325,jamesjoseph,Courtney Howell,rosssharon@gmail.com,488,13.390657,110.371292
B+,872,Kraushaar AG,2020-07-30,"Guido-Zahn-Platz 974, 52630 Monschau",245-05-4553,zorbachheribert,Gertrud Tintzmann B.Sc.,junkenhelge@googlemail.com,535,16.2529345,7.281195
A+,1105,Machado,2020-02-06,"Jardim de Barbosa, 6, Vila Nossa Senhora Do Rosário, 98194-307 Dias do Amparo / MS",25678409158,laurasampaio,Vinicius Monteiro,leaoluana@yahoo.com.br,307,18.202998,102.20755
AB-,925,Brunello Group,2025-09-16,"Viale Biagio, 571, 31049, Bigolino (TV)",ZMRMRA53R06B187Y,pompeo56,Vincenzo Botta-Pedersoli,teresaalbertini@libero.it,67,-62.4311705,-166.031483
A-,194,Marks-Delgado,2021-01-17,"5404 Rodgers Centers, Carterbury, MT 77882",337-60-6764,garciakim,Thomas Gutierrez,hodgesbruce@yahoo.com,128,76.4473335,15.484714
AB+,2094,Jacob,2022-10-22,,528-73-8069,wally31,Niko Pärtzelt,adlerdorothea@hotmail.de,324,-78.6284435,76.27746
O+,1936,Hart-Soto,2022-02-06,"4550 Stephanie Lodge, South Danielle, MH 93263",252-28-9276,andrealuna,Paula Hayes,john53@gmail.com,453,37.9548965,48.755749
AB-,719,合同会社伊藤情報,2025-04-13,山梨県立川市東上野21丁目24番10号 皇居外苑コート478,581-07-1784,mkato,高橋 康弘,nakamurataichi@gmail.com,220,,
O-,1964,Schleich GmbH & Co. OHG,2021-03-30,"Heribert-Hornich-Ring 90, 63951 Sonneberg",379-73-3767,benkraushaar,Univ.Prof. Tomas Hörle,ilija09@yahoo.de,185,75.402623,-122.786825
O-,310,Costa,2021-01-20,"Morro Lucca Gonçalves, 13, São Gabriel, 04424276 Albuquerque de Albuquerque / RN",30259784656,antonioferreira,Valentina Martins,da-pazpietra@gmail.com,632,0.065089,-25.195333
AB+,1012,合同会社近藤建設,2024-09-02,青森県羽村市轟22丁目27番3号,436-15-2230,yutasuzuki,青木 舞,vyamada@gmail.com,737,-5.837477,-135.496305
B+,193,有限会社高橋情報,2020-02-09,茨城県長生郡睦沢町津久戸町17丁目16番18号,870-12-9298,lfujita,藤原 学,asukakato@hotmail.com,105,-79.4203055,-76.042719
A+,486,Koch Neuschäfer AG & Co. KGaA,2021-11-02,"Hellwigplatz 4, 74688 Meißen",098-60-9738,marcella43,Erdal Schweitzer,drewessvenja@web.de,632,-84.530263,-21.751289
O+,1468,Ramos,2019-05-26,"Residencial Samuel Costela, 86, Vila Suzana Segunda Seção, 49763752 Aragão / BA",68947210331,pietra25,Marcela Pinto,asafe13@hotmail.com,321,-75.3942175,59.748391
A+,1536,"Valguarnera, Lamborghini e Montanelli s.r.l.",2018-10-16,,MRSLNR07B21A706H,orazio53,Ramona Tolentino-Nitti,guglielmorinaldi@outlook.com,722,-81.3878825,40.065267
A-,1569,Kambs Vogt GmbH & Co. KGaA,2022-06-13,"Heßplatz 9/4, 90626 Mainburg",981-91-5879,iullrich,Abdul Barth,textoramalia@aol.de,610,59.3885435,-77.03106
AB-,931,"Rizzoli, Murri e Zarlino s.r.l.",2020-05-30,"Canale Giacomo, 74, 25017, Centenaro (BS)",CVLSLV21L49A733F,orusso,Dott. Ricciotti Saragat,dianarizzoli@hotmail.com,130,58.3226665,6.203162
B-,1377,Vargas - ME,2025-01-12,"Via de Azevedo, 854, Vila São Paulo, 37028-274 Cavalcanti / SE",58734129014,souzahellena,Dra. Laís Fogaça,liviapimenta@gmail.com,353,30.088659,104.917164
B+,604,株式会社鈴木鉱業,2024-01-16,徳島県東大和市中三依7丁目23番4号 所野パレス704,094-02-7450,mikitakahashi,伊藤 直子,pgoto@yahoo.com,307,0.9509405,-40.411919
B+,1574,村上運輸合同会社,2023-06-04,鹿児島県東村山市丸の内ＪＰタワー30丁目20番6号 木立コート738,808-07-8507,minoruogawa,中島 里佳,matsudayumiko@yahoo.com,16,25.437947,-75.513995
O+,316,Bellucci-Pacetti Group,2019-04-18,"Borgo Massimo, 1 Piano 6, 28019, Baraggia (NO)",BNGMRL77D70A766G,ermes18,Dott. Licia Jovinelli,rosariomazzanti@fastwebnet.it,27,-85.034767,161.411691
AB+,1934,Druso-Zola Group,2022-03-01,"Rotonda Goldstein, 71, 47028, Balze (FC)",STNRLD56C46H639I,giannottinapoleone,Erika Bossi,zspanevello@hotmail.it,596,54.858118,-121.434213
B+,1007,Marques Ltda.,2024-07-25,"Pátio de Siqueira, 54, Conjunto Minas Caixa, 92616170 Moreira / CE",41725390841,hcosta,Ana Cecília Nogueira,pedro66@bol.com.br,353,22.826089,-75.978681
B+,1571,"Allen, Garza and Horn",2024-09-20,"52856 Linda Key, Port Nicholasstad, VT 24810",260-37-2772,lhill,Lauren Jennings,tamaraprice@hotmail.com,610,18.239321,34.890032
A+,2128,Stadelmann,2025-07-04,"Kitzmanngasse 4/6, 76171 Stade",417-54-4525,walentina86,Irmgard Beckmann,adalbertreising@web.de,403,-20.4301375,60.398148
B-,169,Vieira Melo - ME,2022-04-26,"Fazenda de Abreu, 6, Vila Copasa, 50271-812 Albuquerque das Pedras / DF",27158603903,bcorreia,Sr. Paulo Rodrigues,ana-liviarodrigues@yahoo.com.br,380,-67.1952585,-138.172885
AB-,373,"Flores, Jones and Jones",2025-02-04,"50938 Kaylee Lake, South Kimberly, IA 31763",107-40-9765,oscarhill,Kimberly Shelton,boydtracy@gmail.com,298,11.1882885,140.160881
B+,580,Mccoy-Davis,2019-09-02,,308-63-1720,idaugherty,Jordan Williams,cmclaughlin@hotmail.com,306,2.891954,-45.957846
O+,2056,Borges Freitas S.A.,2022-05-27,,35217460970,eazevedo,Amanda Mendonça,luigidas-neves@uol.com.br,312,-1.9839585,-82.362803
A+,1596,Peixoto,2019-12-10,"Sítio de Teixeira, João Paulo Ii, 64283-395 Moura / RN",97218435637,renan33,Sra. Ana Beatriz Sá,nsilva@ig.com.br,729,-68.2773165,-147.053798
AB+,594,Pratt Group,2024-03-31,"8455 Parker Ports Suite 167, Branchshire, IA 17119",362-85-2828,michael72,Tiffany Beck,lnicholson@gmail.com,23,-62.0334135,12.973564
AB-,1595,Abreu,2024-10-25,"Passarela Sarah da Costa, 25, Corumbiara, 93851-393 Pacheco / RO",68205341915,nina67,Bento Pastor,mendoncaclarice@yahoo.com.br,216,30.7327815,22.303253
O-,1382,Oliveira,2021-12-10,"Recanto Emilly Carvalho, 30, Conjunto Jatoba, 20855-786 da Rosa / MT",95270846101,pachecoluigi,João Miguel Novaes,krezende@bol.com.br,672,33.7567285,106.376666
AB+,1941,Delgado Group,2024-09-21,"49354 Johnson Lodge Apt. 348, Hodgesfurt, CT 32064",290-86-5429,rjackson,Samantha Reynolds,fmorgan@gmail.com,270,6.2254585,-123.978471
A-,1473,Brito Andrade S.A.,2020-11-07,,69381245746,monteiroisabela,Kevin da Mota,garciamatheus@bol.com.br,549,6.45237,5.162838
AB-,1325,Vargas,2024-04-28,"Favela da Rocha, 625, Conjunto Jardim Filadélfia, 71927301 Moraes de Costa / MG",90765328186,dcostela,Yago Oliveira,andradelevi@bol.com.br,66,41.218059,-28.612076
A+,1937,Fogaça,2023-10-22,"Loteamento Casa Grande, 81, Conjunto Providencia, 20097087 Cavalcanti do Sul / AM",46091523716,mariacosta,Isaac Martins,isabelaraujo@hotmail.com,469,-10.299358,142.148021
AB-,987,近藤情報株式会社,2024-03-21,大分県川崎市川崎区独鈷沢10丁目18番13号 シティ東三島397,194-19-5605,kaoritanaka,岡田 英樹,yoichikimura@hotmail.com,704,63.4098325,99.696745
B-,581,合同会社木村建設,2020-03-30,茨城県葛飾区隼町42丁目18番19号 花川戸パーク524,206-50-7528,sasakimikako,高橋 舞,itojun@yahoo.com,653,-62.388612,25.308708
O-,381,Tran Group,2019-11-01,"4120 Jones Highway Apt. 711, Sampsonbury, FL 94249",091-78-8807,kelly15,Jeffrey Lambert,cwhitney@yahoo.com,607,37.923994,-140.775806
B-,1543,Parker Group,2021-02-05,"014 Ricky Lights Suite 392, Lake Gregory, IN 51534",265-10-6264,robert35,Brett Torres,hannah82@yahoo.com,187,39.206643,114.875238
A-,208,Siqueira,2024-10-20,"Alameda de Duarte, 6, Barreiro, 83342207 Nunes das Pedras / AM",36841075900,silvamatheus,Camila Nunes,maite13@uol.com.br,428,57.8742755,-41.110873
A+,1109,da Paz - ME,2024-11-12,"Viela Heloísa Mendes, 4, Novo São Lucas, 72570-289 Pereira / CE",87145690276,santossara,Vinicius da Mota,das-nevesallana@uol.com.br,292,-26.2699455,-54.171845
AB+,1269,株式会社西村ガス,2023-04-21,長野県川崎市高津区平須賀12丁目11番20号 パーク脚折町896,105-46-0087,yui36,高橋 治,kanamatsumoto@gmail.com,729,-33.8615945,163.035365
B-,728,Flantz Schweitzer e.G.,2018-10-16,"Kuschallee 26, 68470 Gadebusch",685-92-6856,beyerella,Valerij Dietz,pergandeandre@web.de,521,64.2330865,-50.275329
AB-,2080,"Zaguri, Ziani e Odescalchi s.r.l.",2021-08-07,"Piazza Giuliano, 68, 33081, Aviano (PN)",CLLMTT60P61I831P,ignazio01,Patrizia Peruzzi-Interiano,bgaliazzo@vodafone.it,581,-79.795382,132.177327
AB+,202,Silveira,2021-03-12,,10829735488,sarada-costa,Ana Liz Viana,vianaleonardo@hotmail.com,318,-9.7702745,-65.027992
AB+,1766,Steckel GmbH & Co. KG,2019-04-26,"Schleichgasse 2, 97051 Uffenheim",993-50-5528,siegried88,Christa-Maria Kabus MBA.,naserernst@aol.de,433,72.7642135,78.328771
A-,487,Lopez-Drake,2024-02-04,"828 Barnes Vista Apt. 710, Pottstown, NE 28597",475-30-2468,jprice,Regina Brown,achapman@hotmail.com,56,27.9718305,35.936852
O+,1424,Prodi e figli,2020-03-24,"Via Bergoglio, 26 Appartamento 63, 22079, Villa Guardia (CO)",RRGRNZ33P68B481C,marcelloargenti,Sig.ra Paloma Lombardo,gbarracco@poste.it,113,-2.296936,37.79835
AB-,111,Mondaini-Baresi Group,2019-03-16,"Strada Saverio, 699 Appartamento 2, 34170, Oslavia (GO)",STNCRN68A24F168J,vendittipierpaolo,Amanda Cutrufo-Beccaria,bmanacorda@poste.it,398,-4.9756555,174.658108
AB+,970,Costa,2019-08-06,"Setor de Fonseca, 6, Vila Santa Monica 1ª Seção, 85775827 Pinto de Goiás / AM",90187452350,apeixoto,Lucca Gonçalves,araujofrancisco@yahoo.com.br,264,69.6762015,136.313072
O-,609,Long Group,2024-06-03,"10352 Wendy Land Suite 510, Shawnmouth, ME 99580",247-54-3629,daniel40,Darryl Thomas,qwarren@hotmail.com,84,-12.365682,-29.791487
O+,1660,"Gonzalez, Jensen and Walker",2022-05-11,"017 Clayton Underpass, Moorestad, VA 02486",156-50-7449,gutierreztroy,Derrick Bowman,wfarrell@yahoo.com,1,75.297885,80.309087
B+,998,"Donati, Onio e Caracciolo e figli",2018-10-05,"Canale Mondaini, 78, 71011, Apricena (FG)",NNTDRA09T19B392W,luciana18,Guido Mazzeo,greca43@tele2.it,674,89.2509675,-136.608728
B+,2041,Basadonna-Vergerio Group,2024-04-29,"Borgo Mascagni, 8, 94014, Villadoro (EN)",TRPDNI75R18B729A,alessio15,Dott. Michele Monduzzi,milo38@virgilio.it,99,45.3585,29.514574
A-,1235,合同会社石川銀行,2021-03-04,茨城県港区筑土八幡町16丁目7番7号 美原町ハイツ531,219-09-7119,maaya90,山本 京助,kenichi71@yahoo.com,740,59.8231585,-102.669434
O-,1937,Abba Group,2021-07-23,"Borgo Lazzaro, 94 Appartamento 18, 28813, Bee (VB)",RCCGRC78D42D006N,martino57,Alessandra Antonioni-Bodoni,gcorbo@vodafone.it,373,55.641917,-30.312209
O-,473,"Tomasini, Schiavone e Barozzi Group",2024-04-10,"Vicolo Carlo, 84, 71034, Castelnuovo Della Daunia (FG)",BLLMND66H17I220S,alderanocarpaccio,Erika Verri,achillecolletti@alice.it,288,,
A-,2017,Süßebier GmbH,2023-03-22,"Ehlertstr. 90/57, 77536 Erding",715-54-4135,meikeroehricht,Cilly Fechner,kenneth88@googlemail.com,409,-7.988065,44.554082
B-,265,Raurica-Paltrinieri SPA,2023-06-17,"Borgo Andreotti, 79, 66033, Castiglione Messer Marino (CH)",TRPMNL83B59G164Q,fcapecchi,Puccio Giannuzzi,faustopedroni@alice.it,197,-64.5336925,139.986722
A+,1155,da Rocha - EI,2021-04-06,"Passarela da Cruz, Conjunto Paulo Vi, 63984-452 Sales / AP",74850163262,davi-lucca29,Luiza Nascimento,davi25@hotmail.com,635,18.834892,75.802014
B+,94,Pitts-Jones,2024-10-05,"883 Melissa Club, South Nancy, TX 36838",027-20-8129,nicolecastro,Laurie Guerrero,ericlong@yahoo.com,695,35.0352325,-29.442851
B+,339,Cheda-Curci e figli,2020-03-24,"Contrada Clelia, 6 Piano 1, 90043, Camporeale (PA)",ZMPNTN14H13E921E,pucciogeraci,Sig. Giuliano Pennetta,fibonaccinedda@virgilio.it,240,,
A+,1440,"Moore, Hill and Martin",2022-08-10,"PSC 4938, Box 4431, APO AA 86743",850-93-4707,jennifergross,Erica Villanueva,pmaddox@yahoo.com,620,57.3052685,-43.323729
AB-,147,"Giulietti, Sanudo e Milanesi SPA",2025-04-08,"Rotonda Terragni, 97, 24044, Sforzatica (BG)",DDUSNR90R47D686Q,zrespighi,Sig.ra Diana Camicione,roccocociarelli@live.com,149,-85.1926585,-30.288938
AB+,1683,加藤印刷合同会社,2025-03-08,京都府横浜市中区白金台21丁目16番16号 ハイツ外国府間076,555-37-3394,tomoyaikeda,林 真綾,nsato@hotmail.com,105,-84.162046,-125.13564
AB-,1636,合同会社村上電気,2025-09-06,三重県匝瑳市上野公園15丁目4番17号 クレスト西浅草195,313-03-0125,bsuzuki,三浦 裕太,iota@yahoo.com,362,74.8987815,164.424267
B-,2144,"Pareto, Barese e Anguillara s.r.l.",2020-05-18,"Rotonda Calogero, 96 Appartamento 1, 65020, Castiglione A Casauria (PE)",VRGRTR80D43D764G,sjacuzzi,Laura Pavarotti,zbarzini@gmail.com,736,82.2503065,-30.750044
B+,507,Cesarotti s.r.l.,2024-07-20,"Stretto Orlando, 5, 27047, Montecalvo Versiggia (PV)",FRRRNT86M19E737S,delfino27,Ramona Rizzo,bajardiraffaello@outlook.com,22,-2.396922,-106.875562
O+,1036,Mosemann GmbH & Co. KGaA,2025-09-14,"Krausweg 4/2, 08681 Kelheim",994-62-7960,xlindau,Bernhard Eberhardt,elfi32@aol.de,10,-72.393216,-89.956213
B+,1402,Wohlgemut Steckel GmbH & Co. OHG,2023-06-23,"Heintzegasse 53, 01255 Crailsheim",609-85-0870,putzcarmela,Romy Winkler,jesselfreddy@web.de,702,-28.0693165,-112.798198
O+,265,Rust GbR,2021-11-13,"Fiebigstraße 62/95, 25986 Gera",682-60-6512,pgumprich,Rosi Weiß MBA.,mkade@yahoo.de,324,24.903047,-12.27674
B+,1208,佐々木水産株式会社,2023-11-28,奈良県八千代市東上野23丁目7番19号 台東コート404,620-35-5317,satomi64,岡田 幹,pwatanabe@hotmail.com,569,-74.3385305,58.770891
AB+,1945,Löwer,2021-03-23,,984-50-4334,csaeuberlich,Dr. Klemens Mende B.Sc.,gunpfandreas@gmail.com,724,-53.3205525,-29.230318
O-,1293,中村銀行有限会社,2020-10-17,福井県横浜市鶴見区一ツ橋34丁目14番7号,590-16-9389,osamusasaki,斎藤 裕美子,ysasaki@hotmail.com,0,62.8624315,-28.716031
A-,779,Ortiz-Walker,2021-05-25,"6558 Hahn Parkways, Port Lynnview, PR 94963",401-04-3803,michael70,Alisha Austin,yriley@hotmail.com,448,55.8671775,90.92945
AB+,1228,Jacobi Jäckel Sauer AG,2019-08-12,"Miesweg 70, 66215 Ludwigslust",339-09-7469,iloechel,Frau Alena Baum MBA.,goenuel62@yahoo.de,270,-49.5051555,-122.262259
O-,1182,藤原情報有限会社,2019-01-13,大阪府夷隅郡御宿町下宇和田22丁目21番1号,690-05-9561,manabu38,石井 里佳,satonaoko@yahoo.com,149,-36.259872,47.819709
O-,836,"Bernetti, Turati e Juvara e figli",2022-05-25,,CMRPRI34C48I174P,sylviavergassola,Coriolano Conte,pucciofilippelli@hotmail.com,608,-6.269252,163.825002
AB+,1231,Pieper AG & Co. KG,2019-11-29,"Röhrichtstraße 8374, 26812 Burglengenfeld",437-63-1981,hoefigernst-august,Hans Mülichen-Hein,stiffelxenia@aol.de,140,-86.3881245,-86.085447
O-,1319,Wells-Cox,2018-10-29,"8453 Eric Mall Suite 882, Lake Sallymouth, LA 12470",298-54-1752,ecarlson,Danielle Torres,patricia64@yahoo.com,327,18.7358365,-110.848769
B-,2148,山口保険合同会社,2018-11-30,大分県練馬区台東24丁目15番6号,255-70-3461,lnakagawa,鈴木 康弘,takahashishohei@gmail.com,449,76.7381925,148.4338
B+,1153,"Molesini, Depero e Trentin e figli",2024-12-29,"Borgo Martina, 157 Appartamento 76, 35122, Padova (PD)",TRTGNR32H43C783D,nicoletta49,Barbara Tosi,giuseppe50@tiscali.it,607,-17.6237755,124.971272
AB+,669,Pinto Abreu S.A.,2023-01-12,"Vale Sales, 91, São Francisco, 82264-930 Rodrigues / RJ",19086354289,melina24,Emanuelly Câmara,ribeirocarlos-eduardo@uol.com.br,306,15.828751,-66.942286
A+,1824,Fiebig Jacobi Jäckel GbR,2024-10-11,"Misicherplatz 774, 46517 Bruchsal",149-14-8507,ramonaroehricht,Jaqueline Linke-Kramer,tgeisel@hotmail.de,295,-81.612131,-165.400396
A+,277,"Sullivan, Burns and Adams",2023-03-07,"653 Kimberly Oval Suite 439, Joeside, WA 77556",557-05-0841,hutchinsonyvonne,Thomas Lee,schneidersteven@gmail.com,744,-58.2678315,-146.5343
O+,2113,株式会社高橋通信,2023-12-05,奈良県君津市雷門7丁目11番7号 パレス押上226,024-76-0521,yumikomaeda,鈴木 くみ子,satoshota@hotmail.com,427,22.3295945,149.116364
B+,1926,Kaul,2021-11-11,"Steinberggasse 795, 55369 Bayreuth",124-77-4812,hellwiglouis,Dierk Weinhold,bscheuermann@googlemail.com,329,30.931923,58.02576
B+,720,Luxardo Group,2018-11-04,"Piazza Brunelleschi, 16, 10146, Torino (TO)",GNTNNN64H58M168D,castelligian,Coluccio Niggli-Pasolini,pacillomaria@vodafone.it,688,9.907894,-51.783362
AB+,319,Drub Adler GmbH & Co. KGaA,2023-03-01,"Lina-Schomber-Straße 2/3, 67828 Tübingen",824-17-3550,hbirnbaum,Bernhard Zänker B.Eng.,hedda34@gmx.de,490,44.894505,-85.940284
O+,1920,Cardoso,2022-12-31,"Chácara de Aparecida, 72, Cachoeirinha, 97228503 Viana / GO",18407692387,jose-pedromoura,Isabel Barros,da-pazlorenzo@yahoo.com.br,291,-34.101023,178.735464
AB-,1475,Camargo Pires - ME,2020-03-20,,42785693000,uvargas,Dra. Sara Sampaio,danilo44@ig.com.br,195,-17.143093,-154.260952
B-,1318,"Guinizzelli, Gussoni e Pistoletto SPA",2025-05-01,,SCLLNA36R18I292N,galasso13,Sig.ra Morena Saragat,dossibartolomeo@tele2.it,239,-1.0530725,3.984762
A-,531,遠藤電気株式会社,2021-03-24,滋賀県西多摩郡檜原村六番町22丁目18番9号 白金台コーポ415,223-26-8442,satomi01,佐々木 香織,osamu15@gmail.com,594,-71.87707,170.486347
O+,476,"King, Le and Prince",2022-06-01,"5905 Heidi Forge, South John, WA 95509",420-54-2687,xjohnston,Maurice Hodges,bautistavictoria@hotmail.com,95,-5.155161,-42.698629
AB-,294,Innocenti-Traetta Group,2023-02-12,"Contrada Vanvitelli, 1, 01038, Chia (VT)",DLLMNL37E52G879V,francomeucci,Rolando Gucci,elmo03@gmail.com,537,-24.4798335,111.961413
AB-,1360,Stoll Scheuermann GmbH,2022-12-01,"Michaela-Gorlitz-Platz 14-61, 85603 Calau",472-87-3920,ohenk,Nurettin Bolander,hilda80@googlemail.com,142,-10.818267,17.443077
O-,962,Franke,2021-05-17,"Luise-Naser-Allee 20, 49468 Flöha",380-65-3777,hildegundconradi,Felizitas Geisler,sergei29@yahoo.de,531,-6.4153445,-97.426804
O-,555,青木水産有限会社,2022-05-03,滋賀県国分寺市高輪33丁目11番4号 前弥六クレスト712,576-38-1200,maaya56,山本 晃,yumiko47@yahoo.com,728,-4.283875,-130.097374
O+,929,青木鉱業株式会社,2025-02-10,佐賀県練馬区氏家35丁目23番9号,602-28-6858,babe,中村 修平,kobayashishota@hotmail.com,483,-56.843709,176.408213
B-,719,Schinke GmbH,2020-05-29,"Schaafweg 86, 33403 Fallingbostel",146-27-9376,luebsdorothe,Abram Gehringer-Wohlgemut,claudiaschenk@yahoo.de,50,-68.921744,-27.107626
B+,429,Roskoth Bloch AG & Co. KGaA,2023-08-04,"Schmidtplatz 59, 70666 Belzig",642-62-5622,bstriebitz,Dr. Christine Eberth B.Eng.,jane64@gmx.de,377,71.976871,67.010412
A+,797,"Ibarra, Anderson and Rowland",2022-02-16,"99470 Kyle Well Suite 900, North Joseph, SC 87606",515-78-5093,michael47,Katherine Blake,andrealopez@yahoo.com,124,-51.1258865,169.92594
B-,69,Gutknecht,2020-03-16,"Heuserallee 5/6, 28370 Borken",334-79-7421,stavrosschaefer,Ing. Charles Stey,catherine41@googlemail.com,499,-52.011089,-70.743995
A+,659,Shelton Ltd,2022-08-12,"177 Erika Estates, East Josephshire, NH 15221",026-09-7093,yedwards,Philip Castro,angela77@yahoo.com,492,-42.7689065,47.926511
B+,1010,Calvo SPA,2021-07-10,"Via Boiardo, 51, 65125, Pescara Colli (PE)",FOXGDI93C28L458L,nittotemistocle,Antonia Filippini,martaproietti@tim.it,383,32.7619005,85.846234
O-,1883,Palmer-Thomas,2020-04-25,"535 William Walk Suite 823, Markhaven, IA 79094",664-45-9638,johnny09,David Gonzalez,migueldiaz@hotmail.com,238,-86.9078585,-77.995422
AB+,340,Pires S.A.,2020-02-08,"Pátio de Castro, 95, Cardoso, 52258742 Marques da Praia / PI",82357960159,nvargas,Sr. João Lucas Vasconcelos,levi60@gmail.com,477,-34.9860495,-73.543893
O-,2090,Hester and Sons,2024-02-10,"68887 Ford Ridges, Elizabethmouth, NV 76879",561-60-9218,edwinwalker,Katherine Carter,kimberlyerickson@gmail.com,164,89.7282945,156.473124
AB-,1873,木村建設合同会社,2019-02-10,群馬県白井市吾妻橋5丁目24番8号 ハイツ筑土八幡町522,505-34-0008,uikeda,木村 淳,minorunakajima@yahoo.com,643,79.684634,82.523357
A-,1517,Albuquerque Rodrigues Ltda.,2020-05-05,,81943652791,bsilveira,Maria Fernanda Andrade,yasmin36@uol.com.br,668,-8.773387,63.674703
AB-,1981,Riehl GmbH & Co. KGaA,2021-09-01,"Mendegasse 45, 82093 Göppingen",525-61-9047,berthatextor,Ing. Andy Plath,berta62@hotmail.de,108,15.2665505,10.91341
A+,272,吉田食品有限会社,2022-08-26,大分県多摩市所野9丁目12番14号 高田馬場コーポ303,305-91-5091,gsaito,加藤 裕美子,yukiyamashita@hotmail.com,455,,
AB+,1958,auch Schlauchin Anders KG,2021-01-08,"Wilfriede-Franke-Weg 38, 71224 Suhl",881-44-0641,kerstinspiess,Dr. Lars Hecker MBA.,darkostumpf@aol.de,470,14.236857,-71.910089
O-,1677,"Novaro, Oliboni e Ioppi e figli",2019-11-23,"Strada Morena, 591, 19121, Laspezia (SP)",BRZTTN90T31G859T,adelmo63,Raimondo Gianetti,gustavo64@libero.it,745,46.163133,116.745358
A-,1580,Kennedy-Walters,2024-03-01,,852-20-3937,matthewmitchell,Thomas Watson,robertsontammy@gmail.com,39,35.9542495,-92.8105
A-,1092,合同会社山下銀行,2023-07-30,佐賀県羽村市藤金41丁目13番15号,398-51-4684,hasegawasayuri,前田 涼平,fmatsumoto@gmail.com,716,36.7973405,-168.357738
A-,404,Vezzali-Tarchetti e figli,2025-08-27,,FNTLDA76H55M253P,torquato47,Marisa Tafuri,adelmo12@tin.it,687,55.077952,20.619734
A+,2113,近藤銀行合同会社,2019-04-06,北海道青梅市今戸21丁目14番7号 コーポ西小来川713,836-96-6401,hidekisato,岡田 真綾,itominoru@yahoo.com,536,-18.074352,24.558846
A+,2112,da Costa,2022-12-02,"Colônia Raul Vieira, 13, Corumbiara, 39350582 Fonseca / MG",32810749604,luna42,Srta. Alexia Santos,pimentasophia@gmail.com,572,-63.1533345,178.59312
A+,887,Weihmann,2023-03-16,,070-48-5054,alexandre66,Amanda Weinhage B.Eng.,luigi19@yahoo.de,743,22.0331225,-53.153312
O+,1646,Farias,2020-12-20,"Fazenda de Aragão, 81, Marmiteiros, 46700407 Caldeira / SC",07419385297,ecunha,Dra. Clara Monteiro,sguerra@hotmail.com,647,0.548043,106.691277
A+,1665,Wiek GmbH,2020-10-18,"Schönlandallee 7/4, 49661 Anklam",953-49-5202,anna-lenajunck,Edith Fröhlich-Ackermann,mstey@web.de,34,-21.497106,39.871662
A-,106,Rastelli s.r.l.,2022-04-09,"Stretto Adele, 7 Piano 7, 89818, Capistrano (VV)",GRGRBT62H29I782W,bettinacurci,Adele Valmarana,hcaboto@live.com,44,-4.0670255,-31.199523
A+,2089,Abreu,2019-01-03,"Lagoa Macedo, 1, Vila Mantiqueira, 25972-129 Oliveira / PR",26543879173,flima,Vinicius Ramos,duarteisabelly@gmail.com,110,-16.419394,158.183045
O-,875,村上運輸有限会社,2023-02-13,長崎県八街市羽折町35丁目21番15号,281-18-5511,rwatanabe,清水 涼平,fukudaakemi@yahoo.com,278,39.77352,33.359814
B+,1069,Lopes,2021-06-24,"Favela Cecilia Correia, Vila Barragem Santa Lúcia, 02337811 da Luz / PA",89732156040,riossarah,Dr. Marcelo da Conceição,asiqueira@yahoo.com.br,5,-80.9145275,6.478957
O+,1080,Viana S.A.,2023-02-25,"Área de Fernandes, Vila Nova Paraíso, 08154-203 Montenegro das Pedras / SP",21705846335,portogustavo-henrique,Lavínia Campos,freitascaio@gmail.com,731,-50.5542975,123.661987
B-,1680,Stiebitz Kostolzin AG & Co. KG,2023-11-23,"Röhrdanzstr. 5-4, 86241 Wernigerode",406-67-7148,arnfried74,Sahin Eckbauer B.Sc.,greuter@aol.de,63,-48.3219965,-1.496749
O-,894,Brito,2019-01-04,"Recanto Viana, 20, Conjunto Jardim Filadélfia, 06225475 da Paz / RS",76152408326,gomespietro,Dra. Ana Clara Oliveira,ljesus@bol.com.br,544,-41.5864245,13.448736
B+,1194,株式会社後藤情報,2020-12-04,岡山県鴨川市六番町35丁目5番16号 筑土八幡町ハイツ807,880-61-9852,osato,斉藤 知実,yamamotonaoto@yahoo.com,537,6.0680005,-111.683161
B+,1629,"Valier, Cociarelli e Finotto SPA",2022-01-11,"Vicolo Stefanelli, 80 Piano 7, 89818, Capistrano (VV)",SLTRMD31S51E067Y,storladirocco,Dott. Allegra Berrè,qmarino@vodafone.it,292,51.533743,158.076585
A+,1896,"Guidotti, Biagi e Terragni SPA",2022-10-03,"Piazza Donna, 3, 00067, Morlupo (RM)",MRCDNT86E56H406L,cesaronisandra,Beatrice Faggiani,giacomettialdo@gmail.com,613,-70.9426805,147.587881
A+,1154,Travis Inc,2019-05-09,,801-29-5016,hernandeztyler,Shawn Gibbs DDS,tscott@yahoo.com,744,-9.3120325,141.04362
AB+,740,Rudolph AG,2019-07-19,"Gehringerplatz 9915, 23630 Anklam",070-81-5543,amude,Dr. Marie-Therese Gehringer B.Eng.,wilmsenheinz-walter@aol.de,271,-7.961844,81.886322
A+,1368,有限会社村上食品,2024-02-03,群馬県香取郡多古町渡辺22丁目18番9号,295-85-9696,tomoya33,渡辺 あすか,akemikondo@yahoo.com,302,-71.759426,-137.052441
AB+,989,Jäkel,2021-07-15,,357-57-0554,akrein,Hanne-Lore Jacob B.A.,kathy28@googlemail.com,257,22.560107,-161.949877
O-,226,Knappe,2019-08-11,"Bendergasse 86/50, 23337 Holzminden",412-58-4596,ztschentscher,Mechthild Kruschwitz,christos47@web.de,350,-37.92041,53.643233
B-,1714,"Martinez, Hayes and Rose",2025-07-18,"388 Aguilar Orchard, Port Tyler, MS 43682",883-09-9982,qnoble,Jacqueline Owens,jnewton@hotmail.com,478,-37.8062185,64.483341
B+,1241,有限会社高橋通信,2019-07-25,長崎県稲城市上高野22丁目13番8号 パレス箭坪356,209-02-6733,hnakamura,伊藤 淳,fujitatsubasa@gmail.com,70,-8.039476,149.698717
O+,798,清水水産有限会社,2024-09-17,富山県川崎市多摩区上野公園13丁目4番20号 シャルム百村619,696-41-8383,hinoue,松田 裕美子,kana33@hotmail.com,600,-64.1965825,-15.461297
A-,1671,合同会社森ガス,2023-02-19,長崎県横浜市戸塚区一ツ橋18丁目6番3号 コーポ上広谷082,480-59-1803,haruka13,中村 智也,fujiiyui@hotmail.com,708,83.603076,-103.674953
B+,1461,山口印刷株式会社,2023-01-06,宮城県目黒区大京町7丁目14番13号,298-48-4180,yamaguchikana,藤原 知実,naokoito@yahoo.com,145,-15.4647225,-96.204676
B-,1305,Hodge-Armstrong,2019-09-16,"4729 Harris Islands Suite 188, Charlestown, PA 93607",372-75-1768,jeremykrueger,Greg Wood,omclean@gmail.com,500,28.0840085,-78.416222
AB+,830,高橋銀行株式会社,2023-01-28,愛知県香取郡神崎町平須賀20丁目4番19号 シティ山中新田717,359-77-5356,matsudahanako,中村 修平,mituru70@gmail.com,313,-20.87387,148.266455
B+,244,Andrade,2024-12-11,"Esplanada Antônio Ferreira, 676, Maria Goretti, 60469-360 Mendonça de Araújo / PR",76254803992,isabellynovais,Dr. Henry Gabriel Oliveira,stephany38@gmail.com,231,72.8935715,-98.7642
AB-,1161,小林運輸有限会社,2025-01-01,,027-21-7746,kenichi06,加藤 英樹,kobayashitomoya@hotmail.com,98,25.1979545,60.913508
AB-,1252,木村情報合同会社,2018-11-26,三重県中野区東和町22丁目2番20号 東和町アーバン322,366-29-2178,inakamura,渡辺 智也,gsakamoto@yahoo.com,193,23.5503855,6.949306
A-,1561,渡辺保険合同会社,2022-12-02,三重県港区豊町9丁目27番4号 小入コート802,892-48-9771,ikimura,佐藤 智也,kana89@gmail.com,467,-77.3213505,-105.163234
B-,999,Stewart Inc,2025-03-18,"USNS Pope, FPO AP 76252",687-71-8520,sanchezmichael,Edward Hahn,bakermatthew@gmail.com,421,31.352187,-79.480848
AB-,1129,Travaglia Group,2021-09-12,"Incrocio Trobbiani, 2, 23822, Bellano (LC)",MLPLDI68M23I130Q,dino41,Giosuè Paolucci,gbroschi@vodafone.it,607,43.912762,-46.860687
B-,398,da Mota - EI,2023-07-03,"Praia Vinícius Costela, 829, Goiania, 09218236 Pastor da Serra / SC",08413729505,luiz-fernandocavalcanti,Olivia Pereira,jgoncalves@hotmail.com,330,57.9106275,173.008667
A-,1920,Lee and Sons,2021-07-03,"419 Tammy Trafficway, Lake Amberborough, IL 44741",747-73-6710,lisacase,Amanda Miles,marysantiago@gmail.com,102,14.116593,-41.956399
O+,1347,松田鉱業株式会社,2021-12-01,福岡県千代田区丹勢10丁目1番3号 二つ室コーポ022,011-03-5621,umaeda,小林 拓真,ryoheisuzuki@yahoo.com,38,10.167187,-54.550321
AB+,323,Etzold,2019-06-15,"Annette-Barkholz-Allee 7-9, 98162 Nördlingen",707-97-7358,pauline28,Kathrin Heintze,hans-adolfpohl@yahoo.de,18,-63.4368225,-178.298207
A+,1072,Schenk,2025-06-11,"Xaver-Wirth-Gasse 7334, 34418 Ribnitz-Damgarten",772-70-0301,ringsuzanne,Dipl.-Ing. Reinhardt Gieß,iwona54@yahoo.de,519,43.097717,129.765412
O+,22,da Rosa Aparecida S.A.,2019-05-29,"Vila de Fernandes, 72, Cidade Jardim Taquaril, 57012-051 Albuquerque de Montenegro / PR",05346128905,handrade,Breno Marques,npeixoto@yahoo.com.br,88,25.143668,111.574637
A-,664,Kroker Bolnbach GmbH,2023-05-06,"Miroslaw-Bauer-Gasse 8, 13842 Miltenberg",971-27-6788,walburga20,Simone Binner B.A.,albinaullmann@yahoo.de,134,,
A-,1240,Eberhardt Lehmann KG,2021-05-09,"Zirmestraße 30/31, 84959 Sankt Goar",972-33-8052,qtaesche,Hilmar Koch II,gerdizobel@hotmail.de,331,-26.4457775,-137.908041
O-,1041,"Pasqua, Nicoletti e Camiscione e figli",2021-03-17,"Canale Rapisardi, 95 Piano 2, 66030, Mozzagrogna (CH)",NNCMLN20E25G646G,venancio39,Nina Faugno,nicolo02@libero.it,714,-36.5728945,-64.740477
B-,1511,Druso SPA,2025-05-29,,MNCNNN83R71D501F,bragadingaetano,Gemma Mondadori,giulianoguariento@libero.it,300,-37.2975915,88.332244
O-,782,Hendriks Hoffmann AG,2024-01-26,"Christos-Ullrich-Gasse 8/2, 28695 Zschopau",556-20-3048,sarina11,Raik Loos,annemierust@aol.de,368,61.3935155,24.405554
AB-,2121,Ditschlerin Ackermann KG,2024-04-27,"Jolanthe-Zimmer-Gasse 74, 61556 Uffenheim",148-61-0655,kabusjuliane,Dipl.-Ing. Trudel Hettner B.A.,stefaniefischer@aol.de,502,-62.900759,144.003369
A-,666,Baglioni SPA,2023-03-15,"Contrada Lolita, 554, 09014, Carloforte (SU)",TRNNTN10T10I359S,coluccio55,Sig.ra Evangelista Colletti,donnaplatini@poste.it,314,5.735606,-63.262535
O+,845,小林印刷有限会社,2020-01-13,愛媛県香取郡神崎町木立21丁目2番13号 シティ土呂部594,732-07-8380,maaya54,佐藤 翔太,fsuzuki@yahoo.com,673,-32.778819,20.299373
B-,151,Vargas,2023-05-03,"Lago de Oliveira, 24, Mineirão, 70961719 Fernandes / RO",13792084597,eporto,Gael Henrique Fernandes,ferreiraguilherme@uol.com.br,486,,
B-,812,Mannoia-Ruggeri SPA,2022-06-23,"Strada Vito, 6, 80036, Vico (NA)",MNTGTN13M60L528V,federico93,Matilda Fagotto,gaetanochiaramonte@outlook.com,150,-31.67214,-5.307649
O-,1099,Souza S/A,2021-02-19,"Trevo Luna da Rosa, 11, Conjunto Bonsucesso, 93312444 Brito Paulista / SE",97085621303,costelajoana,Isaque Gonçalves,orodrigues@yahoo.com.br,71,34.5761885,64.690216
AB+,2055,松本銀行株式会社,2019-02-21,北海道西多摩郡檜原村上広谷16丁目2番9号,203-48-7261,moririka,鈴木 舞,watanaberei@yahoo.com,660,62.9959195,-173.348415
AB+,1243,"Arnold, Greer and Walker",2020-11-28,"84957 Dyer Alley, West Donna, NH 33028",874-22-5406,williamschristopher,Cynthia Oneill,reneemacdonald@gmail.com,348,62.206906,-113.187135
B-,1346,"Parpinel, Montanariello e Carosone Group",2020-04-30,"Contrada Barsanti, 25, 87027, Paola (CS)",CMLMNC91B15C274K,tascaimelda,Napoleone Borsellino-Dibiasi,alphonsginese@gmail.com,583,13.0258865,-36.693442
A+,1031,Pergande,2021-10-08,"Wieslaw-Patberg-Gasse 1-6, 62322 Torgau",216-07-6851,else12,Sylvie Schuster B.Eng.,stiebitzlothar@hotmail.de,173,13.090286,81.737963
O+,1400,株式会社佐藤農林,2024-08-01,岩手県香取郡東庄町大中23丁目3番6号 シャルム蔵前609,243-78-9700,kanaikeda,加藤 稔,qmaeda@gmail.com,396,-5.89058,148.515543
B+,1567,Badoer e figli,2021-12-29,"Viale Silvio, 8, 06121, Perugia (PG)",GNSLNA84B19I782Y,adelmo17,Annunziata Garozzo-Stoppani,guinizzellirosario@libero.it,660,71.880075,-145.386347
O-,1384,Biagi e figli,2020-10-07,"Vicolo Lauretta, 8 Piano 1, 08032, Desulo (NU)",DBSNNT78E13B715Q,gloriatrapanese,Gianluca Lombroso,mauralancisi@outlook.com,644,-71.464853,36.473529
B+,103,藤田情報合同会社,2022-11-04,大分県印旛郡印旛村蟇沼1丁目18番2号 クレスト西関宿043,251-33-0216,ainoue,佐藤 健一,yoshidaakira@yahoo.com,71,-19.3163355,-162.433193
O-,1207,Noack Oderwald GbR,2025-01-12,"Hans Jörg-Lehmann-Platz 6548, 06886 Gunzenhausen",625-25-2075,walli18,Bozena Stiebitz,piotrdussen-van@aol.de,313,-64.4312445,135.00036
B+,1339,das Neves,2019-03-03,"Recanto Catarina Barbosa, Santa Lúcia, 20174-056 Pastor dos Dourados / GO",30294685774,alexandreda-conceicao,Luara Martins,alvesagatha@uol.com.br,163,-45.515043,143.73484
B-,1110,"Fantini, Coardi e Cutuli s.r.l.",2025-01-31,"Borgo Crispi, 9, 15026, Oviglio (AL)",CTNMCL63S61G088M,zaira53,Sig.ra Loredana Saraceno,bocellidaria@live.com,207,37.8244125,123.514374
A+,1782,清水電気株式会社,2019-01-06,埼玉県浦安市高輪36丁目16番17号 アーバン花川戸217,032-44-4207,ryamamoto,後藤 陽一,yamamotoyosuke@hotmail.com,67,63.5221925,-6.585596
A-,751,Bocelli SPA,2021-04-01,,VNTVEA38A23D544R,stefania70,Raffaella Ungaretti,fortunata49@poste.it,515,,
A-,1999,Farias,2020-02-04,"Núcleo Antony da Luz, 39, Itaipu, 49644933 Lima de Nogueira / CE",39157806268,cvargas,Maria Laura Pimenta,joao-pedronovaes@gmail.com,390,-53.34139,-25.891248
AB-,104,Prodi-Dibiasi s.r.l.,2023-08-09,"Borgo Geronimo, 26 Piano 0, 00024, Castel Madama (RM)",PLCCHR17E19L544A,caffarellimaria,Raffaello Mazzocchi-Majorana,zmuti@virgilio.it,21,-35.7881415,117.076806
B-,1824,Jockel,2020-03-24,"Briemerweg 9/9, 40203 Eisleben",119-88-2195,fhess,Heinz-Georg Grein Groth,krokersalvatore@aol.de,119,22.03873,40.360594
O+,929,"Foa, Maderna e Camilleri e figli",2023-08-13,"Viale Totino, 339, 10145, Torino (TO)",MNZLRT12S11I179N,mocenigocipriano,Milena Pavone,ommadonatella@hotmail.com,518,-1.9960915,6.541145
A+,1178,三浦保険株式会社,2024-03-08,静岡県香取郡東庄町九段南9丁目24番17号 日比谷公園パレス602,085-06-8358,takahashinanami,小林 春香,cmaeda@hotmail.com,314,-48.4021465,-151.00006
AB+,1223,Costa Pastor - ME,2020-03-02,,87925431032,fmonteiro,Sra. Sophie Moraes,mouracecilia@ig.com.br,504,-23.3789875,152.110434
O-,832,Pires,2020-12-25,"Vila Juliana Costela, 527, Nova Granada, 02418917 Ribeiro de Mendonça / MS",42086197594,allanamacedo,Dom Duarte,alvesyasmin@yahoo.com.br,95,22.4991725,-40.902191
B-,1353,"Cerutti, Germano e Broschi Group",2023-01-25,"Canale Piergiuseppe, 811 Appartamento 3, 59016, Poggio A Caiano (PO)",RTLDNL81D24A894K,xbottaro,Sig. Claudio Mercalli,parinimarina@libero.it,500,-88.529593,-84.708263
B+,950,Cabrini Group,2024-10-22,,NGNLRA52P01H633L,licia84,Nino Malpighi,opavarotti@poste.it,51,-71.5011345,-172.379818
B+,62,da Mota Ltda.,2024-12-05,,19257430634,wcavalcante,João Gabriel Sampaio,srodrigues@bol.com.br,382,-51.2008255,-85.668035
AB-,2082,"Seddio, Tasso e Agazzi SPA",2019-10-22,"Borgo Ioppi, 1 Piano 4, 80128, Napoli (NA)",PPENGC03P03H174Q,daria01,Melania Bonaventura,lucreziasorrentino@poste.it,470,49.3526435,-61.126301
A+,1246,Vargas Rodrigues Ltda.,2019-12-13,"Jardim Anthony da Rosa, 77, Camponesa 1ª Seção, 03720512 Mendes das Flores / ES",21453768017,jose-pedro77,Srta. Juliana Montenegro,eduardocasa-grande@yahoo.com.br,137,59.4303585,-125.500737
AB+,561,"Adams, Barnett and Jensen",2025-06-26,,458-63-5636,lowemark,Alexis Peters,alec92@gmail.com,125,14.248966,-156.08703
A-,2086,Anguillara SPA,2022-09-21,"Strada Stucchi, 61, 66019, Torricella Peligna (CH)",FLLJCP08R65G765F,buscettaluisa,Natalia Bottigliero,gioele02@yahoo.com,201,-69.9791785,-68.934145
A+,1743,Santos S.A.,2020-02-10,"Estação da Conceição, 39, Vila Jardim Montanhes, 41852401 Monteiro do Oeste / MA",49302861740,samatteo,Thiago Ramos,calebpimenta@hotmail.com,677,5.63874,-16.341632
A+,1092,Pinto,2023-06-25,"Viaduto de Fernandes, 607, Minas Caixa, 77849-782 da Mata / RS",68721340544,maria-liz60,Allana Castro,salesvitor@bol.com.br,38,-4.3944185,109.097958
AB-,954,中村運輸有限会社,2023-11-27,鳥取県横浜市磯子区千束5丁目25番7号,444-59-4086,lwatanabe,前田 学,ryoheiendo@yahoo.com,328,-51.4082355,-59.980747
A+,1450,Pärtzelt AG,2020-10-29,"Wernerallee 6/7, 60807 Hofgeismar",970-41-6895,weissmargarethe,Prof. Hilda Fiebig,gundolf66@hotmail.de,540,54.1860865,-159.283266
AB+,1707,Câmara S.A.,2019-09-30,,49875631264,ester77,Dr. Ian Porto,marquesanthony@ig.com.br,136,-88.331084,-77.31538
B+,2151,Nunes,2020-08-09,,14620735817,bernardocunha,Ana Clara Abreu,da-costamariah@gmail.com,533,89.870066,42.134192
O-,333,Duffy Group,2022-03-01,"03558 Porter Turnpike, West Jeffrey, IL 09576",710-71-5615,mikewilliams,Zachary Kelly,whitehector@gmail.com,740,69.108553,92.482015
O+,230,Langern KG,2024-03-26,"Anni-Trommler-Allee 7757, 86039 Borken",505-85-5793,liesel13,Ing. Ralf Knappe,niemeiertrude@hotmail.de,292,-76.0967705,114.827377
A-,269,Costa,2025-05-08,,72185946030,nandrade,Srta. Beatriz Farias,tmendonca@ig.com.br,670,40.7986045,133.024099
A+,1610,後藤ガス株式会社,2020-09-18,福井県横浜市港南区台東17丁目17番17号 五味ヶ谷アーバン397,228-93-0315,katoasuka,伊藤 くみ子,dsaito@yahoo.com,561,-66.841735,-66.677971
A+,907,Aparecida,2023-06-16,"Vereda Duarte, 560, Vila Pilar, 72215793 da Conceição / AP",90748215611,wbarbosa,Dom Gonçalves,diego56@bol.com.br,340,38.3383525,-128.830783
B-,211,Barth Juncken GmbH,2022-03-01,"Benthinstraße 5/1, 97564 Vechta",674-66-7292,eigenwilligsimone,Gert Rädel,xmude@gmail.com,306,68.1710415,38.421125
O-,621,"Davenport, Bates and Shepard",2023-09-06,"28849 Crystal Land Suite 978, Wallerland, OR 71838",329-56-3624,mary37,Donna Richard,david20@hotmail.com,547,24.4294495,160.850716
B-,656,Ullmann KG,2024-08-27,"Heydrichplatz 562, 91846 Sankt Goar",426-67-4874,hweiss,Ehrhard Kroker B.Eng.,detlefkruschwitz@aol.de,178,,
AB-,69,Freeman-Larsen,2024-05-20,"027 Alicia Trail, Morrisfurt, GA 23912",724-28-2011,jeffreygriffin,Bryan Fuentes,dana19@hotmail.com,609,-59.6399685,141.98735
O-,862,da Rocha,2024-10-27,,35871204988,knunes,Dra. Nina Mendonça,rda-rocha@gmail.com,266,-39.070526,-139.065001
A+,2067,"Nichols, Day and Riley",2025-05-24,"8301 Charlotte Forest, East Christopher, GU 67740",364-48-3692,emilymaxwell,Kenneth Hendricks,elizabeth40@hotmail.com,622,-23.194124,-22.099895
AB-,209,das Neves Souza S/A,2024-08-13,"Feira de Machado, 735, Conjunto Serra Verde, 68234218 Mendonça / PA",76890312503,flopes,Lucca Farias,nascimentoluisa@bol.com.br,265,-31.698364,168.941505
A-,178,Baglioni-Farina e figli,2022-07-18,"Incrocio Galasso, 334 Piano 0, 85010, Cancellara (PZ)",SGLNDD33M12A077A,fabrizia56,Antonina Sforza,danilobombieri@hotmail.com,81,-7.249692,142.58218
AB-,1369,有限会社加藤ガス,2020-07-10,,385-18-9850,ngoto,小林 幹,kondoshohei@hotmail.com,563,-9.0339665,-90.317246
O-,2050,中村運輸株式会社,2025-08-06,,791-37-9434,kumikookamoto,高橋 智也,kumikosuzuki@hotmail.com,653,-53.5899895,-99.180982
B-,827,Sordi-Viola Group,2022-01-23,"Incrocio Victoria, 6 Piano 6, 05012, Attigliano (TR)",PRSGCN53B65M364V,vcelentano,Ranieri Saragat,arnaldopalombi@gmail.com,23,12.242857,-87.605699
A-,347,Huhn,2022-01-27,,643-52-3081,zirmewolfgang,Roswita Niemeier-Hofmann,kwagner@gmail.com,543,-30.373026,-126.015488
O-,668,Fritsch,2024-12-19,"Hethurstr. 878, 01292 Hohenstein-Ernstthal",809-99-3994,gisela07,Manuela Rogner,lorenzo32@web.de,719,-7.946693,62.873274
AB-,1130,Stokes-Price,2024-06-11,"119 Berg Hills, Rosston, NM 48987",254-97-7950,castanedabailey,Brian George,mooregeorge@gmail.com,182,43.364706,-139.982073
B-,1086,有限会社伊藤食品,2018-10-10,香川県武蔵野市芝浦15丁目8番16号 コーポ外神田058,569-54-0245,mituruokada,佐藤 智也,yoko01@yahoo.com,243,,
O-,227,"Forza, Mattarella e Squarcione Group",2022-08-19,"Via Barillaro, 532 Appartamento 50, 20032, Cormano (MI)",CMUMRA36C45D408P,turatidario,Maria Bacosi,neccitiziano@hotmail.com,495,67.188345,45.964519
B+,1076,Dowerg OHG mbH,2024-12-04,,087-14-2096,ladislaus05,Hilda Schmidt,gerlinde86@web.de,388,75.6898115,140.131098
A-,1867,Ziegert AG,2021-04-04,"Lina-Heinz-Gasse 65/40, 79105 Riesa",067-39-6621,beckerguelay,Dr. Xenia Müller,rezafischer@hotmail.de,173,,
A+,1583,Aragão S/A,2022-07-28,,36874591010,calebemendes,Rodrigo Souza,ravi-luccacamara@bol.com.br,362,-60.78123,21.371558
O+,1676,橋本食品合同会社,2022-07-21,長崎県小笠原村氏家新田8丁目22番4号 平河町パーク270,225-78-6108,tanakasatomi,佐々木 加奈,fujitamiki@yahoo.com,90,19.6904935,26.373182
A-,634,Siqueira,2022-04-13,"Esplanada Silveira, 789, Vila Paquetá, 74332475 Brito do Amparo / CE",41398762040,ribeirohelena,Pedro Miguel Martins,lcirino@yahoo.com.br,189,13.250613,-15.814372
A+,271,有限会社斎藤通信,2019-09-21,,432-62-0772,yamamotomikako,福田 洋介,dito@hotmail.com,353,-37.8273555,148.930495
B-,360,Scotto-Mimun e figli,2025-01-12,"Borgo Temistocle, 17 Appartamento 0, 85031, Frusci (PZ)",TRVFRC38H56E474H,marinaorsini,Rodolfo Giulietti,irmarubbia@libero.it,430,-53.9209745,-115.526995
A+,1023,Pärtzelt,2021-09-02,"Schlossergasse 7798, 02331 Lüdenscheid",056-22-3217,jamesbauer,Dr. Betina Mielcarek,otto62@web.de,188,49.7842465,-128.308846
A-,1455,Ubaldi-Lollobrigida s.r.l.,2019-10-01,"Stretto Melina, 39, 32044, Pozzale (BL)",CBRCML31D20B496T,yfarina,Amico Monteverdi,pozzeccodonatella@tin.it,498,-67.454158,33.671057
AB-,1618,Moraes,2025-02-17,"Chácara de da Conceição, 931, Lajedo, 98296122 Oliveira da Mata / PI",58976312473,piresjoana,Melissa Aparecida,usilva@bol.com.br,417,-44.580775,-124.716913
AB-,1175,Stevens Inc,2024-12-01,"35052 Wilson Manor Suite 880, Donnaborough, ID 60532",144-74-1031,michael65,Devin Jackson,lozanodaniel@yahoo.com,466,26.4022235,-145.892909
B+,355,Sá,2024-11-10,"Alameda Gabriela Aparecida, 6, Marieta 2ª Seção, 71080601 Ferreira / SC",40752318608,caua19,Davi Lucas Porto,danilo97@gmail.com,101,29.0508125,145.767164
AB-,713,Gibbs-Mercado,2022-10-13,"299 Vazquez Ridge, Lindamouth, IL 05291",620-05-2107,mkim,Angela Young,ortegakeith@hotmail.com,11,-75.126891,4.398808
AB-,1013,加藤保険有限会社,2025-07-18,愛知県横浜市西区麹町32丁目4番18号,713-12-7266,yumiko11,松田 拓真,nanami03@yahoo.com,241,-86.2674935,-111.638615
B+,676,Pruschke GmbH & Co. OHG,2019-01-06,"Stiffelgasse 5-6, 10088 Bitterfeld",898-53-5526,bastiankoch,Dipl.-Ing. Maurizio Seidel,klaus-peterroskoth@googlemail.com,105,-65.5871495,-53.595428
O+,1811,Norman Group,2024-10-23,"22842 Smith Island Suite 996, South Beth, FL 26794",727-51-4858,schneiderdawn,Lydia Hall,mitchellbethany@gmail.com,532,-22.5345875,-178.828392
A-,1132,Roberts-Newton,2021-04-04,,558-04-9836,ynguyen,Brian Walker,lorithompson@yahoo.com,108,48.580908,60.136593
B+,851,Rodgers and Sons,2021-06-07,"89376 Sullivan Run, Smithtown, HI 01487",776-43-6312,robin73,Joseph Morgan,wmoore@hotmail.com,674,-55.595968,-19.079904
O+,1068,"Salvo, Chigi e Petrocelli s.r.l.",2025-01-15,"Vicolo Travia, 1, 21017, Cascina Elisa (VA)",PNNRML26C59G372T,francodona,Stella Borrani,rosariabixio@alice.it,75,19.633667,-108.659243
O-,891,"Rodriguez, Osborne and Wilcox",2019-09-08,"358 Todd Meadows Apt. 730, Phillipville, DE 75074",154-39-6985,rangelmolly,Crystal Hudson,spencernicole@yahoo.com,663,18.1925015,49.485343
A+,1582,"Whitaker, Pierce and Rodriguez",2020-12-15,"USNV Sanchez, FPO AA 88877",459-07-5659,welchbrett,Katie Higgins,fosterwalter@gmail.com,578,-13.762412,-105.151388
AB+,2097,Cirino,2020-10-10,,50683214780,gteixeira,Maria Fernanda da Rosa,maria-julianogueira@uol.com.br,343,-48.0065935,-107.474223
A+,1776,株式会社佐藤建設,2020-01-08,島根県白井市細野24丁目4番9号 ハイツ津久戸町856,022-60-6226,suzukishohei,小林 太郎,xhayashi@gmail.com,422,-64.8775115,-169.655553
O-,217,"Pizziol, Gentili e Sonnino SPA",2022-11-14,"Via Duse, 62 Piano 6, 23892, Bulciago (LC)",FRMLND61S13H881W,escialpi,Sig. Amedeo Bonolis,sbarbarostefania@poste.it,661,9.9059985,97.313388
B-,2095,Sontag GbR,2021-01-17,"Budiggasse 8/9, 61712 Prenzlau",287-75-2998,viktor47,Heidi Heinrich B.A.,rolf-peterchristoph@googlemail.com,524,16.7725535,-151.52475
AB+,1882,Siqueira,2024-06-12,"Passarela de Almeida, 6, Buraco Quente, 44096-556 da Cruz de Nascimento / GO",96821430551,jrezende,Emilly da Cunha,dante80@hotmail.com,125,55.28779,-34.875856
AB-,1310,Machado S/A,2025-09-06,"Trecho de Moura, 7, Parque São Pedro, 99001-176 Farias / PA",87395406265,pereiratheo,José Gomes,peixotolais@ig.com.br,563,21.9278795,-152.135079
AB+,495,Henry-Dillon,2020-04-16,,426-22-5223,dayrebecca,Daniel Cunningham,danielespinoza@yahoo.com,486,-22.3877135,149.432463
B+,592,Stiebitz AG,2019-09-21,"Oestrovskyallee 2-5, 14999 Badibling",515-62-0234,stanislawjaehn,Karl Heinz Steckel,regina42@hotmail.de,719,37.7065005,-1.390969
A+,1671,Coppola s.r.l.,2022-01-29,"Vicolo Opizzi, 35, 62026, Pian Di Pieca (MC)",NVISNR33R21C660D,suriandomenico,Arsenio Anastasi-Mondadori,milena61@vodafone.it,504,-65.8491375,-3.146413
B-,1585,Pagnotto s.r.l.,2019-03-04,"Strada Faugno, 2 Appartamento 44, 27059, Zavattarello (PV)",MSTBNC15M12E401L,ceruttimichelangelo,Pina Bertolucci,ciprianoguarneri@tele2.it,450,-27.5811235,68.025116
O-,913,合同会社渡辺ガス,2022-11-02,山梨県三宅島三宅村西川6丁目10番18号 外神田シティ168,253-50-5525,rei44,高橋 拓真,hideki22@gmail.com,717,-82.028766,39.672612
AB-,1940,"Bossi, Metella e Majorana SPA",2022-06-02,"Borgo Serafina, 34 Appartamento 0, 26818, Villanova Del Sillaro (LO)",VDONGC47H27M136G,michelangelomorucci,Milena Brugnaro,pasqualbandello@virgilio.it,386,60.6521295,-1.783437
B-,573,Lopez LLC,2024-08-16,,307-59-5755,zfox,Barbara Benjamin,mikenelson@hotmail.com,266,48.500022,-33.201678
O+,276,Melo,2023-07-14,"Vereda Cardoso, 40, Vila Independencia 3ª Seção, 40337-765 Cirino / MA",25780416958,bianca15,Nina Andrade,waragao@uol.com.br,695,54.968784,-73.353391
A+,2148,da Luz,2020-07-18,"Estação de Azevedo, 654, São Paulo, 72629-640 Viana / RJ",28057361417,caldeiraantony,Srta. Allana Garcia,catarina12@ig.com.br,167,-28.99313,169.260819
O+,809,Rörricht Hölzenbecher GmbH & Co. KGaA,2019-06-12,"Thies-Beier-Allee 54-77, 14334 Mellrichstadt",068-37-2573,dittmarschwital,Univ.Prof. Clarissa Reinhardt B.Eng.,nancyschulz@aol.de,611,-28.5205605,51.673931
AB-,1274,Fuseli s.r.l.,2022-05-14,,DLLLRT23H22L055S,enricotelesio,Iolanda Ferragamo,solepepe@gmail.com,470,17.259782,66.472552
O+,442,"Bennett, Wilkinson and Robinson",2018-10-06,"599 Jennifer Crescent, East William, ID 95263",123-35-0860,edward08,Dillon Knapp,sgonzales@hotmail.com,675,7.0348585,34.561618
O-,354,Donarelli-Babati Group,2019-02-25,,NCCGVN39B16D719A,toniapolizzi,Elladio Galeati,vespuccidionigi@tiscali.it,466,-61.0917575,-94.302678
AB-,1811,Barkholz AG,2022-11-26,"Christl-Löwer-Straße 39, 42916 Borken",167-31-7236,jschweitzer,Heinz-Gerd Neuschäfer,albersbirthe@aol.de,119,20.746592,94.367065
AB+,189,Cobb PLC,2019-08-07,,877-48-5684,alanatkinson,Todd Oliver,thomasjohnson@gmail.com,101,-78.9278645,-98.583611
B-,1473,Hernandez PLC,2025-05-19,"3427 Amanda Prairie, East Saramouth, ID 99266",614-89-2962,daniel51,James Lozano,cfarley@yahoo.com,661,-2.9543235,156.938002
O-,971,Barozzi-Papafava s.r.l.,2023-04-01,"Incrocio Costantino, 8, 03027, Ripi (FR)",RPSCLD09T57F637A,civaschiraffaele,Melissa Aulenti,hugomastandrea@alice.it,34,-65.4606285,-57.422126
O-,862,Ferretti-Carli Group,2024-05-26,"Incrocio Raurica, 89, 92029, Campobello Ravanusa Stazione (AG)",FRRGRG58T25L590M,alighieridanilo,Caterina Ceravolo,sbevilacqua@tin.it,177,-70.1734035,122.478988
AB-,1362,Renzi SPA,2024-05-09,"Rotonda Umberto, 96 Appartamento 8, 05034, Ferentillo (TR)",GLLMRT66A13C457C,calcedoniobianchini,Dott. Giorgia Sorrentino,ymontalcini@libero.it,645,-46.7109385,-24.229072
A+,1335,Green Group,2022-07-30,"4416 Obrien Mill, New Steven, MI 52290",425-29-0685,brittany75,Michael Davis,michelle85@gmail.com,429,9.727747,-145.990891
AB-,1745,Costa Nogueira Ltda.,2021-04-19,,42519378050,samuel58,Larissa Leão,matteo71@ig.com.br,402,38.383613,-54.748442
B+,801,有限会社福田保険,2019-03-21,千葉県多摩市押上28丁目17番6号 猿楽町アーバン254,754-49-1128,hanako92,山下 美加子,msato@hotmail.com,676,-43.063938,-104.491472
B-,135,Ciampi s.r.l.,2020-05-15,"Viale Rosario, 85, 29020, Ponte Organasco (PC)",FSCLCU61S44C528T,gcavanna,Maura Salvo,pellicogabriella@hotmail.it,665,-16.81616,-169.280504
A-,674,合同会社高橋情報,2022-01-11,神奈川県八街市上吉羽8丁目20番3号 鳥越クレスト455,189-68-3191,osuzuki,中村 知実,yishii@yahoo.com,466,33.616125,97.99414
B-,1133,Pacheco da Rosa S.A.,2023-04-06,,16754392061,mendesluna,Guilherme Moreira,msa@uol.com.br,487,22.3470145,25.543213
O-,137,Sá Abreu e Filhos,2021-07-12,"Loteamento Pires, 92, Vitoria Da Conquista, 41035-862 Pereira de Lopes / RJ",04583169205,siqueiragael,Dr. Daniel Rocha,yalmeida@yahoo.com.br,695,0.726234,-131.584312
O+,389,Haering Gunpf KG,2023-07-09,"Cornelius-Steuer-Gasse 3, 37052 Feuchtwangen",708-79-7325,romy86,Imelda Stroh B.A.,jwulff@gmx.de,162,-12.304829,-1.298697
AB-,705,da Conceição - ME,2021-05-31,,30278691404,steixeira,Erick Souza,maria-julia47@bol.com.br,39,-0.1070245,-143.989472
O+,1434,Tintzmann KG,2022-02-08,,814-42-6850,schinketorben,Cord Stey,ignatz26@hotmail.de,459,0.435618,113.819372
B-,1085,Dias e Filhos,2020-01-31,,68195342728,jose-miguel52,Srta. Catarina da Rocha,diogodias@bol.com.br,101,85.5699395,126.799978
AB+,1207,"Johns, Dixon and Bentley",2019-02-16,"8458 Rodriguez Ramp Apt. 214, East Jacqueline, TX 92653",154-58-2236,pmoore,Jennifer Watts,paulabryan@hotmail.com,700,-47.7000645,161.078188
A+,379,渡辺農林株式会社,2020-05-07,広島県横浜市鶴見区津久戸町29丁目3番19号,702-35-5495,cendo,阿部 桃子,shimizuyoichi@yahoo.com,398,-58.2331055,-88.657988
A-,1346,Costa,2021-03-10,"Estrada Carvalho, Conjunto Califórnia I, 65344114 das Neves / MS",51607493225,arthurdas-neves,Ayla Nunes,xpeixoto@ig.com.br,294,-1.6255195,144.317632
A-,1564,Barron-Mejia,2023-06-08,"4104 Sarah Manors Apt. 553, North Kimberlyland, MN 96993",170-75-9701,charles87,Jennifer Kemp,taylorrhonda@hotmail.com,595,72.720048,92.275951
A-,1093,"Harper, Berger and Leonard",2019-02-13,,410-04-9180,ptaylor,Autumn Barrett,xbrown@yahoo.com,325,,
AB+,399,Rapisardi Group,2024-12-03,"Strada Graziella, 9 Appartamento 3, 71034, Castelnuovo Della Daunia (FG)",MCCPRG31R42G173V,foconiteresa,Fredo Fantoni-Sansoni,jverdi@tiscali.it,497,-78.0379035,-43.255683
O+,261,Casa Grande,2022-04-11,"Vereda Thomas Moraes, 77, Marieta 3ª Seção, 78996-526 Moura / SC",95367821030,yandrade,Alícia Novaes,icamargo@gmail.com,548,27.36193,-177.670826
A+,473,Beckmann GmbH,2023-08-26,,417-05-0165,leonhard03,Sieghard Jungfer B.Eng.,heinz07@gmail.com,275,-4.279849,-46.147703
A+,1385,"Smith, Chase and Neal",2024-09-11,"8483 Zachary Freeway, Lake Alexanderport, OK 26414",359-05-3014,xfisher,Sarah Wilson,courtneyjackson@yahoo.com,501,72.0739735,127.060806
O+,1021,"Morandi, Cafarchia e Ricciardi SPA",2025-07-26,"Borgo Bellò, 7 Appartamento 98, 40025, Carseggio (BO)",GNSGRC90C49G274E,danieletarantino,Paolo Maccanelli,liberto95@tele2.it,597,-76.601908,-173.136908
O+,1849,Ullmann,2024-02-18,"Christina-Grein Groth-Platz 976, 01054 Augsburg",769-39-8679,aebert,Veronika Pechel,helgeschuster@gmx.de,616,17.0679735,173.815174
A+,1727,Polesel s.r.l.,2024-12-25,"Piazza Roberta, 3, 55031, Poggio Garfagnana (LU)",GRNRLD84D64G526B,alessandro42,Teresa Montanari,qmarino@libero.it,183,-27.0466235,3.914555
AB+,1032,Blümel Girschner AG,2022-12-08,"Zänkerallee 6, 29673 Paderborn",692-29-2134,bwinkler,Malgorzata Kensy B.A.,gthies@yahoo.de,117,,
O-,46,佐藤運輸有限会社,2018-10-17,徳島県昭島市高輪35丁目5番2号 シティ羽折町245,126-74-7371,yamamotohiroshi,山本 美加子,matsumotomikako@hotmail.com,455,-88.9415785,-56.313962
B+,187,"Sismondi, Filippini e Curiel s.r.l.",2022-10-10,"Vicolo Annalisa, 759, 10012, Bollengo (TO)",GRNRML91P58C901O,ispallanzani,Patrizia Modiano,gottardipiero@hotmail.it,603,27.6439005,167.680617
B+,141,Cunningham-Ellis,2022-12-31,"779 Courtney Cliff, East Roymouth, FM 28646",563-11-6216,lhughes,Brandon Ball,kcardenas@gmail.com,564,10.426414,-27.498905
A-,182,Peano s.r.l.,2021-05-20,"Incrocio Civaschi, 28 Appartamento 8, 09122, Cagliari (CA)",BRRMRS00P11B554S,babbodurante,Elena Basadonna,gianfrancesco49@tim.it,126,16.589202,148.659462
O-,1966,Beer GmbH & Co. OHG,2020-12-26,"Berndt-Zorbach-Platz 4/1, 87258 Anklam",096-76-9311,rosina61,Ulf Kühnert,franz-josef82@aol.de,316,-3.0889005,109.534434
AB+,1851,"Brunello, Vergassola e Proietti Group",2019-08-10,"Contrada Lilla, 10 Piano 5, 40136, Gaibola (BO)",GRNPTZ06C51I864J,giuliettimilena,Sig. Raimondo Tognazzi,trapanesepiersanti@libero.it,418,4.8201985,-28.536972
AB+,1704,Nguyen-Cook,2024-12-28,,304-82-1738,bartlettjennifer,Melinda Anderson,kennedyalexander@gmail.com,669,13.2200615,-24.344612
O+,919,Gonzalez LLC,2022-11-09,,741-46-4510,masseymarie,Julie Acosta,robertmoore@gmail.com,624,-55.4366315,36.91128
A-,673,株式会社田中水産,2023-11-25,,159-54-9663,satomikobayashi,小林 拓真,ikondo@yahoo.com,353,-43.570097,-63.394271
A+,1324,伊藤食品有限会社,2020-12-12,大阪府鎌ケ谷市外神田5丁目11番10号,680-68-1168,sayuriogawa,小川 英樹,yoko80@yahoo.com,301,-17.0554295,-31.065929
B+,1874,Pereira Silveira - EI,2021-11-13,"Ladeira Barros, 24, Marmiteiros, 39538939 Andrade / MA",10893475610,costanatalia,Arthur Gabriel Camargo,casa-grandedavi-lucca@bol.com.br,522,5.837568,158.793105
AB-,1498,Shepard Inc,2021-11-13,"9012 Fitzpatrick Via, Meganchester, HI 49013",143-65-8295,beverly37,Matthew Williams,jacob79@hotmail.com,478,41.5405105,98.494845
A-,1899,Adams-Ruiz,2024-09-27,"8443 Reginald Dale Apt. 306, Perezport, GU 58732",409-34-4440,oharris,Tonya Arroyo,jennifer11@hotmail.com,639,8.5985395,105.50241
A-,1434,Rogge AG,2024-04-10,"Schulzallee 12-66, 83586 Nördlingen",736-48-1032,buttetibor,Julie Oderwald,egnatz@yahoo.de,495,-53.3573575,4.058075
A-,943,Aparecida e Filhos,2023-02-25,"Trevo Gonçalves, 12, Alta Tensão 2ª Seção, 95941686 Borges / PI",36147209507,duartemelina,Benício Silveira,fariasantony@ig.com.br,679,-13.1647615,-87.281716
B-,2065,有限会社吉田銀行,2021-11-30,青森県横浜市旭区東浅草30丁目10番4号 蟇沼コート767,642-57-6454,minorusasaki,佐藤 さゆり,oyoshida@yahoo.com,275,9.6048335,166.409797
O+,1824,Valentine Ltd,2020-11-05,"569 Emily Corner, Lake Rachaelbury, NH 83103",020-71-0265,marysimpson,David Green,nealchristopher@hotmail.com,71,2.2844785,-101.272131
AB-,1819,Souza Ltda.,2022-06-28,,45793612882,francisco28,Henrique da Cunha,thiago43@yahoo.com.br,399,-13.0408445,63.542193
AB-,290,"Agnesi, Dossi e Petrocelli Group",2019-02-13,"Via Panfilo, 54, 85014, Laurenzana (PZ)",SLRMRA81R02B219I,enzioparisi,Sig.ra Antonietta Campise,lazzaro41@tim.it,365,-47.6412235,43.291997
O-,2033,長谷川鉱業合同会社,2024-05-04,埼玉県八丈島八丈町南郷屋18丁目6番7号 押上アーバン991,227-78-5800,morimanabu,鈴木 裕太,tsubasa16@gmail.com,147,28.98216,122.907017
B-,812,Smirnoff-Granatelli SPA,2019-08-20,"Borgo Monica, 59 Appartamento 2, 47013, Dovadola (FC)",MCNFRD57C51C065E,vfischetti,Dott. Martina Parpinel,ciprianofoletti@tin.it,85,70.5816985,120.161069
B-,4,Hart Inc,2024-09-16,"31155 John Common Apt. 173, Lake Toddport, CA 83306",328-97-8609,ian69,Sheila Thomas,mnguyen@gmail.com,690,33.6359135,52.143553
O-,1169,有限会社小林情報,2021-03-07,福井県杉並区富久町8丁目16番15号 上野桜木クレスト782,118-02-1091,rei79,小林 英樹,taichi03@gmail.com,471,-63.023805,135.306736
B+,1970,Briemer GbR,2021-02-23,"Veronika-Vogt-Straße 947, 62170 Güstrow",329-43-9478,karl-heinz96,Thilo Staude,enoack@web.de,636,-60.18658,93.947586
O+,592,Mies Bolzmann KG,2025-06-16,"Hilda-Rogner-Ring 915, 55229 Pinneberg",779-30-4267,martinhans-theo,Dipl.-Ing. Eva Haering,kgraf@web.de,595,-65.8468775,50.726125
AB-,875,Andrade Costela - ME,2022-02-16,"Setor de Costa, 7, Santa Rita De Cássia, 43591429 Fogaça do Amparo / AC",57046918201,da-mataluiz-miguel,Sra. Bruna Fernandes,wcastro@ig.com.br,256,,
A+,941,Rocha,2022-04-26,"Morro Campos, 28, Alta Tensão 2ª Seção, 18524-173 Sampaio / RS",59714086230,lmoura,Francisco Teixeira,duartenina@bol.com.br,3,49.822058,140.737362
B+,1034,"Sauro, Orsini e Migliaccio SPA",2019-03-04,,PPFLGN34S21G990C,baldassarezoppetti,Liberto Argentero,qvalier@outlook.com,529,-81.068313,-122.863884
A+,1402,Cassiano S.A.,2023-09-08,"Praia de Pinto, 35, Conjunto Jatoba, 80069-617 Brito de da Conceição / AC",97832164573,ccaldeira,Dr. Renan Barbosa,novaisana-clara@yahoo.com.br,248,61.8225365,-39.776684
AB-,1225,Junck Stolze AG,2025-05-05,"Ortmannplatz 28/96, 35171 Bernburg",759-99-7772,harald84,Sönke Schmidtke,ewa94@googlemail.com,449,17.2165265,-74.963411
A-,2068,Rubbia e figli,2024-11-15,"Piazza Spallanzani, 0 Appartamento 7, 50137, Firenze (FI)",MZZCLR89H64E271J,rbrambilla,Angelina Bonatti,ilaria44@gmail.com,61,9.090047,-151.466685
A-,1967,合同会社小林電気,2021-04-05,高知県三鷹市脚折19丁目7番18号 シャルム西小来川278,506-70-2078,yamadajun,佐々木 治,naokimaeda@hotmail.com,425,33.758873,-70.539767
AB-,1185,合同会社太田電気,2018-11-16,,502-75-3853,tarokimura,石井 零,yasuhiro17@yahoo.com,175,36.5843865,-154.5106
B+,2066,有限会社近藤鉱業,2020-09-04,鳥取県江東区氏家14丁目6番18号 明石町パーク485,865-29-2186,fujiwarasotaro,高橋 裕美子,yuikobayashi@gmail.com,362,-44.263759,148.544975
B+,410,Cafarchia SPA,2025-05-06,,GSSMRN80R09M094B,abbagnaleeugenia,Sig.ra Sonia Gradenigo,costanzomarenzio@tele2.it,372,-10.861431,-87.913371
B+,612,"Patel, Burton and Parker",2023-10-25,,001-61-0507,carlosjohnson,Sharon Steele,kbest@hotmail.com,658,3.4488625,-33.621311
AB+,1941,Schultz PLC,2020-12-02,"Unit 6055 Box 5023, DPO AP 27730",467-98-9182,susansmith,George Watson,thomas06@gmail.com,516,-20.870873,-132.443971
AB+,1213,Jäkel Rohleder Stiftung & Co. KG,2021-01-27,"Nadine-Hofmann-Straße 60-34, 49019 Querfurt",068-31-6633,raikweihmann,Gerd Ernst,wruppert@hotmail.de,132,57.294415,-79.202095
A+,1449,Borges,2022-07-11,,70164982396,benicioviana,Emanuelly Cavalcante,leolopes@uol.com.br,592,,
B+,158,Carli Group,2019-09-12,"Contrada Baggio, 36 Appartamento 31, 32010, Castello Lavazzo (BL)",RCCSLV36A58C615X,patriziocollodi,Augusto Filogamo,angelinamontessori@tele2.it,448,43.227848,-133.051653
O-,83,"Comeriato, Cammarata e Carfagna Group",2022-03-26,"Incrocio Elladio, 47 Appartamento 1, 80066, Seiano (NA)",FLGBRR24A03D974S,nfranscini,Clelia Balla-Brunello,darioerrani@hotmail.it,393,-54.7189415,166.493424
A+,1821,Löffler Loos AG,2021-03-08,"Sybille-Döring-Straße 816, 05726 Worbis",344-75-3594,bertaumann,Dr. Ottokar Barkholz,ortmannanatolij@web.de,303,-27.8654495,-37.517112
A-,1283,有限会社中村電気,2020-01-25,,500-69-8058,mikisuzuki,松本 舞,binoue@gmail.com,34,50.3689045,-3.593464
O-,1774,Porto,2025-03-19,"Vereda Rodrigues, 74, Cidade Jardim, 58482915 Cunha / SE",74231650853,rezendezoe,Renan Albuquerque,maria-florguerra@ig.com.br,376,,
O+,1464,Kuhl GmbH & Co. OHG,2019-05-13,"Kobeltweg 67-53, 52602 Göppingen",089-12-0585,meinhard44,Hans-H. Börner B.Sc.,hans-albertschleich@web.de,10,-67.45312,-131.872988
O-,324,Coffey Ltd,2020-12-08,"9457 Derek Lakes Apt. 772, Shirleyfort, AR 03964",752-56-2710,alexandra09,Miss Pamela Wilson,dawngarcia@hotmail.com,456,-56.6385935,-117.088025
AB+,659,有限会社松本建設,2022-03-03,奈良県川崎市宮前区四番町10丁目12番16号,050-92-4760,tabe,福田 結衣,naoko20@hotmail.com,350,89.805343,82.270924
O+,456,Cavalcante,2024-02-06,"Área Renan Pereira, 33, Monsenhor Messias, 45460-691 Casa Grande / AC",16230745925,silveirajoao,Dra. Maya Moreira,aylla37@uol.com.br,313,1.3771525,-105.445529
AB+,1373,有限会社斎藤水産,2021-06-10,石川県渋谷区権現堂41丁目5番11号 シャルム今戸778,697-52-9667,wsakamoto,高橋 幹,yutaikeda@gmail.com,675,,
O+,1307,Ackermann,2023-05-08,"Paulina-Kraus-Straße 59/35, 52103 Augsburg",970-16-0072,susannekoester,Senol Kühnert,muzafferzobel@googlemail.com,395,-74.334501,-16.959671
O-,106,Clark-Carter,2025-03-10,"98696 Renee Prairie Suite 129, West Austin, KY 66937",095-54-9958,melinda78,Stephen Marshall,oliviasantana@hotmail.com,571,88.711463,23.377031
O-,892,Schleich Rogge GmbH,2022-10-04,"Scheelweg 2-5, 63157 Osterburg",247-76-1664,calogeroweimer,Recep Kühnert,aziz15@web.de,720,34.7905345,161.712101
O-,1015,"Stevenson, Richardson and Fisher",2024-08-07,"70231 Renee Spring, South Shaun, NH 62566",825-18-2203,beth06,Holly Carroll,ericlee@hotmail.com,443,62.92128,136.308229
A+,2015,Gumprich Trapp GmbH & Co. KG,2023-06-25,"Roland-Schmidtke-Allee 6, 03331 Lörrach",669-16-6906,meisterfranco,Emilie Röhricht,hethuranette@gmail.com,268,-20.6716945,-116.590873
A-,373,Quinn-Smith,2025-04-07,"23224 Daniel Villages Apt. 870, Lake Robertmouth, PW 14915",213-24-7789,richardodonnell,Alexis Cisneros,ogomez@gmail.com,182,61.932504,70.925705
O-,329,"Mercati, Montanariello e Visintini Group",2020-02-26,,LNGNNS61L02G608S,jacopocanova,Mariana Pacetti,gabriele38@libero.it,150,73.537389,-17.416049
B-,1617,Steckel GmbH & Co. KG,2024-01-12,"Toralf-Vogt-Straße 525, 62534 Sternberg",271-31-2926,mehmetmans,Dipl.-Ing. Augustin Biggen,cjaekel@yahoo.de,729,-83.3422245,47.239092
O+,822,Daniels-Jordan,2025-02-16,"49886 Haynes Ville Suite 376, Port William, OH 47913",783-36-9390,harveykimberly,Stephanie Shaffer,austinsandra@hotmail.com,176,-59.4862165,-143.523095
AB-,724,株式会社高橋通信,2024-05-27,鹿児島県大網白里市北青山12丁目25番20号 コーポ麹町781,643-84-0010,hashimotokumiko,高橋 聡太郎,kyamamoto@hotmail.com,390,86.2078245,134.175652
AB+,700,Mendes,2022-04-07,,01593647875,salesnathan,Antonella Fernandes,mda-cruz@uol.com.br,278,20.4162045,-125.605425
A-,696,"Merisi, Sraffa e Lombardi SPA",2021-11-25,"Contrada Montalcini, 37, 31021, Mogliano Veneto (TV)",CNDFRZ26D53L970D,pavanellovittorio,Renata Redi-Biagiotti,rosaliaiannelli@libero.it,33,45.787117,65.023219
B-,1911,Giunti Group,2019-02-12,"Contrada Muti, 1 Appartamento 84, 91029, Santa Ninfa (TP)",TLRBTN62S09H901J,ugolinopirandello,Pasqual Anastasi,antonino24@vodafone.it,697,-17.5885075,-40.361401
O-,721,有限会社渡辺情報,2020-07-03,山梨県白井市富久町11丁目23番16号 平須賀コート904,055-41-4651,chiyo55,小林 直樹,mituru86@hotmail.com,76,-29.496661,-13.792695
B+,542,佐々木銀行株式会社,2022-10-08,富山県青梅市無栗屋17丁目20番16号 コート鶴ヶ丘074,861-93-3705,fikeda,橋本 智也,shota81@hotmail.com,449,53.752041,22.105991
B-,156,"Casagrande, Dulbecco e Bragadin SPA",2024-09-16,"Vicolo Orazio, 66, 21044, Cavaria Con Premezzo (VA)",DSSLND20E56E685P,dstein,Giuseppina Scotti-Montessori,salvipietrangeli@tiscali.it,22,67.212049,146.863199
A+,478,Andrade,2021-05-28,"Área de da Luz, 2, Dom Bosco, 64027127 Fogaça / MT",90541286749,ecamara,Lunna da Costa,gteixeira@yahoo.com.br,84,12.839387,37.104225
B-,1643,Rapisardi s.r.l.,2021-09-06,"Canale Tatiana, 57 Appartamento 14, 03031, Aquino (FR)",FNTMTT65E47I165G,valeriavalmarana,Ronaldo Veneziano,ginofinetti@alice.it,463,16.3145245,-17.349514
B+,1404,Wesack,2020-04-10,"Hübelweg 2, 97201 Kusel",698-74-1685,martameister,Gernot Freudenberger,schaafmanuel@gmx.de,166,82.6963255,-55.275795
A+,1950,Klapp,2025-07-05,"Blümelstraße 11/57, 46714 Spremberg",220-66-0858,croehricht,Gloria Finke-Jacob,wolfhard77@web.de,518,-86.2630795,-71.492864
A-,898,Wilms GmbH & Co. KGaA,2020-04-26,"Seipallee 25, 91797 Wittstock",894-43-6300,pechelangelique,Anita Blümel,nzimmer@hotmail.de,612,-87.2930865,-57.884497
O-,1371,Giannini e figli,2022-04-03,,VRSPLN85R06D810M,matteottiamalia,Lilla Zamorani,napoleonebenedetti@alice.it,336,-37.423424,153.94968
B-,1277,Lopez LLC,2024-05-03,"8789 Stephanie Divide Apt. 342, New Jon, OR 11138",568-43-9197,jefferyoneal,Jeffrey Cruz,hooperfrank@yahoo.com,420,36.8151735,122.274929
A-,2010,Novais,2024-08-27,"Passarela Maria Helena Monteiro, 45, Vila Santa Monica 1ª Seção, 34891398 Sousa / RN",28139506451,ana-carolinafonseca,Laís Souza,rcamargo@uol.com.br,534,-52.7914465,85.800907
O+,698,Giannone SPA,2022-07-17,"Strada Parpinel, 7, 37062, Dossobuono (VR)",GNGMNL97A42D548H,daniele54,Ruggiero Bignardi,lodovicoroero@live.com,91,,
A+,1230,Dixon Inc,2024-10-30,"700 Tran Branch Apt. 028, Melissahaven, TN 93049",095-07-4291,gordonmary,Eugene Bauer,jamie57@gmail.com,234,49.0854645,64.969774
AB+,1002,Hicks-Osborne,2019-02-18,"971 Case Tunnel, North Justin, AK 68609",003-91-4810,smithkelsey,Laura Duran,wendy45@yahoo.com,417,6.0984755,-10.458314
O+,1134,"Druso, Callegaro e Cundari e figli",2020-09-03,"Rotonda Elvira, 4, 06016, Selci (PG)",DLLGSN26B66I318Q,vsalata,Raimondo Maglio,omercantini@libero.it,314,35.512659,-71.213366
B-,2141,Barbosa,2024-01-18,"Rua Vasconcelos, 48, Santa Cruz, 54421-125 Silva / SE",61738254062,dguerra,Sr. Isaque Cassiano,antonysousa@yahoo.com.br,305,-35.4077035,148.152661
O+,1361,Hornig GmbH,2022-06-01,"Marten-Kaul-Gasse 567, 44796 Riesa",712-01-6420,ktschentscher,Univ.Prof. Raisa Jockel B.Eng.,heydrichjuliane@gmail.com,200,-5.7773735,10.688674
AB-,1469,株式会社山本食品,2019-08-22,山梨県横浜市都筑区上野桜木37丁目12番10号,167-16-3357,itoyumiko,岡本 あすか,satojun@yahoo.com,403,15.5109805,144.993289
B+,1452,Liebelt KGaA,2021-05-28,"Randolf-Kaul-Straße 7/1, 44885 Siegen",952-60-2464,bhornig,Horst-Günter Wende MBA.,haasebrit@yahoo.de,83,-22.1363935,-101.087937
O+,326,Hänel GbR,2022-09-22,"Sagerstr. 1181, 37969 Bautzen",126-77-4930,annelorezirme,Simon Schinke,stadelmannbabette@yahoo.de,378,-76.1471355,-55.664406
A-,582,auch Schlauchin,2019-05-31,,939-91-7271,jadwiga27,Ing. Reiner Kaul,rgirschner@web.de,521,-89.2163525,-154.894254
O+,951,Vittadello-Burcardo SPA,2020-07-21,,PNELRT94B21C200U,giulianabrunello,Goffredo Gioberti,tpugliese@libero.it,255,61.1148225,-165.465147
AB+,2146,有限会社加藤情報,2020-10-26,秋田県我孫子市西小来川34丁目16番14号,847-66-1671,mai35,井上 拓真,tanakakana@gmail.com,593,8.223322,-127.722669
A-,351,Rodriguez-Harris,2022-02-05,,219-63-9521,michelleparks,Mrs. Caitlyn Long,allen68@yahoo.com,200,23.9488695,114.38013
O-,895,Lopez PLC,2019-04-19,"PSC 4317, Box 6123, APO AA 01955",881-66-6346,debra22,Keith Brown,william91@yahoo.com,216,10.806566,174.944968
O-,907,Marini Group,2020-08-17,"Borgo Vanessa, 56, 82017, Pannarano (BN)",PCLMRN01P47F565B,ornellacalarco,Giuseppina Palumbo-Filzi,corrersergius@yahoo.com,80,22.918475,-162.556547
A-,1165,Necci Group,2024-09-26,"Stretto Tomei, 60 Appartamento 2, 32027, Taibon Agordino (BL)",FRRMRN75L26C449U,gozzanoronaldo,Romina Basso,wcherubini@libero.it,341,-47.0871095,-84.763113
O+,1843,Albuquerque e Filhos,2024-03-23,"Residencial Pastor, 94, Marmiteiros, 37737214 Almeida / MS",09865714310,antonygoncalves,Maria Julia Cassiano,gael-henrique15@yahoo.com.br,668,-71.3971505,55.216182
O+,1020,Bossi e figli,2019-08-30,,GCCLNI84H13B204U,fernanda22,Vincenza Accardo,vbusoni@gmail.com,115,-45.0597505,147.375278
A+,1509,Wilkinson-Wong,2020-07-23,"79444 Daniel Squares, New Maria, WV 69407",438-83-2472,joshua23,Angela Lewis,hobbstimothy@hotmail.com,69,-75.5762115,60.968032
B+,706,Albuquerque,2021-02-27,"Residencial Almeida, 6, Santa Cruz, 05362959 Nascimento da Mata / TO",12895063702,catarina40,Dr. Luiz Fernando Novaes,uribeiro@yahoo.com.br,714,-1.112124,-52.643399
O-,1500,Papafava s.r.l.,2024-02-17,"Stretto Pina, 37 Appartamento 5, 73024, Morigino (LE)",CHNCLD72T43D575R,ucastelli,Ilaria Missoni,parutaciro@tele2.it,219,-14.327863,-119.495816
B+,1028,有限会社小川情報,2023-06-06,岩手県府中市平河町5丁目13番12号 コート土呂部085,724-15-4814,momoko75,佐藤 直人,hasegawahanako@hotmail.com,350,-20.6930555,-113.846247
A+,627,Dehmel Adolph AG,2025-05-19,,125-75-9256,xadolph,Elfie Scholtz,vwerner@web.de,405,33.939081,-43.099029
B-,1427,"Diaz, Hernandez and Norris",2019-11-13,"PSC 7029, Box 7061, APO AP 00686",492-44-8396,qknight,Casey Robinson,leblancjohn@yahoo.com,387,-34.2971205,165.655246
AB+,1899,Jesus da Mata - EI,2023-11-19,,42563789010,mariaporto,Leandro da Paz,heitorvargas@hotmail.com,734,53.437692,-85.445279
B-,397,高橋印刷株式会社,2025-08-12,,650-45-2335,gotominoru,阿部 結衣,zyamashita@hotmail.com,98,-48.838403,-47.516186
AB-,1755,岡本情報有限会社,2022-08-26,沖縄県江戸川区無栗屋22丁目7番20号 クレスト丹勢844,364-91-3171,mfujii,遠藤 翔太,hanako76@hotmail.com,174,87.525179,-178.856115
B-,1416,Dellucci Group,2025-08-21,"Rotonda Victoria, 4 Appartamento 42, 20054, Segrate (MI)",RDEGNT92B48H794X,angelina86,Viridiana Pavone,zariosto@tin.it,498,38.99976,-90.391255
AB-,935,青木鉱業株式会社,2018-12-02,和歌山県山武郡九十九里町日比谷公園5丁目19番7号 クレスト土沢854,781-34-3654,ykobayashi,石井 陽子,kyosukeyamaguchi@yahoo.com,529,-55.5696515,-76.700181
O+,724,伊藤情報株式会社,2023-04-21,,451-41-4276,skato,佐藤 裕太,tsubasa48@yahoo.com,21,61.481327,67.820616
A-,1240,"Marsili, Renault e Ruggeri Group",2024-10-27,"Rotonda Sorrentino, 79 Piano 6, 32012, Dozza Di Zoldo (BL)",FRSGLM40C26C657E,castioniguido,Giada Saragat,robertotarchetti@tin.it,713,-72.616066,-70.399591
A-,867,Pereira Ltda.,2020-10-06,,20834196778,jesusnathan,Allana da Cruz,levi27@bol.com.br,596,-34.5641515,148.10896
AB-,1676,Junk,2024-05-08,"Anka-Dowerg-Ring 38/83, 73566 Pegnitz",984-58-3361,annyseifert,Frida Rogner-Berger,zfinke@googlemail.com,409,33.882929,-175.406069
A-,1406,佐藤印刷株式会社,2021-04-17,三重県山武郡横芝光町千塚2丁目26番7号 シャルム平河町686,301-52-2955,yamamotoyasuhiro,中川 明美,hyamaguchi@hotmail.com,683,-30.781898,-18.424978
O-,151,Lindau GmbH & Co. KG,2022-04-29,"Gotthardgasse 3221, 19220 Bitterfeld",245-87-0479,junitzsandra,Tilo Stahr,ditschlerinheinz-joachim@hotmail.de,6,43.3054755,130.460794
A-,404,斎藤建設株式会社,2021-10-20,鳥取県新島村脚折3丁目1番20号,326-49-0228,katoyui,西村 浩,hasegawataro@gmail.com,689,-13.010814,33.984854
AB-,1162,Kramer KG,2025-06-05,"Urte-Röhricht-Ring 8212, 79048 Marienberg",504-97-7331,reimundgrein-groth,Univ.Prof. Hajo Hövel,hanny69@googlemail.com,657,-23.502548,-155.103218
AB+,1317,Putz,2023-02-01,"Werneckegasse 4-3, 00810 Bitterfeld",225-83-8188,karl-dieter22,Herbert Rust,giuseppe08@aol.de,569,-71.4578625,52.815627
B+,1684,Dias Ltda.,2019-04-02,"Loteamento Teixeira, 7, Coqueiros, 28071-800 Lima do Sul / RS",32708695177,sabrina70,Bernardo Silveira,gfonseca@uol.com.br,623,-29.8935925,74.075259
O+,302,有限会社阿部電気,2019-10-15,福島県三鷹市六番町28丁目1番7号 コーポ東三島822,748-15-8950,xishii,前田 学,iyamazaki@yahoo.com,171,23.327294,174.48005
AB-,1135,Dias S.A.,2023-04-30,"Chácara Souza, 39, Tiradentes, 70981046 Oliveira / PA",16342980713,matteopeixoto,Maria Isis Nascimento,danielasampaio@gmail.com,216,-85.8827375,82.605506
B-,1007,合同会社石川電気,2021-10-12,福井県墨田区秋葉原29丁目6番4号 パーク上野公園042,415-96-9251,yoichisaito,渡辺 舞,shotamatsumoto@gmail.com,264,61.060532,132.463122
A-,1032,合同会社松本印刷,2021-05-03,新潟県横浜市港北区轟38丁目12番12号 シティ柿木沢394,476-81-0561,watanabemiki,山下 花子,akemitakahashi@yahoo.com,537,72.8511525,118.736788
O-,1919,Nascimento Araújo e Filhos,2024-03-01,"Travessa de Barros, 977, Cruzeiro, 77086450 Pastor / PE",72415936006,ada-mota,Ravy Freitas,luiz-miguel46@gmail.com,4,27.632508,104.24843
B+,1826,Schönland GbR,2019-05-09,"Annelore-Stroh-Gasse 4/4, 80535 Aue",022-31-7418,wilmseneugenie,Rudolph Noack,rschuchhardt@yahoo.de,151,-62.74791,-138.005658
AB+,322,Ehlert Mälzer GmbH & Co. KG,2023-12-22,"Alicia-Mosemann-Straße 48, 45589 Hohenmölsen",668-79-2094,girschnerannemie,Albert Stumpf,margit93@gmail.com,608,54.706765,-56.589672
AB+,366,Baum Schleich GbR,2022-04-22,,663-88-5061,stefanieliebelt,Nikolas Speer,schachtmuharrem@hotmail.de,128,,
O-,763,Natta-Tomasetti Group,2025-07-04,"Stretto Fagotto, 41, 34138, Trieste (TS)",BTTTTN05A41D966F,fulviofogazzaro,Marta Iannuzzi,lucianodonini@tin.it,396,15.74988,151.954674
B-,1505,Jüttner AG & Co. OHG,2023-01-28,"Hilmar-Juncken-Straße 4, 58062 Bitterfeld",302-55-6641,elsbeth64,Betty Beyer,hedwig49@web.de,38,,
A+,1534,Montecchi-Tassoni e figli,2021-03-31,"Canale Durante, 41, 00017, Nerola (RM)",MNCFLR63P28B722Z,bignamiaugusto,Sig. Raffaello Scalera,jmazzi@hotmail.it,145,8.8120415,-86.574012
A+,1208,"Moccia, Filangieri e Santi Group",2022-10-13,,TTNMSM62T69C152D,leonardo84,Caterina Iacovelli,babatofilippa@virgilio.it,480,-10.9276985,52.283059
AB+,1659,Souza Brito e Filhos,2019-06-07,"Quadra Andrade, 5, Caetano Furquim, 70666-421 da Rosa da Praia / PI",07451628949,ooliveira,Matheus Melo,da-rochalavinia@ig.com.br,592,71.933187,167.270075
AB+,1364,Heinz Wähner AG,2019-03-06,"Monica-Hertrampf-Weg 0, 13748 Hainichen",042-39-0855,whiller,Saban Boucsein,nikolasschacht@hotmail.de,170,-32.6064325,11.501654
A+,1689,Macedo S.A.,2024-12-16,"Praia de Caldeira, 44, Vila Da Ária, 96882784 Dias / AL",75681940357,esterda-rosa,Zoe Costela,xmartins@bol.com.br,426,78.0466585,-99.427235
B-,74,"Viola, Trevisan e Pisano Group",2020-09-23,,BRRTTN10S15F249C,tonino11,Maria Biagiotti,romanaavogadro@outlook.com,313,-34.599041,56.764531
O-,939,Morosini-Romiti e figli,2023-04-30,"Vicolo Mauro, 50, 28851, Cuzzego (VB)",MRGPLN87R16L792S,ubaldogramsci,Giulia Sordi-Botta,sagesealessandra@fastwebnet.it,13,29.1462885,84.694849
O-,127,"Grifeo, Nicolucci e Gianvecchio s.r.l.",2021-09-19,"Vicolo Fagiani, 5, 67052, Balsorano (AQ)",TNNNDD27D03G811S,merisivalentina,Etta Boiardo,dtrupiano@gmail.com,323,-86.963751,167.98135
B+,1735,株式会社井上電気,2019-12-05,島根県府中市権現堂22丁目18番13号 太田ヶ谷パーク937,066-68-5379,fujiwarayoko,田中 晃,atsushisaito@hotmail.com,127,8.3854245,42.952742
AB-,1329,Morgan Ltd,2023-10-30,"18976 Malone Square, Paulshire, NY 53451",642-18-6060,pwatts,Brittney Smith,john48@hotmail.com,163,25.4438495,66.360173
AB-,2151,Herman-James,2024-07-16,"6568 Jennifer Camp Suite 158, Harrisonmouth, AZ 70509",124-76-8595,jacksonjohn,Robert Griffin,cdurham@hotmail.com,688,16.603464,-108.420418
AB+,804,Bachmann,2021-11-23,"Marius-Hein-Ring 61/58, 17491 Eckernförde",222-64-5945,jacek99,Istvan Martin B.A.,brit96@hotmail.de,452,53.5927785,143.432826
B-,698,"Phelps, Mcdonald and Hammond",2022-04-13,"84621 Nicole Brook, Loristad, MI 53348",284-37-2309,ashley76,Benjamin Mitchell,paula98@yahoo.com,423,-11.203327,-90.399622
AB-,134,青木銀行株式会社,2022-03-20,高知県長生郡長柄町津久戸町29丁目18番16号 方京パレス730,052-37-3041,nakamuraharuka,伊藤 春香,mai49@gmail.com,357,40.776245,109.595692
A+,735,Moreira Castro S/A,2022-06-22,,53984706120,nunesluigi,Sr. Samuel Farias,ana-ceciliapires@ig.com.br,183,-12.2203985,-135.430538
AB-,542,Moraes Fernandes Ltda.,2025-03-04,,87619054375,icastro,Juan Martins,ferreiraleonardo@yahoo.com.br,215,23.4800175,155.492004
O+,904,Tagliafierro-Pergolesi Group,2023-12-10,"Rotonda Giorgio, 60, 20094, Corsico (MI)",CRELLL81B10L478V,piergiorgio46,Sonia Ferretti-Botticelli,gustavoeco@tin.it,640,-10.909442,20.372356
O-,1244,有限会社近藤通信,2019-07-28,広島県小笠原村勝どき15丁目3番3号 一ツ橋シティ064,674-44-9336,satohanako,藤田 浩,matsumotochiyo@hotmail.com,236,32.203778,4.850002
O+,2152,Wernecke AG,2023-07-29,,831-52-4422,steventroest,Dipl.-Ing. Anneke Finke B.A.,ckruschwitz@gmail.com,410,-42.8706005,17.815697
O-,287,Carpenter-Holmes,2025-02-06,"Unit 5615 Box 7619, DPO AE 03362",731-87-5683,jennybowers,Joseph Bailey,marissa71@gmail.com,231,28.4928595,158.710927
B-,1413,"Ellis, Wilson and White",2025-09-10,"692 Eugene Brooks Suite 268, East Becky, RI 57503",044-93-7860,sshaw,David Moon,beanandrew@gmail.com,16,33.7112925,57.646998
B+,2132,合同会社中川通信,2022-10-11,福島県長生郡一宮町神明内21丁目4番15号,772-01-9625,mituru92,山田 翼,tsubasa93@gmail.com,265,-0.471789,145.187995
O+,436,Fonseca - ME,2024-11-06,"Setor Theo Martins, 4, Concórdia, 19211665 Peixoto do Campo / PR",34590628783,caroline66,Francisco Barros,vieiramaria-eduarda@bol.com.br,86,83.5716515,-49.274793
O+,517,Price PLC,2024-10-22,"06531 Torres Islands Apt. 924, Cindyborough, MA 99468",670-30-3682,heathtracy,Karen Brown,robert58@gmail.com,102,33.0786185,45.38896
AB+,763,Adams Inc,2020-01-30,"1433 John Manors, Hernandezville, FM 99119",115-53-6274,terri88,Glenda Jones,ghernandez@gmail.com,667,15.3650115,19.442696
AB-,1180,鈴木印刷合同会社,2018-12-08,山口県御蔵島村脚折27丁目8番4号 コート東浅草942,072-66-7689,yoko86,佐藤 香織,fujiwarakana@yahoo.com,701,8.5654295,-141.163212
AB-,853,Solari-Depero Group,2024-01-23,"Piazza Vianello, 38 Piano 6, 87067, Amica (CS)",GNSNTL89L69G457S,augustovitturi,Stefani Bixio,achille78@tin.it,537,-37.415515,50.340374
A-,700,Mcdaniel Inc,2025-05-26,"630 Christopher Streets, Millershire, MI 12887",819-66-5805,wwilliams,Nancy Brown,michael75@yahoo.com,737,-75.543984,-116.411268
O-,284,Johann GmbH,2022-03-08,"Ebertweg 3-9, 47412 Beeskow",509-64-5559,energer,Rosl Hering,nrosemann@gmail.com,77,-19.931886,-113.323718
O-,970,Wieloch GmbH & Co. OHG,2020-12-07,"Pärtzeltplatz 990, 57760 Schwäbisch Gmünd",617-08-9623,corneliakrein,Siegrun Tröst,larahornig@web.de,578,32.54372,67.629142
O+,518,Andrade,2022-06-22,"Morro de da Mota, 57, Jardim Leblon, 56760791 da Conceição / RJ",42068317931,vmartins,Melina Barbosa,barbarafogaca@yahoo.com.br,27,-70.5925615,-105.517608
O-,1108,Dias Ferreira S.A.,2024-05-01,"Chácara de Cirino, 12, Vila Do Pombal, 84810-557 Siqueira / RR",92064731580,arthur-gabriel38,Kamilly Ferreira,piresfrancisco@hotmail.com,699,,
O-,1892,Johnson-Beard,2019-08-28,"581 Bennett Trail, Janetberg, NY 44744",002-89-4894,troyfisher,Tara Warren,kathy54@hotmail.com,241,-69.9976265,-162.330603
O+,1883,林運輸合同会社,2022-03-11,栃木県新島村戸島20丁目16番15号 竜泉ハイツ394,052-76-4914,hanako24,松本 裕美子,kaori87@gmail.com,704,29.225479,44.268467
A-,1692,Coardi e figli,2023-07-24,"Incrocio Guarino, 54 Piano 0, 11018, Villeneuve (AO)",FTTMTT76A60E910T,sonia72,Sig. Sandro Gottardi,collodilina@libero.it,607,-34.518251,86.979522
B+,431,Rios,2024-03-25,,40158927630,diogovieira,Alexandre Rodrigues,antony24@uol.com.br,616,58.06914,-59.19069
B-,1977,"Bergoglio, Venier e Tarchetti e figli",2021-01-22,"Borgo Roth, 10, 06126, Perugia (PG)",LCRDLS28H17D924S,onistofedele,Loretta Piovani,costanzopavanello@hotmail.com,11,36.671716,-128.814996
A-,97,Versace-Giannetti SPA,2023-04-22,"Vicolo Arturo, 844, 56022, Orentano (PI)",VTTCML36A48L700K,boagaconcetta,Beatrice Tacchini,ybulzoni@live.com,466,-21.998609,173.562188
AB-,2116,Johann Häring GmbH & Co. KGaA,2021-04-08,"Alexandra-Heuser-Gasse 5-8, 23244 Ingolstadt",440-41-2853,bluemelreza,Denny Kade,grein-grothkatherina@aol.de,486,-37.8669245,-15.271141
A+,61,Mack-Thompson,2024-05-14,"9429 Brown Place Suite 294, Craigview, VT 49518",654-25-3992,brooke11,Denise Evans,gillespiemarc@gmail.com,642,-22.959591,-169.176869
O+,674,Mendes e Filhos,2019-04-26,"Esplanada Luana Pinto, 54, Vila Ecológica, 63753-184 Monteiro de Minas / RR",91653478209,aylla97,Enzo Oliveira,odas-neves@bol.com.br,388,13.41015,55.172213
O+,2027,Stiffel AG,2021-10-10,,326-46-4876,klaus-guenterroht,Mirjam Mälzer,ignaz38@aol.de,686,-3.729472,-20.221323
A-,993,Carter PLC,2019-07-22,"USS Murphy, FPO AA 81962",492-50-5212,deborahwalker,Cynthia Edwards,dpaul@gmail.com,245,70.447675,-155.156314
B+,1154,Dias,2021-08-23,"Residencial Mendes, 83, Vila Nossa Senhora Do Rosário, 68064780 da Conceição / AC",40389651710,murilo21,Sophie Correia,liviamendes@hotmail.com,157,,
O-,1357,山本情報合同会社,2020-10-21,大阪府港区大中41丁目5番11号 中宮祠コーポ508,150-89-8223,asukatakahashi,近藤 洋介,yumikonakamura@yahoo.com,15,69.9053545,45.757478
B+,1805,Pastor Ltda.,2020-11-12,,82315709423,luigicostela,Eduarda Pacheco,wcosta@uol.com.br,23,-18.666432,-142.345662
B+,1774,Karz GmbH,2022-11-26,"Reni-Hornich-Weg 25/90, 00523 Gifhorn",157-76-1636,swen83,Hans-Rudolf Klemt-Gröttner,caterinasteckel@googlemail.com,25,-68.0557845,-142.755207
B-,1795,井上水産株式会社,2024-02-08,滋賀県利島村中小来川26丁目4番4号 シティ平須賀853,777-36-4042,dishikawa,中村 康弘,byamamoto@yahoo.com,456,-15.0575805,-173.270736
O+,15,合同会社佐藤水産,2022-03-05,山形県青ヶ島村油井8丁目4番9号,395-31-8158,yoko64,池田 美加子,iyamashita@hotmail.com,312,-45.1528895,-131.849822
O+,815,"Cabrini, Mercantini e Mennea e figli",2023-10-13,"Canale Benedetto, 83, 20122, Milano (MI)",GBLLND65M52L202T,bmoneta,Elladio Ferrara,tpietrangeli@tim.it,356,67.5125575,84.805224
B-,1601,"Humphrey, Huerta and Schmitt",2022-10-19,"2779 Cole Row Apt. 709, Beckychester, FM 30558",060-46-2510,mckenzieluis,Jennifer Dunn MD,williamsmatthew@hotmail.com,140,-85.102292,11.445974
O+,979,"Grassi, Mozart e Franscini s.r.l.",2024-08-12,"Strada Zamengo, 96, 02018, Poggio Bustone (RI)",CRSRMN34E45B742Q,coccimarcantonio,Patrizia Tron-Chinnici,lorenzomartucci@gmail.com,62,67.437551,56.168107
AB+,2143,Lindner GmbH,2022-01-22,"Oderwaldstr. 2/9, 33566 Ravensburg",305-54-2374,franco38,Ryszard Krein,elkepaffrath@gmx.de,192,-3.6535075,-69.663673
B+,2051,中村銀行株式会社,2020-10-22,鹿児島県羽村市松石5丁目27番8号,516-86-6245,yukisuzuki,山田 智也,satomi74@yahoo.com,669,38.466191,-71.250584
AB-,531,Zobel,2023-12-03,"Heinz-Werner-Radisch-Platz 7/9, 48234 Altötting",641-50-2436,jelenatschentscher,Herr Harry Budig,irmtrud58@gmx.de,134,4.945922,-12.853355
AB-,1566,遠藤農林合同会社,2021-06-24,岐阜県立川市脚折町1丁目25番19号 西神田パーク841,335-91-4153,nabe,清水 太郎,nanami18@gmail.com,743,-75.0621205,-29.408569
AB-,1252,da Luz,2023-10-29,"Viaduto Maria Vitória Lima, 84, Bandeirantes, 28097-740 da Paz do Galho / AL",37048512644,luigipires,Dr. Kaique Santos,joao-guilhermeda-rosa@ig.com.br,498,70.977875,-10.498455
O+,1141,Mortati s.r.l.,2022-03-15,"Contrada Raffaello, 147, 35135, Padova (PD)",PLZSMT70E20E122C,sandro46,Nedda Mercantini,martinofuseli@poste.it,25,,
B+,375,Linke Renner GmbH,2020-06-02,"Augustin-Ullmann-Gasse 8-3, 45671 Finsterwalde",253-28-8370,jkeudel,Francisco Hornich B.Sc.,ismail12@aol.de,276,8.122327,-97.419644
O-,1986,"Salvemini, Nicoletti e Tomasini Group",2023-12-25,"Contrada Petrucelli, 95 Appartamento 40, 50129, Firenze (FI)",BBBMNC73T04A124L,bandelloriccardo,Giuliana Angiolello,querinibettina@vodafone.it,42,21.0802055,-166.904201
AB+,207,"Mathews, Thompson and Wilkins",2018-09-28,,608-95-2928,steelepatricia,Joseph Cole,jennifer36@hotmail.com,85,-43.6882495,-112.492167
AB-,1361,Cardoso Oliveira e Filhos,2021-10-27,,34670519875,silveiraolivia,Isabelly Garcia,anna-liz91@uol.com.br,427,68.9914405,137.700145
O+,1753,"Taylor, Doyle and Brown",2019-05-29,"929 Ann Lakes Apt. 523, Port Angela, NC 05274",127-09-5787,gmaxwell,Samantha Morgan,murillovictor@yahoo.com,664,57.4288185,90.69228
A+,750,Moura,2021-05-13,"Loteamento Bernardo Cassiano, 12, Jaraguá, 91633219 Siqueira de Minas / RR",37958016212,vianacecilia,João Costela,duartegabriela@bol.com.br,571,74.279401,175.484323
A-,636,合同会社岡田ガス,2018-11-19,高知県西多摩郡奥多摩町百村5丁目17番13号 パーク入谷649,145-15-6766,naotoyamamoto,岡田 くみ子,tarowatanabe@hotmail.com,686,17.2549425,121.859874
B-,1427,Faugno-Schiavone s.r.l.,2024-08-26,"Vicolo Roth, 899, 40126, Bologna (BO)",SRFGNT99A47A347L,uantonelli,Eva Fittipaldi,goffredo76@virgilio.it,183,,
AB-,985,"Rismondo, Lovato e Camicione Group",2024-02-11,"Piazza Fantozzi, 818 Appartamento 90, 98066, Mongiove (ME)",BBTGRN07A47H265Z,yguarato,Giancarlo Verdone,trossellini@live.com,547,44.8976455,-136.440245
A+,983,Carter-Taylor,2019-09-18,"870 Daniel Lodge Suite 656, Anthonyfort, GA 25104",812-33-5813,toddjohnston,Marilyn Walsh,bakerveronica@hotmail.com,179,-88.4267365,88.945793
AB+,690,Flaiano Group,2023-01-13,"Strada Casini, 17 Appartamento 11, 55064, Pascoso (LU)",FLGDLN89S45D685Z,sandro83,Simonetta Foletti-Deledda,sabatiniedoardo@gmail.com,724,26.9203445,-31.621188
AB+,2005,"Thompson, Fritz and Ochoa",2025-08-11,"80943 Jerome Rapids Apt. 096, Taylormouth, MA 91820",254-38-2393,yesenia83,Kurt Crane,lpalmer@hotmail.com,348,-52.702617,97.370153
AB-,1772,Muratori-Pausini SPA,2021-12-09,"Contrada Nicola, 75 Piano 8, 38013, Tret (TN)",MRZGSN02M57D932I,barbara37,Daria Nievo,santino11@vodafone.it,700,-17.776548,79.148668
